datetime,temp,tempmax,tempmin,feelslike,feelslikemax,feelslikemin,humidity,dew,precip,precipprob,windspeed,pressure,cloudcover,solarenergy,uvindex,daily_change_temp,monthly_change_temp,annual_change_temp,temp_volatility,record_high,record_low
2025-01-01,7.5,12.3,3.5,7.4,12.3,3.5,81.7,4.4,3.68,100.0,8.5,1028.5,26.1,11.0,6.0,,,,,7.5,7.5
2025-01-02,7.8,12.8,3.5,7.4,12.8,3.5,73.4,3.0,0.0,0.0,11.7,1029.4,19.1,12.5,6.0,0.2999999999999998,,,0.2121320343559638,7.8,7.5
2025-01-03,8.2,13.7,4.0,7.7,13.7,3.2,57.8,0.1,0.0,0.0,12.8,1026.7,4.6,12.9,6.0,0.39999999999999947,,,0.35118845842842406,8.2,7.5
2025-01-04,8.6,13.6,3.6,8.3,13.6,2.4,55.1,-0.1,0.0,0.0,12.6,1022.6,21.9,10.3,5.0,0.40000000000000036,,,0.4787135538781686,8.6,7.5
2025-01-05,11.5,16.1,7.5,11.2,16.1,4.6,46.7,0.2,1.085,100.0,16.8,1015.7,38.6,11.9,6.0,2.9000000000000004,,,1.608415369237685,11.5,7.5
2025-01-06,10.9,14.4,7.8,10.8,14.4,6.5,61.0,3.4,0.0,0.0,16.5,1018.9,26.8,12.1,6.0,-0.5999999999999996,,,1.6916461410905845,11.5,7.5
2025-01-07,8.9,14.1,4.4,8.7,14.1,4.4,63.4,1.9,0.0,0.0,12.5,1026.3,2.2,13.2,6.0,-2.0,,,1.5458084646953545,11.5,7.5
2025-01-08,9.5,14.3,5.3,9.0,14.3,3.6,57.3,1.3,0.0,0.0,14.9,1026.1,7.7,13.2,6.0,0.5999999999999996,,,1.3866712454136858,11.5,7.5
2025-01-09,10.9,16.5,5.5,10.2,16.5,4.2,50.1,0.6,0.0,0.0,20.4,1021.9,26.0,13.2,6.0,1.4000000000000004,,,1.3043881981329677,11.5,7.5
2025-01-10,11.0,15.5,7.1,10.2,15.5,5.0,55.6,2.3,0.434,100.0,21.5,1017.6,15.8,13.2,6.0,0.09999999999999964,,,1.1582005747833874,11.5,7.5
2025-01-11,10.4,13.8,7.1,9.7,13.8,5.1,77.2,6.5,2.605,100.0,18.8,1019.0,52.8,10.7,5.0,-0.5999999999999996,,,0.9235026490796546,11.5,7.5
2025-01-12,10.7,15.3,6.7,10.4,15.3,5.1,82.8,7.8,0.109,0.0,11.5,1023.8,37.7,10.1,5.0,0.29999999999999893,,,0.8138678961483548,11.5,7.5
2025-01-13,11.0,16.5,5.8,11.0,16.5,5.8,66.1,4.4,0.0,0.0,15.0,1025.3,3.1,13.1,6.0,0.3000000000000007,,,0.8263517065131164,11.5,7.5
2025-01-14,11.8,17.1,7.5,11.6,17.1,6.5,50.2,1.6,0.0,0.0,18.0,1023.3,14.2,13.7,6.0,0.8000000000000007,,,0.6996597812678718,11.8,7.5
2025-01-15,12.3,18.5,6.6,12.3,18.5,6.6,50.9,2.1,0.0,0.0,13.2,1020.7,35.2,13.8,6.0,0.5,,,0.6604471789556465,12.3,7.5
2025-01-16,12.5,18.3,8.3,12.5,18.3,8.3,59.1,4.4,0.0,0.0,12.3,1024.5,22.3,10.7,5.0,0.1999999999999993,,,0.8153293228885491,12.5,7.5
2025-01-17,11.3,15.3,7.9,11.1,15.3,7.9,69.6,5.8,0.0,0.0,13.3,1025.4,47.3,9.2,4.0,-1.1999999999999993,,,0.7994045402970977,12.5,7.5
2025-01-18,10.3,16.3,4.9,10.0,16.3,4.9,65.8,3.7,0.0,0.0,17.5,1022.7,8.8,13.2,6.0,-1.0,,,0.8214389233302132,12.5,7.5
2025-01-19,10.1,15.8,5.6,9.4,15.8,4.3,72.6,5.2,0.0,0.0,13.9,1020.8,18.9,12.8,6.0,-0.20000000000000107,,,0.9322272357358018,12.5,7.5
2025-01-20,10.2,14.9,5.6,9.4,14.9,3.0,75.4,5.9,0.0,0.0,17.9,1020.8,25.4,9.9,5.0,0.09999999999999964,,,1.023765226062711,12.5,7.5
2025-01-21,10.6,16.2,4.4,10.3,16.2,4.4,59.8,2.3,0.0,0.0,18.1,1024.2,21.5,13.5,6.0,0.40000000000000036,,,1.0097147168996823,12.5,7.5
2025-01-22,10.9,14.4,8.7,10.4,14.4,6.2,44.1,-1.0,0.0,0.0,17.0,1022.1,54.3,7.9,4.0,0.3000000000000007,,,0.8443086774735519,12.5,7.5
2025-01-23,10.2,14.3,6.6,9.9,14.3,6.6,70.1,4.8,1.008,100.0,13.2,1021.9,43.4,10.0,4.0,-0.7000000000000011,,,0.44507891221134294,12.5,7.5
2025-01-24,9.5,12.8,6.3,9.3,12.8,6.3,79.5,6.0,0.274,100.0,12.8,1022.7,55.3,9.7,4.0,-0.6999999999999993,,,0.43534332373863543,12.5,7.5
2025-01-25,10.3,16.9,4.7,10.2,16.9,4.7,70.4,4.6,0.0,0.0,7.6,1021.7,34.0,11.3,5.0,0.8000000000000007,,,0.43534332373863543,12.5,7.5
2025-01-26,11.4,16.8,6.8,11.3,16.8,6.4,55.3,2.2,0.0,0.0,13.9,1020.9,25.8,9.1,4.0,1.0999999999999996,,,0.6023762469230814,12.5,7.5
2025-01-27,12.1,16.4,7.0,12.0,16.4,6.1,51.1,2.0,0.0,0.0,15.1,1020.7,24.8,13.8,6.0,0.6999999999999993,,,0.8513294924774434,12.5,7.5
2025-01-28,9.9,15.9,4.0,9.5,15.9,3.2,58.4,1.2,0.0,0.0,17.2,1021.7,16.8,14.2,7.0,-2.1999999999999993,,,0.9063269671749633,12.5,7.5
2025-01-29,11.4,17.5,6.3,11.1,17.5,6.3,48.6,0.7,0.0,0.0,18.6,1024.1,21.3,15.4,7.0,1.5,,,0.9511897312113398,12.5,7.5
2025-01-30,11.7,18.4,5.4,11.6,18.4,5.4,47.1,0.2,0.0,0.0,11.7,1026.2,3.6,15.6,7.0,0.29999999999999893,,,0.9916316520428996,12.5,7.5
2025-01-31,11.1,14.7,7.3,10.9,14.7,7.3,56.2,2.3,0.0,0.0,19.7,1023.5,31.4,12.4,5.0,-0.5999999999999996,3.5999999999999996,,0.7761320457119079,12.5,7.5
2025-02-01,10.7,14.8,6.6,10.2,14.8,5.6,73.7,5.9,0.549,100.0,15.5,1023.6,35.0,13.9,7.0,-0.40000000000000036,2.8999999999999995,,0.7174690967295416,12.5,7.5
2025-02-02,10.7,17.2,4.3,10.6,17.2,4.3,60.7,2.7,0.0,0.0,8.6,1023.6,19.8,15.4,7.0,0.0,2.5,,0.7312741652498762,12.5,7.5
2025-02-03,11.7,17.3,7.2,11.7,17.3,7.2,46.0,0.1,0.0,0.0,12.8,1019.8,31.5,10.2,5.0,1.0,3.0999999999999996,,0.6499084184567472,12.5,7.5
2025-02-04,12.2,18.6,6.8,12.0,18.6,6.8,43.1,-0.5,0.0,0.0,12.3,1016.6,8.1,15.4,7.0,0.5,0.6999999999999993,,0.5593363414414838,12.5,7.5
2025-02-05,9.6,11.9,7.5,8.7,11.9,3.6,82.1,6.7,4.342,100.0,30.7,1012.0,56.4,9.6,4.0,-2.5999999999999996,-1.3000000000000007,,0.8660254037844376,12.5,7.5
2025-02-06,5.7,8.0,3.6,1.4,4.1,-0.3,80.9,2.5,25.936,100.0,41.6,1009.7,72.2,12.0,6.0,-3.8999999999999995,-3.2,,2.1663003353314445,12.5,5.7
2025-02-07,5.4,7.7,3.8,2.6,5.8,0.6,84.5,3.0,3.176,100.0,19.1,1017.8,65.4,8.3,4.0,-0.2999999999999998,-4.1,,2.775916836959324,12.5,5.4
2025-02-08,6.2,10.3,2.9,3.6,10.3,-1.0,66.5,0.3,0.666,100.0,21.9,1020.2,54.7,14.4,6.0,0.7999999999999998,-4.7,,2.948122889471966,12.5,5.4
2025-02-09,6.4,9.1,3.2,5.4,8.6,1.8,72.7,1.8,0.229,0.0,12.4,1019.4,52.5,11.8,6.0,0.20000000000000018,-4.6,,2.930707699353105,12.5,5.4
2025-02-10,7.3,9.5,5.4,5.5,7.6,3.2,83.1,4.6,1.712,100.0,18.3,1018.0,67.6,12.4,5.0,0.8999999999999995,-3.1000000000000005,,2.4858648011353615,12.5,5.4
2025-02-11,7.9,12.3,4.1,7.7,12.3,3.8,77.2,4.0,0.412,100.0,12.2,1019.2,41.0,14.6,6.0,0.6000000000000005,-2.799999999999999,,1.4648256844123861,12.5,5.4
2025-02-12,7.2,10.9,4.3,6.4,10.9,3.0,83.3,4.4,0.534,100.0,15.5,1020.6,39.8,11.4,6.0,-0.7000000000000002,-3.8,,0.911827051270412,12.5,5.4
2025-02-13,7.4,10.8,5.4,5.3,10.8,2.4,80.8,4.2,5.353,100.0,24.6,1021.6,54.7,11.1,5.0,0.20000000000000018,-4.4,,0.8616153157766407,12.5,5.4
2025-02-14,7.6,12.7,4.1,6.6,12.7,1.9,69.7,2.2,0.549,100.0,11.7,1022.5,35.2,15.7,6.0,0.1999999999999993,-4.700000000000001,,0.6214422549122408,12.5,5.4
2025-02-15,10.2,16.2,3.5,10.1,16.2,3.5,50.0,-0.8,0.0,0.0,18.5,1018.0,8.3,17.8,8.0,2.5999999999999996,-2.3000000000000007,,1.1894376422334423,12.5,5.4
2025-02-16,11.0,15.5,7.9,10.7,15.5,6.7,54.0,1.8,0.706,100.0,16.7,1015.4,41.4,14.8,6.0,0.8000000000000007,-0.3000000000000007,,1.556399997552336,12.5,5.4
2025-02-17,10.6,16.7,5.2,10.6,16.7,5.2,67.8,4.3,0.0,0.0,11.3,1018.6,25.0,15.4,7.0,-0.40000000000000036,0.29999999999999893,,1.6731777578977607,12.5,5.4
2025-02-18,11.9,17.8,6.3,11.8,17.8,5.9,55.3,2.4,0.0,0.0,6.7,1019.8,24.6,17.8,8.0,1.3000000000000007,1.8000000000000007,,1.9565518746241353,12.5,5.4
2025-02-19,11.6,15.6,8.6,11.6,15.6,8.4,62.9,4.6,0.0,0.0,14.5,1016.4,42.9,10.4,4.0,-0.3000000000000007,1.4000000000000004,,1.8292595431459335,12.5,5.4
2025-02-20,9.8,11.5,7.0,8.6,11.5,2.6,76.9,5.9,3.918,100.0,29.5,1014.9,55.8,11.9,5.0,-1.799999999999999,-0.7999999999999989,,1.4334440710268068,12.5,5.4
2025-02-21,6.5,9.2,3.4,3.8,6.3,1.3,74.4,2.2,2.118,100.0,22.7,1018.2,55.6,13.3,6.0,-3.3000000000000007,-4.4,,1.802511475427443,12.5,5.4
2025-02-22,3.9,6.2,1.2,2.4,5.3,-0.4,74.6,-0.3,0.163,0.0,18.5,1019.7,62.7,6.1,3.0,-2.6,-6.299999999999999,,2.9965059017208024,12.5,3.9
2025-02-23,2.8,5.4,1.1,0.1,4.4,-3.2,71.0,-2.1,0.466,100.0,20.6,1022.6,60.6,16.0,6.0,-1.1,-6.7,,3.7438203050080316,12.5,2.8
2025-02-24,2.0,5.0,-1.8,0.1,4.0,-2.5,63.9,-4.2,0.0,0.0,18.4,1025.6,51.5,15.5,6.0,-0.7999999999999998,-8.3,,4.192737485110121,12.5,2.0
2025-02-25,3.7,10.1,-1.7,2.3,10.1,-3.8,50.9,-6.3,0.091,0.0,17.2,1025.9,14.0,19.8,8.0,1.7000000000000002,-7.7,,3.6873012456524865,12.5,2.0
2025-02-26,6.3,12.4,0.7,5.4,12.4,-1.9,51.4,-3.6,0.0,0.0,10.8,1023.1,4.3,19.9,8.0,2.5999999999999996,-5.8,,2.6993826454703584,12.5,2.0
2025-02-27,8.0,14.4,2.1,7.9,14.4,2.1,44.6,-4.0,0.0,0.0,9.5,1024.3,6.0,20.1,8.0,1.7000000000000002,-1.9000000000000004,,2.206699755182768,12.5,2.0
2025-02-28,9.4,16.7,2.7,9.3,16.7,1.5,47.6,-2.1,0.0,0.0,16.1,1020.5,1.5,20.3,8.0,1.4000000000000004,-2.0,,2.787386555453638,12.5,2.0
2025-03-01,9.8,14.2,5.3,9.3,14.2,4.6,70.0,4.3,0.137,0.0,18.0,1020.7,37.3,13.7,5.0,0.40000000000000036,-1.8999999999999986,,3.2046840717923986,12.5,2.0
2025-03-02,10.6,17.9,4.0,10.5,17.9,4.0,60.9,2.4,0.0,0.0,8.6,1023.5,18.1,19.4,8.0,0.7999999999999989,-0.5,,3.262120257045792,12.5,2.0
2025-03-03,12.8,19.0,6.9,12.7,19.0,6.3,41.9,-1.0,0.0,0.0,16.3,1016.2,37.7,15.5,6.0,2.200000000000001,2.1000000000000014,,2.9820893921640095,12.8,2.0
2025-03-04,14.0,20.2,8.9,14.0,20.2,8.9,39.9,-0.2,0.0,0.0,15.2,1009.6,33.5,19.1,8.0,1.1999999999999993,3.3000000000000007,,2.6512351119898114,14.0,2.0
2025-03-05,12.6,16.1,9.9,12.6,16.1,8.3,52.1,2.9,0.0,0.0,24.4,1014.5,41.2,15.6,7.0,-1.4000000000000004,0.9000000000000004,,2.1584827122420163,14.0,2.0
2025-03-06,11.5,15.2,7.3,10.8,15.2,5.5,64.3,4.8,0.0,0.0,25.8,1018.7,55.1,13.2,6.0,-1.0999999999999996,-0.6999999999999993,,1.6957931140661973,14.0,2.0
2025-03-07,11.2,12.8,9.7,11.1,12.8,8.5,77.2,7.3,4.615,100.0,18.5,1014.8,72.4,11.5,5.0,-0.3000000000000007,1.5999999999999996,,1.4357675896288449,14.0,2.0
2025-03-08,12.4,18.1,9.2,11.7,18.1,7.0,73.4,7.3,5.717,100.0,21.3,1013.5,45.6,18.1,8.0,1.200000000000001,6.7,,1.1428869043744174,14.0,2.0
2025-03-09,13.0,18.3,7.2,12.7,18.3,6.6,54.4,3.7,0.0,0.0,16.4,1015.5,26.3,19.3,8.0,0.5999999999999996,7.6,,0.9398581453248169,14.0,2.0
2025-03-10,13.0,17.7,8.8,13.0,17.7,8.8,67.0,6.9,0.0,0.0,19.8,1019.2,29.3,18.7,8.0,0.0,6.8,,0.9534398874851477,14.0,2.0
2025-03-11,14.3,21.3,7.7,14.2,21.3,7.1,62.6,6.1,0.0,0.0,8.3,1022.0,7.9,20.7,8.0,1.3000000000000007,7.9,,1.0339475900874728,14.3,2.0
2025-03-12,16.8,23.7,10.3,16.8,23.7,10.3,45.3,3.9,0.0,0.0,15.7,1021.7,0.4,21.7,9.0,2.5,9.5,,1.9050059367486782,16.8,2.0
2025-03-13,18.9,24.8,11.9,18.9,24.8,11.9,39.2,4.4,0.0,0.0,28.3,1019.1,15.2,19.9,8.0,2.099999999999998,10.999999999999998,,2.7072213834571666,18.9,2.0
2025-03-14,20.1,26.4,15.0,20.1,26.4,15.0,41.7,6.3,0.0,0.0,13.2,1018.4,37.3,20.4,8.0,1.2000000000000028,12.900000000000002,,3.108054053584035,20.1,2.0
2025-03-15,21.0,28.1,14.3,20.8,26.9,14.3,41.4,6.5,0.0,0.0,11.3,1019.9,2.9,22.1,9.0,0.8999999999999986,13.6,,3.3673502370629342,21.0,2.0
2025-03-16,21.7,28.4,14.8,21.4,27.0,14.8,32.9,3.7,0.0,0.0,10.7,1019.9,0.0,22.6,9.0,0.6999999999999993,14.1,,3.3673502370629387,21.7,2.0
2025-03-17,21.3,28.2,14.6,21.0,26.9,14.6,31.1,2.7,0.0,0.0,16.0,1016.7,17.7,19.6,8.0,-0.3999999999999986,11.100000000000001,,2.725103755123962,21.7,2.0
2025-03-18,20.6,27.1,15.4,20.5,26.7,15.4,36.2,4.4,0.0,0.0,25.3,1012.2,13.4,21.4,8.0,-0.6999999999999993,9.600000000000001,,1.7018197543191078,21.7,2.0
2025-03-19,14.2,18.3,10.5,14.2,18.3,10.5,63.1,7.0,0.0,0.0,30.1,1014.3,40.0,18.7,8.0,-6.400000000000002,3.5999999999999996,,2.5854906506816397,21.7,2.0
2025-03-20,9.2,11.6,5.0,6.8,11.6,0.9,72.0,4.3,3.664,100.0,38.8,1014.2,62.3,14.1,6.0,-5.0,-2.700000000000001,,4.760952285695257,21.7,2.0
2025-03-21,5.7,8.4,3.9,3.3,6.4,1.0,81.6,2.8,5.269,100.0,19.9,1018.8,67.0,14.6,6.0,-3.499999999999999,-5.8999999999999995,,6.606778625739172,21.7,2.0
2025-03-22,7.9,12.1,3.9,7.5,12.1,3.0,72.0,3.0,0.046,0.0,11.8,1021.8,53.7,12.8,5.0,2.2,-1.9000000000000004,,6.884212442420779,21.7,2.0
2025-03-23,9.6,16.0,3.4,9.5,16.0,3.2,66.3,3.0,0.0,0.0,15.8,1026.4,13.4,22.8,9.0,1.6999999999999993,3.0999999999999996,,6.224911550337392,21.7,2.0
2025-03-24,12.6,20.8,5.7,12.6,20.8,5.7,53.9,2.0,0.0,0.0,10.4,1028.2,5.7,23.4,9.0,3.0,8.7,,4.945368203346106,21.7,2.0
2025-03-25,17.0,24.1,9.7,17.0,24.1,9.7,42.6,3.3,0.0,0.0,8.7,1024.8,23.1,23.2,9.0,4.4,14.2,,3.9074410089079077,21.7,2.0
2025-03-26,19.5,27.0,12.7,19.4,26.6,12.7,39.5,4.3,0.0,0.0,9.0,1018.6,25.1,23.2,9.0,2.5,17.5,,5.013600550122686,21.7,2.0
2025-03-27,22.0,29.5,14.6,21.6,27.8,14.6,30.2,2.5,0.0,0.0,14.1,1013.9,22.1,23.0,9.0,2.5,18.3,,6.174062489078621,22.0,2.0
2025-03-28,23.0,29.8,16.8,22.6,28.0,16.8,26.2,2.0,0.0,0.0,15.6,1010.7,28.0,16.5,6.0,1.0,16.7,,6.004958268757907,23.0,2.0
2025-03-29,16.7,20.3,12.8,16.7,20.3,12.8,68.1,10.5,0.0,0.0,17.8,1010.8,51.8,17.3,7.0,-6.300000000000001,8.7,,4.850773134253981,23.0,2.0
2025-03-30,13.5,17.8,9.9,13.4,17.8,8.7,70.9,7.9,3.256,100.0,22.8,1011.5,52.1,21.7,9.0,-3.1999999999999993,4.1,,3.9777955129515328,23.0,2.0
2025-03-31,16.1,23.9,7.4,16.1,23.9,7.4,44.6,1.5,0.0,0.0,16.0,1014.5,18.1,24.7,9.0,2.6000000000000014,6.300000000000001,,3.399439729748227,23.0,2.0
2025-04-01,21.1,25.9,16.7,21.1,25.9,16.7,38.4,6.2,0.0,0.0,29.0,1010.1,41.5,15.4,8.0,5.0,10.500000000000002,,3.4985030812511875,23.0,2.0
2025-04-02,17.5,21.3,13.2,17.5,21.3,13.2,46.5,5.4,0.0,0.0,26.2,1013.8,15.2,25.0,9.0,-3.6000000000000014,4.699999999999999,,3.517507234229573,23.0,2.0
2025-04-03,15.9,22.5,10.1,15.9,22.5,10.1,42.7,2.7,0.0,0.0,19.7,1016.6,5.3,25.1,9.0,-1.5999999999999996,1.9000000000000004,,3.2692652443776176,23.0,2.0
2025-04-04,14.6,20.7,9.0,14.6,20.7,9.0,55.4,5.3,0.0,0.0,18.8,1014.1,15.8,24.4,9.0,-1.3000000000000007,2.0,,2.426539766436026,23.0,2.0
2025-04-05,14.1,19.6,9.6,13.8,19.6,7.7,62.6,6.4,0.0,0.0,20.6,1013.8,39.9,19.6,8.0,-0.5,2.5999999999999996,,2.5822655243207255,23.0,2.0
2025-04-06,19.4,27.3,10.1,19.3,26.4,10.1,34.8,1.6,0.0,0.0,25.7,1012.5,12.4,22.6,8.0,5.299999999999999,8.2,,2.5494163664501706,23.0,2.0
2025-04-07,21.1,26.2,16.0,21.1,26.2,16.0,33.1,4.0,0.0,0.0,22.6,1013.9,33.0,24.9,9.0,1.7000000000000028,8.700000000000001,,2.939792671666008,23.0,2.0
2025-04-08,23.0,31.0,16.1,22.5,28.9,16.1,29.8,3.4,0.0,0.0,18.5,1014.0,38.4,18.3,8.0,1.8999999999999986,10.0,,3.365935799970646,23.0,2.0
2025-04-09,20.7,24.8,13.3,20.7,24.8,13.3,40.9,6.2,0.0,0.0,27.9,1012.2,31.2,21.2,9.0,-2.3000000000000007,7.699999999999999,,3.509985754956883,23.0,2.0
2025-04-10,12.6,15.9,9.5,12.5,15.9,7.1,60.6,4.9,0.137,0.0,25.1,1015.4,51.6,18.1,7.0,-8.1,-1.700000000000001,,4.077464197968451,23.0,2.0
2025-04-11,11.7,15.9,9.4,10.9,15.9,6.8,58.0,3.4,0.434,100.0,25.8,1013.7,66.3,16.6,6.0,-0.9000000000000004,-5.100000000000001,,4.587457019391256,23.0,2.0
2025-04-12,11.5,16.7,8.4,10.7,16.7,5.5,70.8,6.1,1.709,100.0,28.6,1014.0,62.4,17.6,7.0,-0.1999999999999993,-7.399999999999999,,4.996951451587658,23.0,2.0
2025-04-13,11.3,16.1,6.9,11.3,16.1,6.9,68.3,5.3,0.417,100.0,16.1,1014.9,53.8,19.2,7.0,-0.1999999999999993,-8.8,,5.31489371841953,23.0,2.0
2025-04-14,11.1,15.7,7.5,10.6,15.7,5.1,68.1,5.1,0.274,100.0,24.1,1017.2,50.5,20.2,7.0,-0.20000000000000107,-9.9,,5.048384937402312,23.0,2.0
2025-04-15,12.0,17.2,5.7,11.3,17.2,5.1,58.4,3.2,2.11,100.0,30.0,1018.4,46.0,25.8,10.0,0.9000000000000004,-9.7,,3.43726081418939,23.0,2.0
2025-04-16,14.7,22.5,7.3,14.6,22.5,6.3,44.6,1.6,0.0,0.0,13.1,1021.2,25.1,25.1,9.0,2.6999999999999993,-6.600000000000001,,1.2365466505747302,23.0,2.0
2025-04-17,18.5,25.8,11.2,18.5,25.8,11.2,33.1,0.9,0.0,0.0,14.8,1019.4,0.0,27.0,10.0,3.8000000000000007,-2.1000000000000014,,2.725627931146806,23.0,2.0
2025-04-18,21.4,28.0,14.0,21.1,26.6,14.0,25.7,0.0,0.0,0.0,11.9,1016.1,5.5,27.1,10.0,2.8999999999999986,7.199999999999999,,4.0938397391109325,23.0,2.0
2025-04-19,22.7,30.5,15.5,22.2,28.6,15.5,25.8,1.1,0.0,0.0,18.8,1013.9,2.8,27.2,10.0,1.3000000000000007,13.5,,4.900291536516707,23.0,2.0
2025-04-20,21.1,28.6,13.2,20.8,27.1,13.2,28.1,1.4,0.0,0.0,20.7,1012.8,5.5,27.2,10.0,-1.5999999999999979,15.400000000000002,,4.74547403422714,23.0,2.0
2025-04-21,19.5,26.2,12.0,19.5,26.2,12.0,31.9,1.9,0.0,0.0,19.5,1013.2,18.7,27.6,10.0,-1.6000000000000014,11.6,,3.8832362546623482,23.0,2.0
2025-04-22,24.3,33.1,16.2,23.5,30.7,16.2,24.8,1.6,0.0,0.0,25.1,1013.4,9.7,26.3,9.0,4.800000000000001,14.700000000000001,,3.1317878660751544,24.3,2.0
2025-04-23,25.8,33.4,18.9,25.0,31.0,18.9,23.4,2.5,0.0,0.0,20.1,1012.8,26.2,19.9,8.0,1.5,13.200000000000001,,2.576172872046258,25.8,2.0
2025-04-24,21.9,28.9,18.1,21.8,27.4,18.1,37.4,6.1,0.0,0.0,21.2,1011.5,38.7,18.4,7.0,-3.900000000000002,4.899999999999999,,2.105887438768351,25.8,2.0
2025-04-25,18.3,24.7,13.4,18.3,24.7,13.4,54.0,8.3,0.0,0.0,17.9,1012.5,17.2,24.7,9.0,-3.599999999999998,-1.1999999999999993,,2.612697930529068,25.8,2.0
2025-04-26,16.1,21.5,10.3,16.1,21.5,10.3,61.0,8.0,0.0,0.0,22.4,1013.1,19.7,24.0,9.0,-2.1999999999999993,-5.899999999999999,,3.3739195801520943,25.8,2.0
2025-04-27,17.2,24.8,10.6,17.2,24.8,10.6,55.9,7.2,0.0,0.0,13.6,1014.2,24.7,24.1,9.0,1.0999999999999979,-5.800000000000001,,3.6641766436937506,25.8,2.0
2025-04-28,18.8,26.2,12.2,18.8,26.2,12.2,54.2,8.8,0.0,0.0,18.2,1012.8,17.7,26.3,10.0,1.6000000000000014,2.1000000000000014,,3.7035375624112135,25.8,2.0
2025-04-29,18.1,24.7,12.0,18.1,24.7,12.0,54.4,7.9,0.0,0.0,23.6,1012.9,19.7,26.6,10.0,-0.6999999999999993,4.600000000000001,,3.3210726895875204,25.8,2.0
2025-04-30,23.0,32.4,13.1,22.3,30.1,13.1,30.9,2.6,0.0,0.0,32.7,1010.2,22.8,23.9,9.0,4.899999999999999,6.899999999999999,,2.495901402204035,25.8,2.0
2025-05-01,19.3,23.6,15.9,19.3,23.6,15.9,49.1,7.9,0.054,0.0,25.8,1011.5,39.7,25.7,9.0,-3.6999999999999993,-1.8000000000000007,,2.175184721219974,25.8,2.0
2025-05-02,18.2,23.4,13.7,18.2,23.4,13.7,40.7,4.0,0.0,0.0,20.0,1012.5,19.9,26.6,10.0,-1.1000000000000014,0.6999999999999993,,2.1784660396055133,25.8,2.0
2025-05-03,18.4,25.2,11.8,18.4,25.2,11.8,39.8,3.8,0.0,0.0,24.8,1012.4,13.7,24.8,9.0,0.1999999999999993,2.4999999999999982,,1.8788294228056628,25.8,2.0
2025-05-04,16.9,22.3,12.3,16.9,22.3,12.3,56.5,7.9,0.0,0.0,27.7,1012.1,32.0,22.6,9.0,-1.5,2.299999999999999,,1.9294706898155778,25.8,2.0
2025-05-05,16.2,20.5,12.4,16.2,20.5,12.4,65.3,9.3,0.0,0.0,25.6,1015.2,47.4,19.2,8.0,-0.6999999999999993,2.0999999999999996,,2.1965340663786996,25.8,2.0
2025-05-06,18.6,24.9,10.6,18.6,24.9,10.6,38.9,3.3,0.0,0.0,17.9,1019.5,4.9,28.4,10.0,2.400000000000002,-0.7999999999999972,,2.186212205968134,25.8,2.0
2025-05-07,21.3,28.7,13.7,21.0,27.2,13.7,30.9,2.7,0.0,0.0,16.6,1018.6,4.6,28.6,10.0,2.6999999999999993,0.1999999999999993,,1.6527034130263076,25.8,2.0
2025-05-08,24.7,32.5,15.5,24.0,30.2,15.5,26.7,2.8,0.0,0.0,15.2,1015.4,4.2,28.4,10.0,3.3999999999999986,1.6999999999999993,,2.914005588777902,25.8,2.0
2025-05-09,26.4,34.2,19.2,25.5,31.7,19.2,23.3,2.9,0.0,0.0,18.4,1014.9,4.2,28.3,10.0,1.6999999999999993,5.699999999999999,,3.924647390894815,26.4,2.0
2025-05-10,27.7,35.6,20.2,26.6,32.8,20.2,20.9,2.3,0.0,0.0,19.8,1013.7,26.4,27.8,10.0,1.3000000000000007,15.1,,4.657405776978099,27.7,2.0
2025-05-11,26.9,33.2,20.0,26.0,30.9,20.0,23.5,3.9,0.0,0.0,30.5,1011.4,17.7,27.4,10.0,-0.8000000000000007,15.2,,4.4749035637388195,27.7,2.0
2025-05-12,24.9,30.9,16.6,24.5,28.9,16.6,36.1,8.0,0.0,0.0,33.2,1008.4,24.8,26.7,9.0,-2.0,13.399999999999999,,3.2842336208301366,27.7,2.0
2025-05-13,20.6,25.6,13.8,20.6,25.6,13.8,45.7,7.6,0.0,0.0,21.7,1009.7,26.8,24.4,9.0,-4.299999999999997,9.3,,2.7421750143862766,27.7,2.0
2025-05-14,19.9,24.3,15.9,19.9,24.3,15.9,47.7,8.3,0.229,0.0,27.3,1011.9,31.6,24.8,8.0,-0.7000000000000028,8.799999999999999,,3.059333883302764,27.7,2.0
2025-05-15,18.2,24.0,13.1,18.2,24.0,13.1,58.9,9.5,0.0,0.0,23.6,1016.5,44.0,26.0,9.0,-1.6999999999999993,6.199999999999999,,3.8520248231411673,27.7,2.0
2025-05-16,21.9,30.9,12.8,21.4,28.9,12.8,32.1,1.5,0.0,0.0,15.3,1017.9,21.2,29.5,10.0,3.6999999999999993,7.199999999999999,,3.6609262424120783,27.7,2.0
2025-05-17,29.5,38.5,20.5,28.0,35.6,20.5,16.9,0.8,0.0,0.0,17.0,1016.1,27.2,28.5,10.0,7.600000000000001,11.0,,4.094188680603453,29.5,2.0
2025-05-18,27.6,34.1,22.5,26.8,31.9,22.5,24.8,5.3,0.0,0.0,22.3,1016.9,27.2,28.2,10.0,-1.8999999999999986,6.200000000000003,,4.208607958979008,29.5,2.0
2025-05-19,22.3,27.9,17.0,22.1,26.8,17.0,33.9,5.2,0.0,0.0,20.9,1017.1,11.2,29.0,10.0,-5.300000000000001,-0.3999999999999986,,4.150846155848742,29.5,2.0
2025-05-20,20.6,27.9,13.3,20.5,27.1,13.3,34.6,4.0,0.0,0.0,25.3,1015.0,7.4,29.3,10.0,-1.6999999999999993,-0.5,,4.150846155848742,29.5,2.0
2025-05-21,21.3,28.9,12.9,21.1,27.7,12.9,40.9,7.0,0.0,0.0,16.6,1014.0,10.6,28.9,10.0,0.6999999999999993,1.8000000000000007,,4.016157841709449,29.5,2.0
2025-05-22,24.4,33.4,15.8,23.9,32.3,15.8,43.9,10.4,0.0,0.0,22.7,1011.9,13.9,28.2,10.0,3.099999999999998,0.09999999999999787,,3.403359684614259,29.5,2.0
2025-05-23,22.7,28.4,16.5,22.5,27.2,16.5,43.1,8.7,0.0,0.0,29.8,1011.1,2.7,28.7,10.0,-1.6999999999999993,-3.1000000000000014,,3.336094094824716,29.5,2.0
2025-05-24,24.4,30.9,18.6,23.9,29.2,18.6,35.4,7.6,0.0,0.0,23.5,1011.8,2.6,29.2,10.0,1.6999999999999993,2.5,,2.3648215476820753,29.5,2.0
2025-05-25,26.0,33.4,18.6,25.2,31.0,18.6,26.2,4.7,0.0,0.0,20.5,1011.7,1.7,29.2,10.0,1.6000000000000014,7.699999999999999,,1.9183326093252127,29.5,2.0
2025-05-26,28.4,36.7,19.6,27.1,33.8,19.6,23.1,3.3,0.0,0.0,18.3,1009.6,12.9,28.9,10.0,2.3999999999999986,12.299999999999997,,2.7145989794163237,29.5,2.0
2025-05-27,22.9,26.9,16.7,22.9,26.8,16.7,48.2,10.7,0.0,0.0,25.9,1010.4,27.6,27.1,10.0,-5.5,5.699999999999999,,2.3537204591880805,29.5,2.0
2025-05-28,19.4,24.9,14.8,19.4,24.9,14.8,59.3,10.8,0.0,0.0,26.9,1012.5,26.9,27.3,10.0,-3.5,0.5999999999999979,,2.82058757809695,29.5,2.0
2025-05-29,19.9,25.3,14.2,19.9,25.3,14.2,54.5,9.6,0.0,0.0,25.3,1013.1,28.5,27.6,10.0,0.5,1.7999999999999972,,3.208025650057846,29.5,2.0
2025-05-30,21.0,27.1,13.9,20.9,26.3,13.9,41.8,6.6,0.0,0.0,20.5,1013.0,16.7,29.0,10.0,1.1000000000000014,-2.0,,3.3305941125957723,29.5,2.0
2025-05-31,24.4,31.4,16.6,23.6,29.3,16.6,28.4,3.7,0.0,0.0,23.0,1011.2,1.9,28.9,10.0,3.3999999999999986,5.099999999999998,,3.3305941125957723,29.5,2.0
2025-06-01,22.8,28.1,17.5,22.6,27.0,17.5,38.9,7.8,0.0,0.0,22.9,1015.3,13.3,27.6,9.0,-1.5999999999999979,4.600000000000001,,3.0835199428730284,29.5,2.0
2025-06-02,20.5,25.2,15.8,20.5,25.2,15.8,49.9,9.2,0.0,0.0,25.0,1017.7,18.9,28.6,10.0,-2.3000000000000007,2.1000000000000014,,1.8374412851002468,29.5,2.0
2025-06-03,20.4,26.1,15.6,20.4,26.1,15.6,59.6,11.7,0.0,0.0,24.7,1016.2,29.0,27.5,10.0,-0.10000000000000142,3.5,,1.7748239349299828,29.5,2.0
2025-06-04,22.1,28.3,16.0,22.0,27.3,16.0,49.8,10.4,0.0,0.0,27.2,1014.6,24.5,27.6,10.0,1.7000000000000028,5.900000000000002,,1.603567451474663,29.5,2.0
2025-06-05,24.7,32.1,17.1,24.2,30.5,17.1,40.6,9.5,0.0,0.0,15.1,1014.7,0.0,29.6,10.0,2.599999999999998,6.099999999999998,,1.7792454259361485,29.5,2.0
2025-06-06,26.5,34.4,18.7,25.7,31.9,18.7,29.2,6.0,0.0,0.0,22.0,1013.5,1.3,29.7,10.0,1.8000000000000007,5.199999999999999,,2.2707246588239074,29.5,2.0
2025-06-07,25.7,32.8,18.4,25.2,31.0,18.4,30.7,6.9,0.0,0.0,17.9,1012.6,1.8,29.9,10.0,-0.8000000000000007,1.0,,2.4453064858058786,29.5,2.0
2025-06-08,25.7,32.3,18.5,25.1,30.5,18.5,31.9,7.4,0.0,0.0,22.3,1011.1,0.0,29.6,10.0,0.0,-0.6999999999999993,,2.598626010578986,29.5,2.0
2025-06-09,25.7,31.8,19.4,25.3,30.5,19.4,36.2,9.3,0.0,0.0,27.2,1010.0,2.4,29.1,10.0,0.0,-2.0,,2.2678918257566636,29.5,2.0
2025-06-10,27.0,34.3,19.7,26.8,33.6,19.7,40.6,12.2,0.0,0.0,17.2,1009.0,3.9,28.4,10.0,1.3000000000000007,0.10000000000000142,,1.6019333557271016,29.5,2.0
2025-06-11,26.7,32.9,21.0,26.3,31.5,21.0,41.3,12.0,0.0,0.0,21.2,1008.3,3.1,28.9,10.0,-0.3000000000000007,1.8000000000000007,,0.7852812659597349,29.5,2.0
2025-06-12,26.8,33.8,20.6,25.9,31.4,20.6,26.8,5.5,0.0,0.0,19.2,1010.7,0.0,29.6,10.0,0.10000000000000142,6.199999999999999,,0.5802298395182216,29.5,2.0
2025-06-13,27.3,34.6,18.9,26.5,32.4,18.9,27.5,6.6,0.0,0.0,20.8,1011.9,0.0,29.7,10.0,0.5,7.400000000000002,,0.6938505396908277,29.5,2.0
2025-06-14,27.6,34.4,20.5,26.7,32.2,20.5,27.2,6.5,0.0,0.0,19.3,1011.1,0.0,29.5,10.0,0.3000000000000007,9.400000000000002,,0.7380798769527611,29.5,2.0
2025-06-15,25.4,31.0,19.7,24.9,29.4,19.7,33.4,7.9,0.0,0.0,23.1,1009.9,8.1,29.4,10.0,-2.200000000000003,3.5,,0.810055847575445,29.5,2.0
2025-06-16,24.2,31.5,17.3,23.9,30.2,17.3,46.0,11.2,0.0,0.0,20.5,1009.8,6.0,29.1,10.0,-1.1999999999999993,-5.300000000000001,,1.2037639382571246,29.5,2.0
2025-06-17,24.7,31.5,18.1,24.3,29.7,18.1,42.1,10.4,0.0,0.0,22.6,1010.1,6.3,29.3,10.0,0.5,-2.900000000000002,,1.3291601358253753,29.5,2.0
2025-06-18,26.0,33.8,18.5,25.4,31.9,18.5,40.1,10.2,0.0,0.0,21.5,1011.7,4.1,29.5,10.0,1.3000000000000007,3.6999999999999993,,1.302561578838914,29.5,2.0
2025-06-19,26.2,33.0,19.3,25.5,30.7,19.3,28.1,5.4,0.0,0.0,24.5,1012.4,1.3,29.7,10.0,0.1999999999999993,5.599999999999998,,1.2601965077303974,29.5,2.0
2025-06-20,25.3,31.5,18.4,24.8,29.7,18.4,30.5,6.6,0.0,0.0,21.1,1011.9,0.0,29.4,10.0,-0.8999999999999986,4.0,,1.1116268644266003,29.5,2.0
2025-06-21,26.1,32.8,19.0,25.4,30.7,19.0,32.7,8.0,0.0,0.0,18.7,1011.4,0.2,29.6,10.0,0.8000000000000007,1.7000000000000028,,0.755928946018859,29.5,2.0
2025-06-22,25.7,31.9,19.0,25.2,30.6,19.0,37.0,9.6,0.0,0.0,22.7,1010.9,3.4,29.6,10.0,-0.40000000000000213,3.0,,0.7634508123368248,29.5,2.0
2025-06-23,24.8,30.7,18.6,24.8,30.4,18.6,52.3,13.9,0.0,0.0,22.9,1009.9,5.1,28.7,10.0,-0.8999999999999986,0.40000000000000213,,0.6187545093635792,29.5,2.0
2025-06-24,25.5,32.5,19.5,25.3,31.7,19.5,52.4,14.3,0.0,0.0,23.5,1009.6,7.6,28.2,10.0,0.6999999999999993,-0.5,,0.4995235825508532,29.5,2.0
2025-06-25,26.1,32.4,20.6,25.6,30.7,20.6,36.2,9.6,0.0,0.0,21.3,1009.9,1.3,29.3,10.0,0.6000000000000014,-2.299999999999997,,0.5122313465433207,29.5,2.0
2025-06-26,26.5,33.6,20.0,25.8,31.5,20.0,31.9,7.9,0.0,0.0,18.7,1008.8,1.1,29.6,10.0,0.3999999999999986,3.6000000000000014,,0.5727959829606634,29.5,2.0
2025-06-27,27.8,34.5,20.8,26.9,32.4,20.8,28.6,7.4,0.0,0.0,19.4,1007.9,0.0,29.7,10.0,1.3000000000000007,8.400000000000002,,0.9357960705810586,29.5,2.0
2025-06-28,29.2,36.1,23.0,28.2,33.9,23.0,25.2,6.9,0.0,0.0,26.5,1005.0,0.0,29.4,10.0,1.3999999999999986,9.3,,1.5093360255741384,29.5,2.0
2025-06-29,28.9,34.7,22.7,27.8,32.6,22.7,23.9,5.8,0.0,0.0,23.6,1003.1,0.0,29.3,10.0,-0.3000000000000007,7.899999999999999,,1.6948100048033956,29.5,2.0
2025-06-30,27.5,33.0,21.7,26.9,31.3,21.7,28.5,7.4,0.0,0.0,24.3,1005.7,1.8,29.3,10.0,-1.3999999999999986,3.1000000000000014,,1.399829921642117,29.5,2.0
2025-07-01,26.7,32.8,20.2,26.0,30.7,20.2,30.5,7.3,0.0,0.0,30.5,1008.1,1.2,29.4,10.0,-0.8000000000000007,3.8999999999999986,,1.1926361357856523,29.5,2.0
2025-07-02,26.2,31.4,21.7,25.7,30.1,21.7,35.8,9.6,0.0,0.0,25.4,1009.0,1.5,29.2,10.0,-0.5,5.699999999999999,,1.1731114508823355,29.5,2.0
2025-07-03,26.4,32.7,20.1,26.1,31.5,20.1,37.5,10.5,0.0,0.0,27.7,1009.6,8.7,28.3,10.0,0.1999999999999993,6.0,,1.1884363476357214,29.5,2.0
2025-07-04,26.0,30.6,21.0,25.5,29.3,21.0,37.3,9.9,0.0,0.0,27.5,1010.0,7.2,28.0,10.0,-0.3999999999999986,3.8999999999999986,,1.3085797462828583,29.5,2.0
2025-07-05,25.5,30.8,19.9,25.0,29.5,19.9,36.7,9.3,0.0,0.0,22.4,1011.7,5.4,28.7,10.0,-0.5,0.8000000000000007,,1.1355720186428164,29.5,2.0
2025-07-06,26.2,32.7,18.4,25.7,31.0,18.4,41.1,11.3,0.0,0.0,27.9,1010.8,2.8,29.2,10.0,0.6999999999999993,-0.3000000000000007,,0.6241184258812492,29.5,2.0
2025-07-07,27.1,33.4,20.0,26.6,32.1,20.0,39.9,11.8,0.0,0.0,30.1,1009.2,3.8,28.7,10.0,0.9000000000000021,1.4000000000000021,,0.5099019513599394,29.5,2.0
2025-07-08,27.2,33.7,21.1,26.8,32.8,21.1,39.9,11.8,0.0,0.0,24.4,1008.3,7.8,27.8,10.0,0.09999999999999787,1.5,,0.6019808571554689,29.5,2.0
2025-07-09,27.2,33.6,19.9,26.6,32.2,19.9,27.5,6.5,0.0,0.0,25.5,1007.8,2.4,28.8,10.0,0.0,1.5,,0.669399162007193,29.5,2.0
2025-07-10,28.1,34.8,21.3,27.6,34.0,21.3,30.1,8.6,0.0,0.0,18.5,1007.0,1.4,28.5,10.0,0.9000000000000021,1.1000000000000014,,0.8922950611715801,29.5,2.0
2025-07-11,29.2,35.5,22.8,28.5,33.9,22.8,32.4,10.6,0.0,0.0,23.9,1007.9,2.6,28.7,10.0,1.0999999999999979,2.5,,1.204752493846488,29.5,2.0
2025-07-12,29.0,34.7,24.8,28.1,32.8,24.8,27.7,8.3,0.0,0.0,22.8,1010.7,10.5,28.9,10.0,-0.1999999999999993,2.1999999999999993,,1.0960969717271283,29.5,2.0
2025-07-13,27.0,34.2,20.3,26.5,32.8,20.3,33.4,9.3,0.0,0.0,24.2,1012.1,8.8,29.1,10.0,-2.0,-0.3000000000000007,,0.9428932172035386,29.5,2.0
2025-07-14,26.5,33.8,20.8,26.1,32.5,20.8,33.0,8.5,0.0,0.0,20.5,1009.8,6.2,28.4,10.0,-0.5,-1.1000000000000014,,1.0422046229945865,29.5,2.0
2025-07-15,26.3,33.3,19.7,25.6,30.9,19.7,32.6,7.4,0.0,0.0,25.5,1006.8,5.6,28.7,10.0,-0.1999999999999993,0.9000000000000021,,1.1682302447560176,29.5,2.0
2025-07-16,26.8,33.3,19.3,26.0,31.4,19.3,31.6,7.9,0.0,0.0,27.7,1007.8,2.8,29.0,10.0,0.5,2.6000000000000014,,1.2011898862619252,29.5,2.0
2025-07-17,28.0,34.1,20.8,26.9,31.8,20.8,25.8,6.1,0.0,0.0,25.2,1010.7,0.0,29.1,10.0,1.1999999999999993,3.3000000000000007,,1.1942321701374774,29.5,2.0
2025-07-18,28.6,34.3,22.6,27.7,32.1,22.6,28.5,8.2,0.0,0.0,23.2,1011.8,2.4,29.0,10.0,0.6000000000000014,2.6000000000000014,,1.070602856427752,29.5,2.0
2025-07-19,25.5,31.4,19.7,25.3,30.5,19.7,48.8,13.4,0.0,0.0,25.7,1010.4,13.3,28.2,10.0,-3.1000000000000014,-0.6999999999999993,,1.0469911538266283,29.5,2.0
2025-07-20,25.4,31.1,18.9,25.6,31.4,18.9,57.7,16.1,0.0,0.0,23.0,1007.9,19.7,26.8,10.0,-0.10000000000000142,0.09999999999999787,,1.1996031089691028,29.5,2.0
2025-07-21,27.1,33.5,21.6,27.0,33.5,21.6,46.9,14.4,0.0,0.0,23.2,1007.9,8.4,27.7,10.0,1.7000000000000028,1.0,,1.2019824893743798,29.5,2.0
2025-07-22,28.7,36.4,21.7,28.6,35.6,21.7,42.0,14.0,0.0,0.0,17.0,1009.1,8.1,28.4,10.0,1.5999999999999979,3.0,,1.362420814649877,29.5,2.0
2025-07-23,29.8,36.1,23.4,29.3,35.1,23.4,37.4,13.0,0.0,0.0,27.7,1008.2,0.1,28.1,10.0,1.1000000000000014,5.0,,1.6687605894084103,29.8,2.0
2025-07-24,29.0,34.6,23.6,28.2,33.2,23.6,28.6,8.8,0.0,0.0,31.0,1005.8,0.0,28.4,10.0,-0.8000000000000007,3.5,,1.7509181265025213,29.8,2.0
2025-07-25,28.8,35.6,23.5,28.5,34.8,23.5,37.0,12.3,0.0,0.0,28.4,1003.8,0.0,28.5,10.0,-0.1999999999999993,2.6999999999999993,,1.7690460167911477,29.8,2.0
2025-07-26,29.8,36.5,23.9,29.4,35.6,23.9,37.8,13.2,0.0,0.0,20.4,1004.3,5.1,28.5,10.0,1.0,3.3000000000000007,,1.5923926292579853,29.8,2.0
2025-07-27,30.2,37.4,22.9,29.2,35.6,22.9,29.1,9.5,0.0,0.0,25.1,1006.1,0.0,28.6,10.0,0.3999999999999986,2.3999999999999986,,1.0357881747046922,30.2,2.0
2025-07-28,29.7,36.4,22.8,28.8,34.5,22.8,28.5,9.0,0.0,0.0,22.0,1005.9,4.7,27.9,10.0,-0.5,0.5,,0.5851332774521739,30.2,2.0
2025-07-29,27.7,33.7,22.5,27.8,33.4,22.5,48.9,15.6,0.0,0.0,25.5,1007.9,9.5,27.1,10.0,-2.0,-1.1999999999999993,,0.8532849688680774,30.2,2.0
2025-07-30,27.2,33.3,21.7,27.2,33.0,21.7,52.3,16.1,0.0,0.0,27.2,1009.9,10.8,26.8,10.0,-0.5,-0.3000000000000007,,1.1171818285740964,30.2,2.0
2025-07-31,25.1,29.7,20.7,25.1,29.9,20.7,59.2,16.3,0.0,0.0,28.7,1009.2,17.2,26.1,10.0,-2.099999999999998,-1.5999999999999979,,1.8192096661805317,30.2,2.0
2025-08-01,24.9,29.9,20.7,25.1,30.2,20.7,63.7,17.2,0.0,0.0,23.1,1007.4,24.9,26.3,10.0,-0.20000000000000284,-1.3000000000000007,,2.2150996967783394,30.2,2.0
2025-08-02,25.7,32.3,19.5,25.7,32.4,19.5,60.2,16.7,0.0,0.0,16.7,1008.8,14.3,26.6,10.0,0.8000000000000007,-0.6999999999999993,,2.1388693052084027,30.2,2.0
2025-08-03,26.2,32.8,20.1,26.2,32.9,20.1,59.3,16.9,0.0,0.0,23.8,1011.1,7.6,26.8,10.0,0.5,0.1999999999999993,,1.696915970083531,30.2,2.0
2025-08-04,25.9,32.6,20.5,26.1,33.1,20.5,57.6,16.5,0.0,0.0,21.5,1012.7,7.7,27.3,10.0,-0.3000000000000007,0.3999999999999986,,1.034408043279185,30.2,2.0
2025-08-05,25.1,32.6,18.8,25.3,32.8,18.8,61.6,16.7,0.0,0.0,19.8,1012.4,8.3,27.2,10.0,-0.7999999999999972,-1.0999999999999979,,0.8056349167260911,30.2,2.0
2025-08-06,26.2,33.0,19.7,26.4,33.1,19.7,56.8,16.4,0.0,0.0,21.9,1010.4,8.7,26.1,9.0,1.0999999999999979,-0.9000000000000021,,0.5490251100170148,30.2,2.0
2025-08-07,27.5,34.0,21.2,27.4,33.7,21.2,45.3,14.2,0.0,0.0,16.1,1009.2,7.5,26.7,10.0,1.3000000000000007,0.3000000000000007,,0.8577378887019859,30.2,2.0
2025-08-08,31.0,41.0,22.1,31.6,41.3,22.1,46.4,17.0,0.0,0.0,14.8,1007.5,15.0,26.9,10.0,3.5,3.8000000000000007,,1.9899748742134222,31.0,2.0
2025-08-09,32.4,40.4,26.4,35.8,44.7,26.4,53.9,21.4,0.0,0.0,15.3,1009.3,23.5,23.5,8.0,1.3999999999999986,4.299999999999997,,2.8135725468150414,32.4,2.0
2025-08-10,32.4,39.4,26.5,35.1,42.4,26.5,52.4,20.7,0.0,0.0,16.5,1010.2,27.3,26.0,9.0,0.0,3.1999999999999993,,3.192103351949101,32.4,2.0
2025-08-11,33.7,40.4,26.8,35.2,43.4,28.7,41.0,18.1,0.0,0.0,14.1,1009.2,20.6,25.4,9.0,1.3000000000000043,4.700000000000003,,3.427757839977145,33.7,2.0
2025-08-12,35.4,42.0,28.4,35.2,43.1,28.5,29.5,14.3,0.0,0.0,17.8,1009.9,8.9,26.3,9.0,1.6999999999999957,8.399999999999999,,3.3038938066644015,35.4,2.0
2025-08-13,36.0,42.4,29.3,35.8,44.3,29.9,28.6,14.3,0.0,0.0,22.2,1010.3,12.4,24.9,9.0,0.6000000000000014,9.5,,2.865143559937067,36.0,2.0
2025-08-14,34.8,41.5,28.0,34.1,41.5,27.6,26.7,11.8,0.0,0.0,22.1,1010.5,4.0,26.9,10.0,-1.2000000000000028,8.499999999999996,,1.8282179717917317,36.0,2.0
2025-08-15,31.4,37.4,27.6,30.1,35.9,26.8,26.2,9.5,0.0,0.0,26.9,1010.3,0.0,27.0,10.0,-3.3999999999999986,4.599999999999998,,1.734660663948124,36.0,2.0
2025-08-16,27.8,33.4,23.4,27.6,32.9,23.4,43.6,13.7,0.0,0.0,23.2,1008.9,1.7,26.2,10.0,-3.599999999999998,-0.1999999999999993,,2.8406069103360454,36.0,2.0
2025-08-17,24.9,30.9,20.6,24.9,30.8,20.6,59.7,15.8,0.0,0.0,25.3,1010.4,27.1,25.9,10.0,-2.900000000000002,-3.700000000000003,,4.217028969942527,36.0,2.0
2025-08-18,24.1,30.7,19.6,24.1,30.9,19.6,64.5,16.4,0.0,0.0,25.1,1012.2,26.7,25.8,10.0,-0.7999999999999972,-1.3999999999999986,,5.050648237508598,36.0,2.0
2025-08-19,24.9,31.4,18.6,24.6,30.1,18.6,51.5,13.3,0.0,0.0,30.0,1011.0,10.4,26.5,10.0,0.7999999999999972,-0.5,,4.955708588995988,36.0,2.0
2025-08-20,25.9,31.5,21.1,25.7,30.6,21.1,45.3,12.9,0.0,0.0,26.4,1008.8,7.7,26.2,10.0,1.0,-1.2000000000000028,,3.9997618976754263,36.0,2.0
2025-08-21,24.9,31.6,18.9,25.0,31.3,18.9,59.3,16.0,0.0,0.0,19.3,1009.6,22.1,24.4,9.0,-1.0,-3.8000000000000007,,2.5538952508632273,36.0,2.0
2025-08-22,27.0,33.8,21.4,27.4,35.1,21.4,54.0,16.5,0.0,0.0,20.5,1010.1,16.0,24.8,9.0,2.1000000000000014,-2.8000000000000007,,1.3289809916591087,36.0,2.0
2025-08-23,28.2,35.0,23.7,27.9,34.1,23.7,43.2,13.9,0.0,0.0,25.3,1009.6,4.4,25.5,9.0,1.1999999999999993,-0.8000000000000007,,1.4410644214147477,36.0,2.0
2025-08-24,28.3,34.6,24.0,27.9,33.3,24.0,35.7,11.2,0.0,0.0,22.3,1009.4,11.1,25.3,9.0,0.10000000000000142,-0.5,,1.6797108594723562,36.0,2.0
2025-08-25,26.8,32.3,22.0,26.7,32.2,22.0,46.0,13.9,0.0,0.0,23.9,1010.7,16.7,24.6,9.0,-1.5,-3.0,,1.409153748075456,36.0,2.0
2025-08-26,25.4,31.3,20.9,25.3,30.8,20.9,54.9,15.1,0.0,0.0,22.6,1011.8,26.0,24.1,9.0,-1.4000000000000021,-4.800000000000001,,1.3201731488172177,36.0,2.0
2025-08-27,25.3,31.2,21.0,25.5,31.3,21.0,62.3,17.1,0.0,0.0,24.5,1012.6,38.2,19.9,7.0,-0.09999999999999787,-4.399999999999999,,1.3938641048746327,36.0,2.0
2025-08-28,25.9,31.9,20.4,25.7,31.1,20.4,52.6,14.9,0.0,0.0,21.0,1012.6,18.1,23.9,9.0,0.5999999999999979,-1.8000000000000007,,1.2382783747341148,36.0,2.0
2025-08-29,25.4,31.9,20.0,25.2,31.0,20.0,49.4,13.5,0.0,0.0,20.8,1013.8,11.5,25.0,9.0,-0.5,-1.8000000000000007,,1.318729547347913,36.0,2.0
2025-08-30,25.0,30.9,20.6,24.8,30.0,20.6,49.3,13.3,0.0,0.0,25.5,1015.4,2.2,25.2,9.0,-0.3999999999999986,-0.10000000000000142,,1.1653734328943757,36.0,2.0
2025-08-31,25.7,32.3,20.0,25.5,31.3,20.0,48.1,13.2,0.0,0.0,22.5,1014.8,4.9,24.3,9.0,0.6999999999999993,0.8000000000000007,,0.5855400437697686,36.0,2.0
2025-09-01,25.4,31.9,19.0,25.2,31.4,19.0,45.6,12.5,0.0,0.0,24.1,1012.3,8.2,24.1,9.0,-0.3000000000000007,-0.3000000000000007,,0.2878491668528657,36.0,2.0
2025-09-02,25.8,31.8,21.4,25.9,31.5,21.4,55.2,15.7,0.0,0.0,25.9,1008.9,22.5,23.5,9.0,0.40000000000000213,-0.3999999999999986,,0.3162277660180236,36.0,2.0
2025-09-03,24.7,32.0,20.0,24.7,32.3,20.0,62.4,16.4,0.0,0.0,27.7,1008.3,30.9,23.0,9.0,-1.1000000000000014,-1.1999999999999993,,0.437525509461238,36.0,2.0
2025-09-04,25.0,31.3,18.0,24.9,30.6,18.0,58.1,15.5,0.0,0.0,21.0,1009.7,17.3,23.5,9.0,0.3000000000000007,-0.10000000000000142,,0.40178174601306565,36.0,2.0
2025-09-05,27.2,34.4,20.0,26.8,34.1,20.0,45.7,13.5,0.0,0.0,18.4,1013.0,12.1,23.7,9.0,2.1999999999999993,1.0,,0.8323804075408641,36.0,2.0
2025-09-06,27.2,34.4,21.0,26.7,33.0,21.0,39.4,11.6,0.0,0.0,21.0,1014.3,7.3,24.1,9.0,0.0,-0.3000000000000007,,0.9930712341978537,36.0,2.0
2025-09-07,24.9,31.8,19.5,24.8,30.6,19.5,53.1,14.0,0.0,0.0,22.1,1013.0,16.8,22.7,9.0,-2.3000000000000007,-6.100000000000001,,1.0580755216545625,36.0,2.0
2025-09-08,23.9,30.3,19.0,23.9,29.5,19.0,63.4,15.9,0.0,0.0,21.8,1011.8,28.2,20.5,7.0,-1.0,-8.5,,1.2697956341008991,36.0,2.0
2025-09-09,23.6,29.8,19.0,23.5,29.2,19.0,62.3,15.2,0.0,0.0,22.3,1013.0,19.8,22.0,9.0,-0.29999999999999716,-8.799999999999997,,1.4507797574968553,36.0,2.0
2025-09-10,23.8,31.9,18.0,23.6,30.9,18.0,57.7,14.0,0.0,0.0,22.3,1014.4,18.8,23.3,9.0,0.1999999999999993,-9.900000000000002,,1.5410262505105565,36.0,2.0
2025-09-11,24.9,33.4,18.0,24.5,31.8,18.0,49.2,12.6,0.0,0.0,21.0,1013.6,13.3,23.3,9.0,1.0999999999999979,-10.5,,1.542416162729222,36.0,2.0
2025-09-12,26.2,34.5,19.0,25.6,32.8,19.0,44.5,11.9,0.0,0.0,16.4,1014.1,16.4,23.4,9.0,1.3000000000000007,-9.8,,1.3462469878821128,36.0,2.0
2025-09-13,26.5,33.9,20.7,26.0,31.7,20.7,37.2,10.1,0.0,0.0,21.5,1015.2,4.0,23.3,9.0,0.3000000000000007,-8.299999999999997,,1.1629191512661814,36.0,2.0
2025-09-14,27.1,33.4,21.0,26.7,32.3,21.0,38.1,11.1,0.0,0.0,19.3,1015.2,11.1,23.2,9.0,0.6000000000000014,-4.299999999999997,,1.4478226673840973,36.0,2.0
2025-09-15,26.7,33.0,20.0,26.4,32.4,20.0,46.2,13.6,0.0,0.0,19.3,1014.6,17.7,22.3,9.0,-0.40000000000000213,-1.1000000000000014,,1.4339422848187542,36.0,2.0
2025-09-16,25.7,32.5,21.0,25.6,32.4,21.0,47.6,13.3,0.0,0.0,18.4,1013.3,16.5,21.8,9.0,-1.0,0.8000000000000007,,1.1516034370351849,36.0,2.0
2025-09-17,24.8,30.9,20.0,24.9,30.7,20.0,62.5,16.6,0.0,0.0,19.3,1012.7,15.5,22.2,9.0,-0.8999999999999986,0.6999999999999993,,0.887747282787181,36.0,2.0
2025-09-18,25.0,31.4,19.8,25.0,31.6,19.8,55.8,15.1,0.0,0.0,81.9,1012.9,24.3,21.6,9.0,0.1999999999999993,0.10000000000000142,,0.8679477710865552,36.0,2.0
2025-09-19,24.1,29.9,19.0,24.0,29.3,19.0,61.6,15.6,0.0,0.0,20.8,1013.8,34.3,20.0,8.0,-0.8999999999999986,-1.7999999999999972,,1.1150485789121916,36.0,2.0
2025-09-20,24.6,32.3,17.0,23.9,30.1,17.0,38.1,7.3,0.0,0.0,16.4,1013.9,0.7,22.5,9.0,0.5,-0.29999999999999716,,1.1190982764626614,36.0,2.0
2025-09-21,26.7,35.0,19.4,25.8,32.5,19.4,28.1,5.7,0.0,0.0,13.1,1013.6,0.0,22.4,9.0,2.099999999999998,-0.3000000000000007,,1.0258562045343853,36.0,2.0
2025-09-22,27.5,34.4,20.0,26.6,32.0,20.0,26.5,5.5,0.0,0.0,13.8,1014.6,0.0,22.2,9.0,0.8000000000000007,-0.6999999999999993,,1.223967008581517,36.0,2.0
2025-09-23,27.6,35.9,21.0,26.6,33.2,21.0,32.1,7.6,0.0,0.0,16.6,1016.5,8.7,22.0,9.0,0.10000000000000142,-0.6999999999999993,,1.46612544126503,36.0,2.0
2025-09-24,24.9,30.8,20.0,24.9,30.5,20.0,53.7,14.6,0.0,0.0,24.5,1015.1,26.4,19.4,8.0,-2.700000000000003,-1.9000000000000021,,1.4556948921557669,36.0,2.0
2025-09-25,21.8,27.5,19.9,21.8,27.7,19.9,66.7,15.2,3.0,100.0,28.5,1012.9,44.9,15.7,7.0,-3.099999999999998,-3.599999999999998,,2.0987524639086526,36.0,2.0
2025-09-26,22.7,29.3,18.0,22.7,29.2,18.0,66.3,15.7,0.6,100.0,21.5,1014.2,23.0,19.5,8.0,0.8999999999999986,-2.6000000000000014,,2.291599566117364,36.0,2.0
2025-09-27,24.3,31.3,17.0,23.8,29.7,17.0,48.4,11.3,0.0,0.0,17.5,1015.9,20.4,20.3,8.0,1.6000000000000014,-1.5999999999999979,,2.305583285356441,36.0,2.0
2025-09-28,26.0,34.4,17.6,25.1,32.0,17.6,29.1,5.4,0.0,0.0,13.9,1017.0,0.2,21.1,8.0,1.6999999999999993,0.6000000000000014,,2.2373453657660884,36.0,2.0
2025-09-29,25.6,32.8,19.0,25.2,31.6,19.0,37.9,9.9,0.0,0.0,25.7,1016.9,11.3,20.0,8.0,-0.3999999999999986,0.6000000000000014,,1.9798989873225055,36.0,2.0
2025-09-30,23.3,28.8,18.5,23.3,28.0,18.5,50.7,11.9,0.0,0.0,24.3,1016.8,29.6,18.2,7.0,-2.3000000000000007,-2.3999999999999986,,1.5507294750415135,36.0,2.0
2025-10-01,21.5,26.9,17.4,21.5,26.6,17.4,61.0,13.1,0.0,0.0,29.5,1015.3,28.2,18.9,8.0,-1.8000000000000007,-3.8999999999999986,,1.7701224063137302,36.0,2.0
2025-10-02,21.6,27.0,17.0,21.5,26.5,17.0,57.1,11.8,0.0,0.0,18.4,1015.5,15.8,19.6,8.0,0.10000000000000142,-4.199999999999999,,1.8052832517497615,36.0,2.0
2025-10-03,25.9,33.9,18.0,25.0,31.7,18.0,34.9,7.7,0.0,0.0,13.9,1015.0,4.2,20.3,8.0,4.299999999999997,1.1999999999999993,,1.9474036439273623,36.0,2.0
2025-10-04,26.5,34.0,19.0,26.0,31.8,19.0,37.0,9.9,0.0,0.0,15.4,1018.0,2.9,19.7,8.0,0.6000000000000014,1.5,,2.16399102189861,36.0,2.0
2025-10-05,23.8,31.0,19.0,23.8,31.0,19.0,63.5,16.0,0.0,0.0,19.5,1017.8,28.5,16.8,8.0,-2.6999999999999993,-3.3999999999999986,,2.039374320483671,36.0,2.0
2025-10-06,21.8,27.3,18.0,21.8,27.3,18.0,64.0,14.2,0.0,0.0,22.3,1016.5,24.0,18.9,8.0,-2.0,-5.399999999999999,,2.057043648401544,36.0,2.0
2025-10-07,21.1,27.3,16.0,21.0,26.7,16.0,62.2,12.8,0.0,0.0,18.4,1015.3,15.4,18.7,8.0,-0.6999999999999993,-3.799999999999997,,2.249232673390673,36.0,2.0
2025-10-08,21.7,27.8,15.9,21.6,26.9,15.9,50.8,10.2,0.0,0.0,27.1,1016.1,7.1,19.1,8.0,0.5999999999999979,-2.1999999999999993,,2.2256085310166007,36.0,2.0
2025-10-09,21.2,25.0,18.0,21.2,25.0,18.0,55.8,11.9,0.5,0.0,16.6,1018.4,44.8,13.8,5.0,-0.5,-2.400000000000002,,2.278052635371787,36.0,2.0
2025-10-10,19.9,25.4,15.4,19.9,25.4,15.4,62.5,12.0,0.0,0.0,15.4,1021.0,28.5,17.1,7.0,-1.3000000000000007,-3.900000000000002,,2.195015999507907,36.0,2.0
2025-10-11,21.8,30.4,14.5,21.6,28.9,14.5,51.9,10.6,0.0,0.0,16.4,1017.1,0.0,18.9,8.0,1.9000000000000021,-3.099999999999998,,1.171080087538408,36.0,2.0
2025-10-12,20.1,23.9,17.0,20.1,23.9,17.0,65.1,13.1,0.2,0.0,25.7,1014.5,43.4,11.9,5.0,-1.6999999999999993,-6.099999999999998,,0.7946247991529809,36.0,2.0
2025-10-13,20.7,25.9,17.0,20.7,25.9,17.0,56.8,10.9,0.0,0.0,20.5,1016.8,32.1,16.1,7.0,0.5999999999999979,-5.800000000000001,,0.7364651739093175,36.0,2.0
2025-10-14,20.3,28.0,14.5,20.2,27.3,14.5,55.1,10.3,0.0,0.0,18.3,1017.7,0.1,18.6,8.0,-0.3999999999999986,-6.800000000000001,,0.7668736780562727,36.0,2.0
2025-10-15,19.4,26.4,14.0,19.4,26.4,14.0,60.0,10.7,0.0,0.0,13.1,1017.4,3.6,18.3,8.0,-0.9000000000000021,-7.300000000000001,,0.8153293228887294,36.0,2.0
2025-10-16,20.3,27.4,14.5,20.3,27.0,14.5,58.5,11.2,0.0,0.0,13.0,1017.6,5.6,18.2,8.0,0.9000000000000021,-5.399999999999999,,0.7524562952030865,36.0,2.0
2025-10-17,22.1,29.5,15.5,22.0,28.5,15.5,51.1,11.2,0.0,0.0,13.0,1019.8,13.9,17.4,7.0,1.8000000000000007,-2.6999999999999993,,0.9604066599005109,36.0,2.0
2025-10-18,20.7,26.3,16.0,20.7,26.3,16.0,63.9,13.1,0.0,0.0,22.1,1021.2,20.5,17.0,7.0,-1.4000000000000021,-4.300000000000001,,0.8254868693255285,36.0,2.0
2025-10-19,19.1,25.3,14.0,19.1,25.3,14.0,67.3,12.5,0.0,0.0,18.4,1020.3,20.2,16.7,7.0,-1.5999999999999979,-5.0,,0.9810101693566848,36.0,2.0
2025-10-20,20.8,27.3,16.0,20.7,26.8,16.0,60.3,12.0,0.0,0.0,20.5,1018.8,29.3,17.1,7.0,1.6999999999999993,-3.8000000000000007,,0.9873003113349986,36.0,2.0
2025-10-21,21.8,29.3,15.0,21.5,27.7,15.0,41.8,7.2,0.0,0.0,11.2,1017.9,5.9,17.4,7.0,1.0,-4.899999999999999,,1.1195237082499108,36.0,2.0
2025-10-22,22.6,30.3,16.0,22.1,28.5,16.0,35.5,5.4,0.0,0.0,8.4,1018.7,0.0,17.6,7.0,0.8000000000000007,-4.899999999999999,,1.1984116472192723,36.0,2.0
2025-10-23,24.4,32.9,17.0,23.7,30.5,17.0,30.0,4.6,0.0,0.0,16.7,1017.5,0.0,17.4,7.0,1.7999999999999972,-3.200000000000003,,1.6741735701107936,36.0,2.0
2025-10-24,22.8,28.0,19.0,22.7,27.2,19.0,43.4,9.3,0.0,0.0,20.5,1017.4,10.6,16.1,7.0,-1.5999999999999979,-2.099999999999998,,1.7261297197847545,36.0,2.0
2025-10-25,21.3,27.3,15.5,21.3,26.7,15.5,47.7,9.3,0.0,0.0,16.7,1018.3,16.7,16.0,7.0,-1.5,-0.5,,1.6799943310563117,36.0,2.0
2025-10-26,21.2,26.9,16.0,21.1,26.4,16.0,55.8,11.5,0.0,0.0,16.4,1018.0,16.8,15.9,7.0,-0.10000000000000142,-1.5,,1.241926307146028,36.0,2.0
2025-10-27,20.9,28.5,15.0,20.8,27.8,15.0,61.4,12.6,0.0,0.0,11.5,1018.2,19.9,15.7,7.0,-0.3000000000000007,-3.400000000000002,,1.2245504520125863,36.0,2.0
2025-10-28,22.2,30.0,15.5,22.0,28.7,15.5,59.9,13.1,0.0,0.0,37.1,1016.9,2.3,16.6,7.0,1.3000000000000007,-3.8000000000000007,,1.2151817422373872,36.0,2.0
2025-10-29,20.2,26.3,15.9,20.2,26.3,15.9,71.4,14.3,0.0,0.0,19.7,1018.0,37.0,14.9,7.0,-2.0,-5.400000000000002,,1.406955510854627,36.0,2.0
2025-10-30,20.6,28.3,14.0,20.4,27.3,14.0,61.8,11.8,0.0,0.0,11.2,1019.6,23.1,15.7,7.0,0.40000000000000213,-2.6999999999999993,,0.9063269671751567,36.0,2.0
2025-10-31,21.8,28.8,16.0,21.5,27.3,16.0,37.1,5.6,0.0,0.0,12.0,1020.5,0.0,16.5,7.0,1.1999999999999993,0.3000000000000007,,0.6848705126138457,36.0,2.0
2025-11-01,21.9,30.3,15.0,21.4,28.4,15.0,28.9,1.6,0.0,0.0,10.3,1020.1,0.0,16.5,7.0,0.09999999999999787,0.29999999999999716,,0.7390470054000737,36.0,2.0
2025-11-02,23.3,31.8,16.0,22.8,29.6,16.0,23.1,0.3,0.0,0.0,12.0,1019.8,27.4,15.4,7.0,1.4000000000000021,-2.599999999999998,,1.0659223593634037,36.0,2.0
2025-11-03,23.6,31.3,17.0,23.1,29.2,17.0,26.0,1.8,0.0,0.0,13.8,1020.5,18.7,16.1,7.0,0.3000000000000007,-2.8999999999999986,,1.2594405409509735,36.0,2.0
2025-11-04,23.6,29.9,18.0,23.2,28.1,18.0,31.1,4.9,0.1,0.0,8.0,1019.9,37.6,14.5,7.0,0.0,-0.1999999999999993,,1.409322701225982,36.0,2.0
2025-11-05,24.3,32.3,19.0,23.7,30.0,19.0,24.9,2.0,0.0,0.0,11.5,1017.8,46.6,15.2,7.0,0.6999999999999993,2.5,,1.3161994348811363,36.0,2.0
2025-11-06,24.8,31.0,20.4,24.3,28.9,20.4,14.8,-4.3,0.0,0.0,18.4,1016.1,3.2,15.7,7.0,0.5,3.6999999999999993,,1.1279986491044556,36.0,2.0
2025-11-07,21.6,28.0,15.4,21.4,26.6,15.4,23.5,-1.6,0.0,0.0,16.6,1017.4,20.2,14.9,7.0,-3.1999999999999993,-0.09999999999999787,,1.174734012447295,36.0,2.0
2025-11-08,19.9,26.8,14.0,19.9,26.3,14.0,42.7,5.7,0.0,0.0,16.7,1020.5,46.6,14.2,7.0,-1.7000000000000028,-1.3000000000000007,,1.6984586850325214,36.0,2.0
2025-11-09,21.1,29.2,14.0,20.7,27.5,14.0,26.6,-1.1,0.0,0.0,11.5,1021.5,10.8,15.0,6.0,1.2000000000000028,1.2000000000000028,,1.8348478592698458,36.0,2.0
2025-11-10,22.6,29.3,15.8,22.1,27.6,15.8,17.2,-4.7,0.0,0.0,17.4,1021.1,5.5,15.3,7.0,1.5,0.8000000000000007,,1.7915143899852621,36.0,2.0
2025-11-11,21.4,28.0,16.2,21.2,26.6,16.2,22.3,-2.3,0.0,0.0,13.0,1018.9,24.2,12.8,6.0,-1.2000000000000028,1.2999999999999972,,1.7709292691101206,36.0,2.0
2025-11-12,19.2,24.4,15.0,19.2,24.4,15.0,62.1,11.2,0.0,0.0,15.7,1018.5,63.3,12.7,6.0,-2.1999999999999993,-1.5,,1.8316009130709316,36.0,2.0
2025-11-13,19.2,24.9,14.0,19.2,24.9,14.0,40.5,4.1,0.5,0.0,18.4,1017.0,51.6,12.2,6.0,0.0,-1.1000000000000014,,1.3043881981330812,36.0,2.0
2025-11-14,15.0,18.5,12.0,15.0,18.5,12.0,76.7,10.8,6.0,100.0,20.9,1015.5,46.8,8.5,5.0,-4.199999999999999,-4.399999999999999,,2.444527415619324,36.0,2.0
2025-11-15,14.4,16.7,12.0,14.4,16.7,12.0,85.8,12.0,10.2,100.0,24.1,1015.0,67.9,6.0,3.0,-0.5999999999999996,-5.9,,3.17197549981533,36.0,2.0
2025-11-16,14.9,18.9,13.0,14.9,18.9,13.0,81.9,11.7,0.4,0.0,12.5,1020.3,45.4,10.3,5.0,0.5,-7.200000000000001,,3.3441491194821733,36.0,2.0
2025-11-17,15.3,21.4,10.0,15.3,21.4,10.0,67.1,8.5,0.0,0.0,11.3,1025.2,68.7,12.7,6.0,0.40000000000000036,-5.399999999999999,,2.801105224048258,36.0,2.0
2025-11-18,16.7,21.7,11.3,16.7,21.7,11.3,52.1,6.5,0.0,0.0,16.6,1024.8,10.0,13.8,6.0,1.3999999999999986,-2.400000000000002,,2.0489253861707954,36.0,2.0
2025-11-19,17.1,23.7,11.0,17.1,23.7,11.0,44.0,4.3,0.0,0.0,18.0,1023.0,0.5,13.8,6.0,0.40000000000000213,-3.6999999999999993,,1.6905902040693113,36.0,2.0
2025-11-20,18.5,25.8,12.0,18.5,25.8,12.0,39.0,3.7,0.0,0.0,12.8,1023.1,0.2,13.9,6.0,1.3999999999999986,-3.3000000000000007,,1.4837211905976266,36.0,2.0
2025-11-21,19.2,27.8,12.0,19.0,26.6,12.0,39.4,4.1,0.0,0.0,10.2,1024.7,0.0,13.9,6.0,0.6999999999999993,-3.400000000000002,,1.827957486220207,36.0,2.0
2025-11-22,20.3,28.3,12.0,20.1,26.9,12.0,34.1,3.0,0.0,0.0,15.4,1025.1,0.0,13.9,6.0,1.1000000000000014,-4.099999999999998,,2.0039247205706854,36.0,2.0
2025-11-23,19.8,25.9,13.8,19.8,25.9,13.8,26.8,-0.5,0.0,0.0,19.2,1022.3,3.6,13.9,6.0,-0.5,-3.0,,1.820910290408172,36.0,2.0
2025-11-24,18.0,24.8,11.0,18.0,24.8,11.0,30.2,-0.2,0.0,0.0,11.8,1018.8,40.2,13.3,6.0,-1.8000000000000007,-3.3000000000000007,,1.3458932243787765,36.0,2.0
2025-11-25,15.8,17.9,13.0,15.8,17.9,13.0,72.8,10.6,8.9,100.0,14.8,1019.6,68.0,7.3,3.0,-2.1999999999999993,-5.399999999999999,,1.5720777879700114,36.0,2.0
2025-11-26,13.6,18.8,9.0,13.6,18.8,9.0,67.1,7.0,0.0,0.0,55.4,1021.5,31.2,12.2,6.0,-2.200000000000001,-7.299999999999999,,2.3919507878358677,36.0,2.0
2025-11-27,15.5,21.3,10.0,15.5,21.3,9.6,51.3,4.8,0.0,0.0,16.4,1021.1,7.6,13.3,6.0,1.9000000000000004,-6.699999999999999,,2.5284100029182666,36.0,2.0
2025-11-28,16.8,22.2,11.0,16.8,22.2,11.0,41.5,3.2,0.0,0.0,18.0,1020.5,32.7,13.2,6.0,1.3000000000000007,-3.3999999999999986,,2.412763679150641,36.0,2.0
2025-11-29,16.1,22.3,10.0,16.1,22.3,10.0,44.9,3.6,0.0,0.0,10.4,1018.2,96.2,11.6,5.0,-0.6999999999999993,-4.5,,1.9701341506172785,36.0,2.0
2025-11-30,15.5,18.9,12.0,15.5,18.9,12.0,53.8,6.0,0.9,100.0,18.9,1017.6,65.6,10.2,5.0,-0.6000000000000014,-6.300000000000001,,1.3466006584482118,36.0,2.0
2025-12-01,14.4,18.4,12.0,14.4,18.4,12.0,68.9,8.7,0.0,0.0,16.6,1020.5,49.8,10.9,5.0,-1.0999999999999996,-7.499999999999998,,1.0699354675688013,36.0,2.0
2025-12-02,13.6,19.4,9.0,13.6,19.4,9.0,66.6,6.8,0.0,0.0,11.0,1020.5,15.4,11.7,5.0,-0.8000000000000007,-9.700000000000001,,1.237893756499596,36.0,2.0
2025-12-03,14.3,20.9,9.0,14.3,20.9,9.0,52.8,4.1,0.0,0.0,13.6,1020.6,46.6,11.7,6.0,0.7000000000000011,-9.3,,1.1220729116449424,36.0,2.0
2025-12-04,15.7,20.8,12.0,15.7,20.8,12.0,40.1,2.0,0.0,0.0,20.1,1019.0,33.4,12.7,6.0,1.3999999999999986,-7.900000000000002,,1.134313301811457,36.0,2.0
2025-12-05,15.4,21.8,9.0,15.4,21.8,9.0,43.7,2.6,0.1,0.0,15.4,1017.4,42.1,11.2,5.0,-0.29999999999999893,-8.9,,0.9055385138135869,36.0,2.0
2025-12-06,15.0,19.7,11.0,15.0,19.7,11.0,57.6,6.1,1.5,100.0,16.2,1014.8,75.3,7.7,4.0,-0.40000000000000036,-9.8,,0.7678045386187236,36.0,2.0
2025-12-07,13.4,17.2,9.0,13.4,17.2,9.0,75.5,8.8,0.5,0.0,20.9,1014.1,38.7,10.6,5.0,-1.5999999999999996,-8.200000000000001,,0.8715066319446318,36.0,2.0
2025-12-08,11.2,15.9,6.0,11.2,15.9,6.0,61.5,3.8,0.0,0.0,11.3,1016.4,52.4,10.9,5.0,-2.200000000000001,-8.7,,1.5410262505101977,36.0,2.0
2025-12-09,11.9,15.9,9.0,11.8,15.9,8.5,65.2,5.5,0.1,0.0,13.7,1015.4,63.7,9.1,5.0,0.7000000000000011,-9.200000000000001,,1.7501020378414303,36.0,2.0
2025-12-10,11.6,13.5,9.0,11.2,13.5,5.5,80.1,8.2,0.1,0.0,25.9,1015.8,70.3,6.9,4.0,-0.3000000000000007,-11.000000000000002,,1.921680811908336,36.0,2.0
2025-12-11,10.7,12.8,9.0,9.9,12.8,6.9,88.1,8.8,8.5,100.0,18.1,1015.7,78.0,3.1,2.0,-0.9000000000000004,-10.7,,1.8778153466701486,36.0,2.0
2025-12-12,11.4,14.4,9.0,10.9,14.4,7.2,89.5,9.8,4.6,100.0,18.4,1016.3,66.2,6.6,4.0,0.7000000000000011,-7.799999999999999,,1.5063358254542727,36.0,2.0
2025-12-13,12.0,15.3,10.0,11.8,15.3,8.1,83.3,9.2,0.0,0.0,13.3,1019.4,61.8,8.1,4.0,0.5999999999999996,-7.199999999999999,,0.8521681032459567,36.0,2.0
2025-12-14,11.3,16.3,7.4,11.2,16.3,7.3,78.0,7.3,0.3,0.0,9.5,1020.2,36.5,10.4,5.0,-0.6999999999999993,-3.6999999999999993,,0.4429339411128662,36.0,2.0
2025-12-15,11.3,16.0,7.9,10.9,16.0,7.0,72.1,6.3,3.6,100.0,14.8,1017.3,52.7,9.9,5.0,0.0,-3.0999999999999996,,0.4353433237378413,36.0,2.0
2025-12-16,10.4,13.2,8.0,9.6,13.2,6.4,72.6,5.5,6.5,100.0,16.6,1015.3,58.9,10.3,5.0,-0.9000000000000004,-4.5,,0.5380741673069672,36.0,2.0
2025-12-17,8.4,12.2,5.0,7.5,12.2,2.8,64.9,1.8,0.3,100.0,17.5,1018.8,46.3,12.3,6.0,-2.0,-6.9,,1.1710800875379086,36.0,2.0
2025-12-18,9.3,14.4,5.0,8.9,14.4,3.6,66.1,3.0,0.0,0.0,13.1,1026.5,4.2,12.3,6.0,0.9000000000000004,-7.399999999999999,,1.3005493344843835,36.0,2.0
2025-12-19,10.8,14.9,6.6,10.4,14.9,6.6,78.1,7.0,0.0,0.0,18.3,1025.0,27.9,10.9,6.0,1.5,-6.300000000000001,,1.256980508997332,36.0,2.0
2025-12-20,12.0,16.3,10.0,11.6,16.3,8.4,74.3,7.4,0.0,0.0,11.2,1020.3,53.8,11.2,5.0,1.1999999999999993,-6.5,,1.256980508997332,36.0,2.0
2025-12-21,11.7,17.3,8.0,11.6,17.3,7.9,61.8,4.2,0.0,0.0,15.4,1017.3,57.8,10.8,5.0,-0.3000000000000007,-7.5,,1.307487594405013,36.0,2.0
2025-12-22,10.8,17.2,5.0,10.6,17.2,4.9,58.1,2.4,0.0,0.0,10.2,1016.5,39.1,12.3,6.0,-0.8999999999999986,-9.5,,1.2733532783276453,36.0,2.0
2025-12-23,11.0,15.9,6.0,10.7,15.9,6.0,58.7,3.0,0.3,0.0,15.9,1017.2,56.2,10.7,5.0,0.1999999999999993,-8.8,,1.2867456181054147,36.0,2.0
2025-12-24,11.6,16.9,7.0,11.5,16.9,7.0,72.2,6.6,0.0,0.0,11.2,1021.4,40.5,10.7,5.0,0.5999999999999996,-6.4,,0.8957571949921497,36.0,2.0
2025-12-25,10.6,15.8,6.0,10.2,15.8,5.0,66.5,4.3,0.0,0.0,13.4,1020.2,37.8,12.6,6.0,-1.0,-5.200000000000001,,0.5429197958825759,36.0,2.0
2025-12-26,10.0,15.9,5.0,9.9,15.9,5.0,71.6,4.8,0.0,0.0,11.2,1017.1,18.3,11.4,5.0,-0.5999999999999996,-3.5999999999999996,,0.7047458170616744,36.0,2.0
2025-12-27,10.6,13.3,9.0,9.7,13.3,6.6,87.0,8.5,13.6,100.0,29.5,1011.7,77.4,6.4,3.0,0.5999999999999996,-4.9,,0.597215762238326,36.0,2.0
2025-12-28,9.6,11.2,8.0,7.1,11.2,3.8,79.0,6.0,6.3,100.0,35.3,1008.7,60.2,7.7,4.0,-1.0,-7.200000000000001,,0.653197264741572,36.0,2.0
2025-12-29,9.6,12.2,8.0,7.4,12.2,4.4,84.3,7.0,9.8,100.0,35.3,1011.7,71.4,4.6,3.0,0.0,-6.500000000000002,,0.7432233529566584,36.0,2.0
2025-12-30,10.4,13.3,8.0,9.2,13.3,4.6,77.2,6.5,1.0,0.0,22.3,1019.5,64.7,8.1,4.0,0.8000000000000007,-5.1,,0.6996597812672848,36.0,2.0
2025-12-31,10.4,13.8,7.0,9.8,13.8,5.5,70.5,5.1,0.0,0.0,21.9,1014.5,70.7,11.4,5.0,0.0,-4.0,,0.4386125310340645,36.0,2.0
2026-01-01,10.6,12.5,9.0,9.9,12.5,6.3,71.5,5.6,11.2,100.0,33.5,1013.1,57.6,7.1,3.0,0.1999999999999993,-3.0,3.0999999999999996,0.4386125310340645,36.0,2.0
2026-01-02,9.5,12.2,7.0,8.2,12.2,5.1,81.6,6.4,7.4,100.0,25.9,1020.1,67.7,9.4,5.0,-1.0999999999999996,-4.800000000000001,1.7000000000000002,0.5066228051181807,36.0,2.0
2026-01-03,8.3,12.3,5.0,8.0,12.3,3.9,75.8,4.0,0.0,0.0,8.4,1026.8,38.0,12.0,6.0,-1.1999999999999993,-7.399999999999999,0.10000000000000142,0.7931252228032647,36.0,2.0
2026-01-04,9.4,14.8,4.0,8.8,14.8,3.1,59.0,1.5,0.0,0.0,20.5,1027.0,37.5,13.2,6.0,1.0999999999999996,-6.0,0.8000000000000007,0.8038597366391615,36.0,2.0
2026-01-05,10.6,16.1,5.0,10.1,16.1,5.0,54.0,1.4,0.0,0.0,16.6,1024.3,22.3,13.1,6.0,1.1999999999999993,-4.4,-0.9000000000000004,0.8610624666234695,36.0,2.0
2026-01-06,10.7,17.2,5.0,10.5,17.2,5.0,55.5,1.7,0.0,0.0,11.6,1023.0,66.4,12.5,6.0,0.09999999999999964,-2.700000000000001,-0.20000000000000107,0.8976158898512284,36.0,2.0
2026-01-07,12.0,19.2,6.0,11.9,19.2,6.0,57.8,3.5,0.0,0.0,9.4,1024.2,36.1,12.9,6.0,1.3000000000000007,0.8000000000000007,3.0999999999999996,1.1928357568652508,36.0,2.0
2026-01-08,14.8,21.9,9.0,14.8,21.9,9.0,50.8,4.2,0.0,0.0,15.6,1021.1,32.6,13.1,6.0,2.8000000000000007,2.9000000000000004,5.300000000000001,2.1360845355126665,36.0,2.0
2026-01-09,11.9,15.0,7.0,11.0,15.0,3.1,73.9,7.2,21.8,100.0,33.5,1013.6,64.2,6.5,5.0,-2.9000000000000004,0.3000000000000007,1.0,2.0928449536454585,36.0,2.0
2026-01-10,10.5,13.9,8.0,9.1,13.9,4.1,79.5,7.0,0.8,0.0,27.7,1019.7,53.5,7.8,4.0,-1.4000000000000004,-0.1999999999999993,-0.5,1.7372665996025294,36.0,2.0
2026-01-11,11.0,16.9,6.0,10.9,16.9,6.0,69.6,5.2,0.0,0.0,17.5,1019.4,10.8,13.2,6.0,0.5,-0.40000000000000036,0.5999999999999996,1.5197117521172012,36.0,2.0
2026-01-12,10.4,14.8,7.0,9.6,14.8,4.3,65.6,4.1,1.3,100.0,44.6,1014.3,45.6,11.8,6.0,-0.5999999999999996,-1.5999999999999996,-0.29999999999999893,1.544267433044298,36.0,2.0
2026-01-13,7.3,9.2,6.0,3.4,5.5,0.8,81.2,4.2,28.0,100.0,42.5,1013.3,74.3,6.3,4.0,-3.1000000000000005,-4.000000000000001,-3.7,2.252194696819131,36.0,2.0
2026-01-14,8.0,10.8,6.0,5.8,10.8,0.3,75.6,3.8,0.2,0.0,44.6,1019.6,63.6,7.9,3.0,0.7000000000000002,-3.3000000000000007,-3.8000000000000007,2.489214831265007,36.0,2.0
2026-01-15,8.6,12.8,5.3,7.4,12.8,2.9,66.1,2.3,0.0,0.0,19.7,1023.7,29.7,11.1,6.0,0.5999999999999996,-1.8000000000000007,-3.700000000000001,1.7085220569388975,36.0,2.0
2026-01-16,7.8,12.9,4.0,7.8,12.9,4.0,78.5,4.1,0.0,0.0,8.5,1023.1,24.9,13.5,6.0,-0.7999999999999998,-0.6000000000000005,-4.7,1.5082313830314442,36.0,2.0
2026-01-17,8.9,14.4,4.0,8.7,14.4,4.0,76.0,4.5,0.0,0.0,11.3,1018.4,39.5,11.6,5.0,1.1000000000000005,-0.40000000000000036,-2.4000000000000004,1.3733864992016958,36.0,2.0
2026-01-18,8.6,10.5,7.0,7.6,10.5,5.4,86.5,6.5,5.7,100.0,14.8,1015.2,69.0,7.6,4.0,-0.3000000000000007,-2.200000000000001,-1.700000000000001,0.9973775136631473,36.0,2.0
2026-01-19,8.5,12.0,4.0,7.1,12.0,3.9,70.3,3.1,1.5,100.0,27.7,1018.0,50.5,12.4,6.0,-0.09999999999999964,-3.5,-1.5999999999999996,0.5623081683467025,36.0,2.0
2026-01-20,5.9,10.3,2.5,4.9,10.3,0.4,61.0,-1.2,0.0,0.0,17.4,1021.4,19.9,13.7,6.0,-2.5999999999999996,-5.799999999999999,-4.299999999999999,1.0179344164480348,36.0,2.0
2026-01-21,5.7,10.9,1.0,3.9,10.9,-0.9,50.6,-4.5,0.0,0.0,20.0,1024.2,61.8,12.7,6.0,-0.20000000000000018,-5.1000000000000005,-4.8999999999999995,1.3508374827346161,36.0,2.0
2026-01-22,8.3,11.2,5.0,6.6,11.2,2.4,38.7,-5.0,0.4,100.0,24.1,1019.9,97.3,4.1,2.0,2.6000000000000005,-2.6999999999999993,-2.5999999999999996,1.3225156403787837,36.0,2.0
2026-01-23,11.3,15.9,7.0,11.0,15.9,5.5,61.7,3.8,0.5,100.0,18.9,1013.8,42.3,13.5,6.0,3.0,-0.29999999999999893,1.1000000000000014,1.9102480517059977,36.0,2.0
2026-01-24,9.0,14.0,6.0,8.6,14.0,4.4,81.6,5.7,1.2,100.0,22.0,1018.0,49.3,11.9,5.0,-2.3000000000000007,-1.5999999999999996,-0.5,1.9169668501987318,36.0,2.0
2026-01-25,10.0,16.4,5.0,9.8,16.4,5.0,71.3,4.5,0.0,0.0,9.4,1022.7,34.8,13.5,6.0,1.0,0.0,-0.3000000000000007,2.0366873196674553,36.0,2.0
2026-01-26,12.4,20.0,7.9,12.0,20.0,6.7,48.1,1.2,0.0,0.0,25.9,1018.7,18.6,14.5,7.0,2.4000000000000004,1.8000000000000007,1.0,2.5435258617759002,36.0,2.0
2026-01-27,11.5,16.4,6.4,11.1,16.4,5.9,58.6,3.5,0.0,0.0,14.1,1015.3,38.2,12.8,6.0,-0.9000000000000004,1.9000000000000004,-0.5999999999999996,2.295544338391861,36.0,2.0
2026-01-28,9.8,11.9,8.0,8.9,11.9,6.0,75.1,5.4,4.1,100.0,24.2,1015.1,77.8,9.5,5.0,-1.6999999999999993,0.20000000000000107,-0.09999999999999964,1.4648256844121308,36.0,2.0
2026-01-29,10.5,13.0,9.0,9.5,13.0,6.0,83.5,7.7,2.0,100.0,20.5,1019.3,77.8,8.2,4.0,0.6999999999999993,0.09999999999999964,-0.9000000000000004,1.1616900660344078,36.0,2.0
2026-01-30,12.6,16.0,9.0,12.5,16.0,8.7,57.7,4.3,0.5,100.0,19.7,1014.5,56.0,14.5,6.0,2.0999999999999996,2.1999999999999993,0.9000000000000004,1.3695671891928207,36.0,2.0
2026-01-31,13.0,18.0,8.0,12.8,18.0,6.7,65.1,6.3,0.0,0.0,17.1,1015.4,30.7,14.6,7.0,0.40000000000000036,2.4000000000000004,1.9000000000000004,1.312757911167416,36.0,2.0
2026-02-01,16.3,23.0,10.0,16.3,23.0,10.0,49.7,5.1,0.0,0.0,14.8,1017.0,33.4,15.3,7.0,3.3000000000000007,6.800000000000001,5.600000000000001,2.1102922388457817,36.0,2.0
2026-02-02,16.7,21.0,11.0,16.7,21.0,11.0,46.6,4.9,0.0,0.0,24.5,1015.9,19.5,15.5,7.0,0.3999999999999986,8.399999999999999,6.0,2.6903708365381,36.0,2.0
2026-02-03,11.4,17.0,10.0,10.7,17.0,7.0,80.6,8.1,8.2,100.0,24.5,1017.7,72.2,8.8,5.0,-5.299999999999999,2.0,-0.29999999999999893,2.699382645470283,36.0,2.0
2026-02-04,11.2,15.8,8.0,10.3,15.8,6.2,72.4,6.3,0.1,0.0,22.3,1020.3,39.0,13.9,6.0,-0.20000000000000107,0.5999999999999996,-1.0,2.4738633753704953,36.0,2.0
2026-02-05,12.5,20.4,6.0,12.5,20.4,6.0,62.4,4.3,0.0,0.0,20.5,1016.8,57.6,15.7,7.0,1.3000000000000007,1.8000000000000007,2.9000000000000004,2.2266780723972586,36.0,2.0
2026-02-06,15.1,20.0,10.0,15.1,20.0,9.6,45.6,3.1,0.0,0.0,18.4,1014.1,79.9,10.2,6.0,2.5999999999999996,3.0999999999999996,9.399999999999999,2.2795154038062675,36.0,2.0
2026-02-07,15.5,19.3,12.0,15.5,19.3,12.0,51.9,5.6,0.0,0.0,33.5,1014.7,23.8,15.8,7.0,0.40000000000000036,0.6999999999999993,10.1,2.3388031127052185,36.0,2.0
2026-02-08,16.5,20.4,11.0,16.5,20.4,11.0,53.1,6.5,0.0,0.0,27.7,1013.4,35.9,15.8,7.0,1.0,4.6,10.3,2.3711560371220983,36.0,2.0
2026-02-09,17.5,20.4,13.7,17.5,20.4,13.7,45.4,5.3,0.0,0.0,24.1,1012.3,80.3,12.5,6.0,1.0,7.0,11.1,2.5297280109773554,36.0,2.0
2026-02-10,15.6,18.3,12.0,15.6,18.3,12.0,55.0,6.5,0.1,0.0,24.5,1012.1,42.8,14.5,6.0,-1.9000000000000004,4.6,8.3,2.2225039503954815,36.0,2.0
2026-02-11,13.4,16.8,11.0,13.4,16.8,11.0,62.8,6.2,0.5,0.0,24.1,1015.1,47.0,13.4,6.0,-2.1999999999999993,3.0,5.5,1.7203266577960008,36.0,2.0
2026-02-12,13.8,18.4,10.0,13.6,18.4,8.1,62.4,6.4,0.0,0.0,17.4,1016.4,53.3,15.8,7.0,0.40000000000000036,6.500000000000001,6.6000000000000005,1.4316158037419047,36.0,2.0
2026-02-13,15.9,20.5,11.0,15.9,20.5,11.0,46.2,3.9,0.0,0.0,22.3,1011.7,71.3,15.8,7.0,2.0999999999999996,7.9,8.5,1.4408991901553212,36.0,2.0
2026-02-14,13.7,16.9,11.0,13.7,16.9,11.0,57.5,5.3,3.7,100.0,35.3,1014.8,57.7,13.8,6.0,-2.200000000000001,5.1,6.1,1.5853495934124713,36.0,2.0
2026-02-15,13.7,20.4,7.9,13.7,20.4,7.9,58.7,4.5,0.0,0.0,16.4,1022.4,25.5,17.0,7.0,0.0,5.8999999999999995,3.5,1.5556349186103104,36.0,2.0
2026-02-16,17.2,23.9,12.0,17.2,23.9,12.0,28.8,-1.3,0.0,0.0,15.4,1018.6,18.5,18.1,8.0,3.5,8.299999999999999,6.199999999999999,1.4706655441863201,36.0,2.0
2026-02-17,14.7,16.9,11.0,14.7,16.9,11.0,59.3,6.5,0.0,0.0,19.6,1014.8,70.9,10.1,4.0,-2.5,6.1,4.1,1.4232758993652541,36.0,2.0
2026-02-18,12.6,17.3,8.5,12.4,17.3,7.5,63.6,5.6,0.1,0.0,33.5,1014.9,36.9,17.2,7.0,-2.0999999999999996,4.1,0.6999999999999993,1.5635734407956596,36.0,2.0
2026-02-19,11.3,16.0,9.0,10.4,16.0,5.5,71.1,6.1,0.1,0.0,25.9,1020.4,53.1,12.0,5.0,-1.299999999999999,5.4,-0.29999999999999893,1.983143248193829,36.0,2.0
2026-02-20,13.2,21.4,6.0,13.2,21.4,5.0,56.2,3.5,0.0,0.0,16.6,1023.2,2.2,18.4,8.0,1.8999999999999986,7.499999999999999,3.3999999999999986,1.8454577442233309,36.0,2.0
2026-02-21,15.9,23.5,10.0,15.8,23.5,8.7,41.9,2.3,0.0,0.0,18.4,1018.2,14.1,18.9,8.0,2.700000000000001,7.6,9.4,2.0111593434538007,36.0,2.0
2026-02-22,12.4,17.3,9.0,12.1,17.3,6.9,70.4,6.8,0.4,0.0,19.9,1015.5,46.7,15.2,7.0,-3.5,1.0999999999999996,8.5,2.110292238845826,36.0,2.0
2026-02-23,10.5,14.5,7.0,10.1,14.5,6.7,69.0,4.9,5.8,100.0,18.3,1014.4,44.4,12.8,6.0,-1.9000000000000004,1.5,7.7,1.8698102781271562,36.0,2.0
2026-02-24,10.4,14.7,7.0,9.3,14.7,3.5,76.1,6.2,2.1,100.0,23.2,1017.2,65.0,11.3,5.0,-0.09999999999999964,0.40000000000000036,8.4,1.9023794624225263,36.0,2.0
2026-02-25,11.5,15.9,8.9,10.7,15.9,6.4,71.1,6.2,0.0,0.0,16.6,1020.3,39.8,13.2,6.0,1.0999999999999996,-0.9000000000000004,7.8,1.9215569084417807,36.0,2.0
2026-02-26,10.8,14.3,8.0,9.2,14.3,4.1,71.2,5.6,3.8,100.0,29.9,1015.3,58.1,12.8,6.0,-0.6999999999999993,-0.6999999999999993,4.500000000000001,1.9680785892165753,36.0,2.0
2026-02-27,8.2,13.0,5.0,6.1,13.0,1.7,61.5,0.6,0.1,0.0,25.9,1015.2,37.5,17.9,7.0,-2.6000000000000014,-1.6000000000000014,0.1999999999999993,2.368845408934035,36.0,2.0
2026-02-28,7.3,12.8,3.0,6.5,12.8,0.9,52.0,-2.2,0.0,0.0,13.0,1017.1,16.6,19.7,8.0,-0.8999999999999995,-3.2,-2.1000000000000005,1.7989414877059233,36.0,2.0
2026-03-01,7.6,12.0,3.0,7.4,12.0,3.0,59.2,-0.5,0.0,0.0,13.0,1018.5,19.6,17.8,8.0,0.2999999999999998,-5.0,-2.200000000000001,1.7143650775277284,36.0,2.0
2026-03-02,8.7,14.0,3.0,8.4,14.0,3.0,50.4,-2.4,0.0,0.0,14.8,1019.7,6.7,20.7,8.0,1.0999999999999996,-4.300000000000001,-1.9000000000000004,1.6687605894078712,36.0,2.0
2026-03-03,10.0,16.0,4.0,9.6,16.0,2.7,37.7,-4.7,0.0,0.0,14.8,1022.9,0.0,20.6,8.0,1.3000000000000007,-6.300000000000001,-2.8000000000000007,1.6277357922964042,36.0,2.0
2026-03-04,9.9,14.0,6.0,9.1,14.0,5.0,60.3,2.4,0.3,0.0,25.9,1022.4,44.0,13.0,5.0,-0.09999999999999964,-6.799999999999999,-4.1,1.3288018233405794,36.0,2.0
2026-03-05,11.0,16.0,7.0,10.1,16.0,5.1,57.4,2.3,0.0,0.0,18.4,1022.1,32.2,19.8,8.0,1.0999999999999996,-0.40000000000000036,-1.5999999999999996,1.3770223223279434,36.0,2.0
2026-03-06,11.1,18.0,5.0,10.9,18.0,5.0,41.2,-2.6,0.0,0.0,18.4,1020.0,20.0,20.9,8.0,0.09999999999999964,-0.09999999999999964,-0.40000000000000036,1.5380878667076552,36.0,2.0
2026-03-07,9.6,13.0,7.0,8.5,13.0,4.5,70.7,4.5,0.9,100.0,24.1,1018.3,35.2,14.3,6.0,-1.5,-2.9000000000000004,-1.5999999999999996,1.2382783747334023,36.0,2.0
2026-03-08,8.5,12.8,5.0,6.7,12.8,2.4,48.0,-2.4,0.0,0.0,24.1,1018.8,7.5,21.8,9.0,-1.0999999999999996,-6.6,-3.9000000000000004,1.0094788848939331,36.0,2.0
2026-03-09,8.6,15.8,4.0,7.7,15.8,3.2,48.2,-3.0,0.0,0.0,15.1,1019.7,5.7,21.4,8.0,0.09999999999999964,-6.9,-4.4,1.028637564010918,36.0,2.0
2026-03-10,10.0,16.0,4.0,9.8,16.0,4.0,41.4,-5.1,0.0,0.0,18.4,1020.7,0.0,22.0,9.0,1.4000000000000004,-6.5,-3.0,1.028637564010918,36.0,2.0
2026-03-11,12.2,18.0,6.0,12.0,18.0,5.0,31.1,-4.8,0.0,0.0,18.4,1019.8,0.1,22.0,9.0,2.1999999999999993,-5.300000000000001,-2.1000000000000014,1.3709572602830948,36.0,2.0
2026-03-12,13.6,19.5,8.0,13.6,19.5,7.3,37.8,-1.1,0.0,0.0,63.0,1016.8,22.1,21.5,9.0,1.4000000000000004,-2.0,-3.200000000000001,1.8942268180168935,36.0,2.0
2026-03-13,14.5,20.0,10.0,14.5,20.0,9.1,43.9,1.9,0.3,0.0,20.5,1014.8,44.7,18.8,9.0,0.9000000000000004,1.0999999999999996,-4.399999999999999,2.429677619218764,36.0,2.0
2026-03-14,14.4,21.1,12.0,14.4,21.1,12.0,70.6,8.9,9.5,100.0,24.1,1009.5,75.3,13.5,6.0,-0.09999999999999964,0.5999999999999996,-5.700000000000001,2.637188257360711,36.0,2.0
2026-03-15,12.3,14.0,10.0,11.9,14.0,6.6,74.2,7.6,7.7,100.0,40.7,1008.8,57.5,15.4,6.0,-2.0999999999999996,-3.5999999999999996,-8.7,2.2321247618312783,36.0,2.0
2026-03-16,11.7,17.6,9.0,10.7,17.6,6.2,71.3,6.5,0.7,100.0,22.3,1015.7,56.8,15.3,7.0,-0.6000000000000014,-2.0,-10.0,1.614222501922747,36.0,2.0
2026-03-17,13.4,22.0,6.0,13.3,22.0,6.0,65.5,5.8,0.0,0.0,13.0,1014.6,25.0,21.7,9.0,1.700000000000001,-0.29999999999999893,-7.9,1.1088389466118693,36.0,2.0
2026-03-18,16.7,24.0,11.0,16.7,24.0,11.0,40.1,1.5,1.3,100.0,22.3,1010.0,43.2,19.3,9.0,3.299999999999999,-0.5,-3.900000000000002,1.639105447085775,36.0,2.0
2026-03-19,13.6,19.6,11.0,13.6,19.6,11.0,78.3,9.6,13.2,100.0,25.9,1004.1,70.8,19.7,8.0,-3.0999999999999996,-1.0999999999999996,-0.5999999999999996,1.639105447085775,36.0,2.0
2026-03-20,12.5,16.0,10.0,11.7,16.0,6.2,70.8,6.9,11.8,100.0,35.3,1006.8,65.6,15.1,6.0,-1.0999999999999996,-0.09999999999999964,3.3000000000000007,1.6707568857940183,36.0,2.0
2026-03-21,10.6,14.0,8.0,9.3,14.0,5.2,73.1,5.8,13.3,100.0,33.5,1006.9,69.3,15.2,6.0,-1.9000000000000004,-0.7000000000000011,4.8999999999999995,1.9319370984533732,36.0,2.0
2026-03-22,9.8,14.0,7.0,8.5,14.0,3.3,72.6,4.8,8.0,100.0,22.3,1010.0,51.2,16.8,7.0,-0.7999999999999989,-3.3999999999999986,1.9000000000000004,2.27700722545216,36.0,2.0
2026-03-23,11.0,16.0,7.0,10.8,16.0,7.0,66.1,4.4,0.0,0.0,18.4,1011.5,60.0,18.4,8.0,1.1999999999999993,-4.9,1.4000000000000004,2.338395868559185,36.0,2.0
2026-03-24,10.8,15.3,7.0,10.5,15.3,6.2,70.8,5.3,0.0,0.0,18.4,1008.0,30.3,17.8,8.0,-0.1999999999999993,-1.5999999999999996,-1.799999999999999,2.3803761207401353,36.0,2.0
2026-03-25,10.4,15.0,7.0,9.6,15.0,5.1,71.3,5.0,4.0,100.0,22.3,1001.6,63.2,19.1,8.0,-0.40000000000000036,-0.09999999999999964,-6.6,1.3289809916585502,36.0,2.0
2026-03-26,9.1,11.0,8.0,7.2,11.0,5.4,81.1,6.0,5.2,100.0,25.9,1001.8,69.7,12.4,5.0,-1.3000000000000007,-1.3000000000000007,-10.4,1.0598742063719262,36.0,2.0
2026-03-27,10.3,13.0,9.0,8.5,13.0,5.5,85.6,7.9,3.9,100.0,29.5,1012.9,66.4,13.2,6.0,1.200000000000001,-1.1999999999999993,-11.7,0.6491753009994443,36.0,2.0
2026-03-28,12.5,18.0,8.0,12.1,18.0,5.7,64.4,5.4,0.0,0.0,20.5,1015.0,44.6,23.7,9.0,2.1999999999999993,1.6999999999999993,-10.5,1.0659223593628464,36.0,2.0
2026-03-29,12.5,14.8,10.0,12.4,14.8,8.1,74.9,8.0,4.9,100.0,35.3,1010.6,78.5,10.7,5.0,0.0,4.300000000000001,-4.199999999999999,1.2231886511040326,36.0,2.0
2026-03-30,10.7,14.0,8.0,9.6,14.0,5.0,76.1,6.6,1.3,100.0,24.1,1012.2,53.8,15.1,6.0,-1.8000000000000007,3.3999999999999995,-2.8000000000000007,1.2261049438496507,36.0,2.0
2026-03-31,12.3,19.4,8.0,11.8,19.4,6.0,70.3,6.7,0.8,0.0,11.2,1014.5,57.6,14.9,5.0,1.6000000000000014,4.700000000000001,-3.8000000000000007,1.332201900899842,36.0,2.0
2026-04-01,12.7,17.0,10.0,12.7,17.0,10.0,80.0,9.3,6.1,100.0,11.2,1015.8,93.8,9.0,4.0,0.3999999999999986,4.0,-8.400000000000002,1.4081396034685016,36.0,2.0
2026-04-02,16.5,21.0,12.0,16.5,21.0,12.0,80.7,13.1,7.4,100.0,37.1,1013.4,91.4,10.8,5.0,3.8000000000000007,6.5,-1.0,2.006655592438842,36.0,2.0
2026-04-03,13.9,16.0,11.0,13.9,16.0,11.0,61.4,5.8,2.0,100.0,25.9,1016.5,76.3,24.0,9.0,-2.5999999999999996,4.0,-2.0,1.799470821684729,36.0,2.0
2026-04-04,13.7,19.2,9.0,13.5,19.2,7.2,48.1,2.5,0.0,0.0,22.3,1017.4,12.9,24.8,9.0,-0.20000000000000107,2.6999999999999993,-0.9000000000000004,1.7994708216847348,36.0,2.0
2026-04-05,12.3,16.0,9.0,11.8,16.0,7.5,58.5,4.2,2.2,100.0,27.7,1019.3,41.9,17.6,7.0,-1.3999999999999986,1.200000000000001,-1.799999999999999,1.8137044438174876,36.0,2.0
2026-04-06,12.7,19.0,8.0,12.6,19.0,8.0,61.7,5.1,0.2,0.0,37.1,1020.4,33.4,20.3,8.0,0.3999999999999986,3.0999999999999996,-6.699999999999999,1.4909249286455268,36.0,2.0
2026-04-07,11.5,15.4,8.0,11.2,15.4,6.4,77.9,7.7,2.9,100.0,25.9,1019.9,47.4,17.9,7.0,-1.1999999999999993,3.0,-9.600000000000001,1.6183471874252235,36.0,2.0
2026-04-08,12.2,17.4,8.0,11.5,17.4,6.3,74.9,7.7,2.6,100.0,25.9,1018.9,48.9,17.6,7.0,0.6999999999999993,3.5999999999999996,-10.8,1.6611814499094655,36.0,2.0
2026-04-09,13.3,20.0,9.0,12.5,20.0,6.4,64.5,6.3,0.1,0.0,33.5,1016.9,34.1,16.7,6.0,1.1000000000000014,3.3000000000000007,-7.399999999999999,0.8736894948050947,36.0,2.0
2026-04-10,14.0,19.0,10.8,14.0,19.0,10.8,60.0,6.1,0.0,0.0,25.9,1016.7,16.1,20.7,8.0,0.6999999999999993,1.8000000000000007,1.4000000000000004,0.8952254305078813,36.0,2.0
2026-04-11,13.1,19.5,9.0,12.8,19.5,7.9,58.1,4.8,0.0,0.0,22.3,1017.6,39.9,18.4,8.0,-0.9000000000000004,-0.5,1.4000000000000004,0.8220184217605621,36.0,2.0
2026-04-12,13.2,19.2,8.0,13.2,19.2,8.0,69.1,7.2,0.2,0.0,24.1,1017.4,30.6,20.0,8.0,0.09999999999999964,-1.3000000000000007,1.6999999999999993,0.8141603913582374,36.0,2.0
2026-04-13,14.3,20.0,9.0,14.0,20.0,7.9,65.1,7.4,0.0,0.0,18.4,1018.7,30.2,20.9,8.0,1.1000000000000014,-0.09999999999999964,3.0,0.9719886340700636,36.0,2.0
2026-04-14,16.5,26.1,9.0,16.4,26.1,7.9,50.4,4.6,0.0,0.0,14.8,1021.3,1.5,26.6,10.0,2.1999999999999993,4.199999999999999,5.4,1.3686976778430302,36.0,2.0
2026-04-15,21.7,30.3,14.0,21.2,28.4,14.0,34.6,4.4,0.0,0.0,11.2,1015.4,88.2,21.3,8.0,5.199999999999999,10.0,9.7,3.1144058517674833,36.0,2.0
2026-04-16,25.4,32.7,18.0,24.8,31.0,18.0,35.0,8.4,0.2,0.0,15.1,1008.1,45.6,24.0,9.0,3.6999999999999993,11.999999999999998,10.7,4.808821259390064,36.0,2.0
2026-04-17,24.7,33.3,18.0,24.5,32.3,18.0,49.9,13.0,0.2,0.0,16.6,1005.7,23.5,24.2,9.0,-0.6999999999999993,8.0,6.199999999999999,5.402600784630988,36.0,2.0
2026-04-18,19.8,25.0,16.4,19.8,25.0,16.4,52.5,9.3,0.0,0.0,33.5,1006.8,10.7,25.5,9.0,-4.899999999999999,6.200000000000001,-1.5999999999999979,4.871589160877711,36.0,2.0
2026-04-19,17.0,21.5,13.0,17.0,21.5,13.0,64.6,9.9,0.0,0.0,24.1,1010.8,50.5,18.6,6.0,-2.8000000000000007,4.5,-5.699999999999999,4.240058400316623,36.0,2.0
2026-04-20,14.3,18.0,10.0,14.2,18.0,8.7,62.7,6.7,0.0,0.0,33.5,1013.0,33.5,22.6,9.0,-2.6999999999999993,3.700000000000001,-6.800000000000001,4.240058400316623,36.0,2.0
2026-04-21,13.8,19.0,9.0,13.6,19.0,7.9,61.2,5.9,0.0,0.0,18.4,1015.5,32.7,19.2,7.0,-0.5,4.0,-5.699999999999999,4.700253285981641,36.0,2.0
2026-04-22,15.8,24.7,8.0,15.7,24.7,7.3,48.8,2.5,0.0,0.0,16.6,1015.8,6.6,27.5,10.0,2.0,4.800000000000001,-8.5,4.774386023852916,36.0,2.0
2026-04-23,17.9,25.0,10.0,17.9,25.0,10.0,39.6,1.6,0.0,0.0,18.4,1013.7,5.7,27.4,10.0,2.099999999999998,7.099999999999998,-7.900000000000002,3.747634174350789,36.0,2.0
2026-04-24,19.0,25.0,12.0,19.0,25.0,12.0,30.3,-0.6,0.0,0.0,14.8,1012.3,54.4,25.6,10.0,1.1000000000000014,8.6,-2.8999999999999986,2.2854612955229077,36.0,2.0
2026-04-25,21.9,29.0,15.0,21.5,27.4,15.0,35.1,4.6,0.0,0.0,18.4,1012.5,53.8,25.1,10.0,2.8999999999999986,12.799999999999999,3.599999999999998,2.820165479778321,36.0,2.0
2026-04-26,22.4,29.0,15.0,22.0,27.4,15.0,34.7,4.0,0.3,100.0,22.3,1013.8,13.3,25.2,9.0,0.5,12.099999999999998,6.299999999999997,3.4552926965812434,36.0,2.0
2026-04-27,17.3,23.0,13.0,17.3,23.0,13.0,53.1,7.0,3.0,100.0,27.7,1013.8,34.1,23.0,8.0,-5.099999999999998,4.800000000000001,0.10000000000000142,3.1069813860616313,36.0,2.0
2026-04-28,17.1,23.0,12.0,17.1,23.0,12.0,61.7,9.0,0.0,0.0,22.3,1014.8,22.5,24.0,9.0,-0.1999999999999993,4.600000000000001,-1.6999999999999993,2.5018088694078555,36.0,2.0
2026-04-29,18.9,25.0,13.0,18.9,25.0,13.0,43.7,5.4,0.0,0.0,20.5,1015.9,12.6,26.1,9.0,1.7999999999999972,8.2,0.7999999999999972,2.135750119145222,36.0,2.0
2026-04-30,20.3,27.0,13.0,20.3,26.2,13.0,38.0,4.7,0.0,0.0,18.4,1016.1,12.9,27.1,10.0,1.4000000000000021,8.0,-2.6999999999999993,2.0815516190710843,36.0,2.0
2026-05-01,19.2,24.0,15.0,19.2,24.0,15.0,37.3,3.9,0.0,0.0,24.1,1014.0,24.9,26.9,10.0,-1.1000000000000014,6.5,-0.10000000000000142,2.0739885658867276,36.0,2.0
2026-05-02,20.2,27.0,13.0,20.1,26.0,13.0,26.6,-0.1,0.3,0.0,14.8,1012.9,33.4,26.8,9.0,1.0,3.6999999999999993,2.0,1.8446834803991228,36.0,2.0
2026-05-03,20.4,25.0,14.0,20.4,25.0,14.0,39.4,4.8,1.9,100.0,44.6,1010.0,31.1,24.1,9.0,0.1999999999999993,6.499999999999998,2.0,1.3914706163590778,36.0,2.0
2026-05-04,13.5,18.0,10.0,13.4,18.0,7.7,57.7,4.9,1.9,100.0,35.3,1015.4,59.5,18.6,7.0,-6.899999999999999,-0.1999999999999993,-3.3999999999999986,2.494947274946318,36.0,2.0
2026-05-05,12.6,16.0,10.0,12.1,16.0,7.3,58.2,4.3,1.3,0.0,31.7,1015.5,69.0,16.7,6.0,-0.9000000000000004,0.29999999999999893,-3.5999999999999996,3.3524688841281836,36.0,2.0
2026-05-06,13.7,19.0,10.0,13.5,19.0,7.9,62.7,6.2,0.5,0.0,14.8,1017.4,62.8,13.8,4.0,1.0999999999999996,1.0,-4.900000000000002,3.6495270404598394,36.0,2.0
2026-05-07,16.5,25.0,9.0,16.5,25.0,8.5,52.8,5.2,0.0,0.0,22.3,1017.7,2.3,28.5,10.0,2.8000000000000007,5.0,-4.800000000000001,3.371166252910372,36.0,2.0
2026-05-08,20.8,28.0,14.0,20.5,26.8,14.0,40.1,5.5,0.0,0.0,16.6,1017.6,4.9,28.4,10.0,4.300000000000001,8.600000000000001,-3.8999999999999986,3.622811326133586,36.0,2.0
2026-05-09,23.4,30.0,17.0,23.0,28.3,17.0,36.0,6.8,0.0,0.0,18.4,1017.2,6.5,27.9,10.0,2.599999999999998,10.099999999999998,-3.0,4.266034179310753,36.0,2.0
2026-05-10,23.5,30.0,17.0,23.1,28.1,17.0,31.6,4.7,0.0,0.0,22.3,1017.0,0.0,28.6,10.0,0.10000000000000142,9.5,-4.199999999999999,4.775433164097464,36.0,2.0
2026-05-11,22.8,28.0,17.0,22.5,26.7,17.0,28.2,2.6,0.0,0.0,24.1,1017.0,14.8,28.8,10.0,-0.6999999999999993,9.700000000000001,-4.099999999999998,4.70065851516473,36.0,2.0
2026-05-12,25.3,31.0,19.0,24.5,28.9,19.0,20.1,0.5,0.0,0.0,24.1,1015.7,33.2,27.2,9.0,2.5,12.100000000000001,0.40000000000000213,4.226447342965203,36.0,2.0
2026-05-13,23.4,28.0,18.0,23.2,26.7,18.0,31.2,4.9,0.0,0.0,27.7,1013.8,6.5,27.8,10.0,-1.9000000000000021,9.099999999999998,2.799999999999997,2.857071427678669,36.0,2.0
2026-05-14,24.0,30.0,16.5,23.4,28.1,16.5,23.9,1.4,0.0,0.0,25.9,1013.3,39.4,27.3,10.0,0.6000000000000014,7.5,4.100000000000001,1.3569924728713187,36.0,2.0
2026-05-15,21.5,27.0,15.0,21.4,26.0,15.0,27.9,1.5,0.0,0.0,33.5,1011.1,35.9,27.6,10.0,-2.5,-0.1999999999999993,3.3000000000000007,1.1509830167134374,36.0,2.0
2026-05-16,17.5,22.0,13.0,17.5,22.0,13.0,54.9,7.9,0.5,0.0,27.7,1012.6,37.8,25.0,9.0,-4.0,-7.899999999999999,-4.399999999999999,2.5150972716209243,36.0,2.0
2026-05-17,21.8,29.0,14.0,21.4,27.4,14.0,35.9,4.4,0.0,0.0,25.9,1013.6,5.5,28.2,10.0,4.300000000000001,-2.8999999999999986,-7.699999999999999,2.4924648347332097,36.0,2.0
2026-05-18,26.8,32.0,23.0,26.0,29.8,23.0,24.3,4.3,0.0,0.0,35.3,1012.4,47.8,27.4,10.0,5.0,7.0,-0.8000000000000007,3.021037349432716,36.0,2.0
2026-05-19,22.3,26.0,18.0,22.3,26.0,18.0,26.5,1.7,0.0,0.0,33.5,1013.5,33.9,28.2,10.0,-4.5,5.300000000000001,0.0,2.830614942443014,36.0,2.0
2026-05-20,20.3,26.0,15.0,20.3,26.0,15.0,32.1,2.2,0.1,0.0,42.5,1012.8,40.1,26.0,9.0,-2.0,6.0,-0.3000000000000007,2.9027080951612985,36.0,2.0
2026-05-21,16.7,21.1,13.0,16.7,21.1,13.0,63.0,9.4,2.3,100.0,31.7,1012.9,75.0,18.4,7.0,-3.6000000000000014,2.8999999999999986,-4.600000000000001,3.352823969645447,36.0,2.0
2026-05-22,18.8,24.0,14.0,18.8,24.0,14.0,54.8,8.5,0.0,0.0,18.4,1016.6,31.4,25.9,9.0,2.1000000000000014,3.0,-5.599999999999998,3.438022687534278,36.0,2.0
2026-05-23,19.8,25.0,14.0,19.8,25.0,14.0,42.8,6.0,0.0,0.0,22.3,1018.3,19.4,29.0,10.0,1.0,1.9000000000000021,-2.8999999999999986,3.193594780032071,36.0,2.0
2026-05-24,20.2,24.0,16.0,20.2,24.0,16.0,34.6,3.8,0.0,0.0,29.5,1018.9,8.9,29.1,10.0,0.3999999999999986,1.1999999999999993,-4.199999999999999,3.1780497164142094,36.0,2.0
2026-05-25,20.3,28.1,14.0,20.3,27.3,14.0,38.8,5.0,0.0,0.0,20.5,1019.0,5.4,28.6,10.0,0.10000000000000142,-1.5999999999999979,-5.699999999999999,1.7085220569392439,36.0,2.0
2026-05-26,21.4,28.0,15.0,21.2,27.0,15.0,43.0,7.5,0.0,0.0,16.6,1016.9,12.0,29.2,10.0,1.0999999999999979,-1.0,-7.0,1.5087049003004993,36.0,2.0
2026-05-27,23.0,30.0,17.0,22.7,28.9,17.0,47.3,10.4,0.0,0.0,22.3,1015.4,24.6,28.2,10.0,1.6000000000000014,5.699999999999999,0.10000000000000142,1.9771311587873845,36.0,2.0
2026-05-28,20.1,25.0,15.0,20.1,25.0,15.0,53.4,9.7,0.0,0.0,25.9,1015.5,31.6,27.5,10.0,-2.8999999999999986,3.0,0.7000000000000028,1.3371967836095198,36.0,2.0
2026-05-29,20.0,25.0,15.0,20.0,25.0,15.0,44.8,6.8,0.0,0.0,27.7,1016.7,14.6,27.0,9.0,-0.10000000000000142,1.1000000000000014,0.10000000000000142,1.1437199124329667,36.0,2.0
2026-05-30,20.7,27.0,15.0,20.7,26.6,15.0,49.2,9.2,0.0,0.0,20.5,1016.7,20.2,26.8,10.0,0.6999999999999993,0.3999999999999986,-0.3000000000000007,1.0761483346154908,36.0,2.0
2026-05-31,22.9,28.0,18.0,22.6,27.0,18.0,41.9,8.5,0.0,0.0,16.6,1016.5,20.2,27.6,9.0,2.1999999999999993,3.6999999999999993,-1.5,1.2832251036615465,36.0,2.0
2026-06-01,23.4,29.0,18.0,23.0,27.5,18.0,33.4,5.4,0.0,0.0,20.5,1017.2,15.0,29.1,10.0,0.5,3.1999999999999993,0.5999999999999979,1.4455185261782026,36.0,2.0
2026-06-02,23.0,29.0,16.0,22.6,27.8,16.0,30.3,3.8,0.0,0.0,25.9,1018.8,2.4,29.5,10.0,-0.3999999999999986,2.6000000000000014,2.5,1.5250292737239233,36.0,2.0
2026-06-03,25.0,30.0,20.0,24.3,28.1,20.0,19.9,-0.3,0.0,0.0,29.5,1018.2,13.3,29.8,10.0,2.0,11.5,4.600000000000001,1.9103726886459844,36.0,2.0
2026-06-04,25.6,31.0,21.0,24.9,29.0,21.0,22.7,2.5,0.0,0.0,22.3,1017.3,1.3,29.5,10.0,0.6000000000000014,13.000000000000002,3.5,2.0492739713187738,36.0,2.0
2026-06-05,23.9,29.0,20.0,23.6,27.4,20.0,25.8,2.6,0.0,0.0,25.9,1016.8,0.0,30.2,10.0,-1.7000000000000028,10.2,-0.8000000000000007,1.5958278938117252,36.0,2.0
2026-06-06,24.3,30.0,18.0,23.7,28.1,18.0,23.2,1.3,0.0,0.0,18.4,1015.5,0.2,29.5,10.0,0.40000000000000213,7.800000000000001,-2.1999999999999993,1.0188695883655687,36.0,2.0
2026-06-07,24.2,29.0,20.0,23.8,27.6,20.0,32.9,5.8,0.0,0.0,18.4,1015.6,0.0,29.6,10.0,-0.10000000000000142,3.3999999999999986,-1.5,0.8925618559336285,36.0,2.0
2026-06-08,24.2,29.0,18.0,23.8,28.3,18.0,41.3,9.8,0.0,0.0,18.4,1015.3,1.8,29.0,10.0,0.0,0.8000000000000007,-1.5,0.8214389233308468,36.0,2.0
2026-06-09,25.3,31.0,21.0,24.8,29.3,21.0,37.5,9.3,0.0,0.0,25.9,1013.8,7.6,29.2,10.0,1.1000000000000014,1.8000000000000007,-0.3999999999999986,0.6502746672431863,36.0,2.0
2026-06-10,25.5,31.0,19.7,24.8,28.9,19.7,32.7,6.7,0.0,0.0,25.9,1013.6,0.0,29.6,10.0,0.1999999999999993,2.6999999999999993,-1.5,0.7197883286747182,36.0,2.0
2026-06-11,25.2,30.0,19.0,24.7,28.9,19.0,35.2,8.3,0.0,0.0,18.4,1015.3,14.7,29.2,10.0,-0.3000000000000007,-0.10000000000000142,-1.5,0.6502746672431877,36.0,2.0
2026-06-12,24.3,30.0,20.0,24.0,28.5,20.0,33.5,6.6,0.0,0.0,22.3,1015.8,4.0,29.0,10.0,-0.8999999999999986,0.9000000000000021,-2.5,0.5871642911170687,36.0,2.0
2026-06-13,23.5,28.0,18.0,23.3,27.2,18.0,35.6,6.7,0.0,0.0,20.5,1014.7,8.0,28.8,10.0,-0.8000000000000007,-0.5,-3.8000000000000007,0.7393691004280285,36.0,2.0
2026-06-14,23.0,28.0,15.0,22.8,27.8,15.0,39.1,7.3,0.0,0.0,25.9,1013.7,0.4,28.9,10.0,-0.5,1.5,-4.600000000000001,0.9551863443234565,36.0,2.0
2026-06-15,22.7,29.0,16.0,22.5,28.2,16.0,53.2,12.0,0.0,0.0,15.8,1014.8,11.1,28.3,10.0,-0.3000000000000007,5.199999999999999,-2.6999999999999993,1.1610750355150437,36.0,2.0
2026-06-16,24.8,32.0,17.0,24.2,30.3,17.0,48.9,11.4,0.0,0.0,14.8,1016.9,3.5,29.6,10.0,2.1000000000000014,3.0,0.6000000000000014,1.096748441010131,36.0,2.0
2026-06-17,25.9,33.0,19.0,25.3,30.8,19.0,38.4,9.5,0.0,0.0,22.3,1015.8,19.1,29.2,10.0,1.0999999999999979,-0.9000000000000021,1.1999999999999993,1.1860297916442424,36.0,2.0
2026-06-18,24.5,30.0,20.0,24.2,28.8,20.0,40.4,9.7,0.0,0.0,18.4,1014.0,6.0,28.6,10.0,-1.3999999999999986,2.1999999999999993,-1.5,1.1150485789122981,36.0,2.0
2026-06-19,23.9,30.9,17.6,23.5,29.3,17.6,40.8,9.3,0.0,0.0,20.5,1012.6,2.2,29.6,10.0,-0.6000000000000014,3.599999999999998,-2.3000000000000007,1.1133390361991278,36.0,2.0
2026-06-20,24.9,31.9,18.0,24.4,30.2,18.0,37.9,9.2,0.0,0.0,20.1,1014.9,0.2,29.5,10.0,1.0,8.2,-0.40000000000000213,1.125251294685548,36.0,2.0
2026-06-21,26.2,32.9,20.1,25.8,31.4,20.1,36.7,10.0,0.0,0.0,20.1,1014.8,5.2,29.3,10.0,1.3000000000000007,7.399999999999999,0.09999999999999787,1.184623709594922,36.0,2.0
2026-06-22,24.8,31.4,18.5,24.8,30.8,18.5,48.8,12.8,0.0,0.0,22.3,1012.0,19.6,27.9,10.0,-1.3999999999999986,5.0,-0.8999999999999986,0.7958224257549443,36.0,2.0
2026-06-23,24.1,29.9,18.5,23.9,29.1,18.5,47.7,12.0,0.0,0.0,25.6,1011.8,15.8,27.6,10.0,-0.6999999999999993,3.900000000000002,-0.6999999999999993,0.8660254037850929,36.0,2.0
2026-06-24,25.2,31.3,20.4,24.9,30.2,20.4,44.7,11.8,0.0,0.0,29.5,1012.5,12.5,28.6,10.0,1.0999999999999979,4.899999999999999,-0.3000000000000007,0.7659416862057995,36.0,2.0
2026-06-25,25.2,31.3,19.0,24.9,30.4,19.0,43.1,11.3,0.0,0.0,25.5,1012.8,16.7,28.1,10.0,0.0,3.8000000000000007,-0.9000000000000021,0.7659416862058109,36.0,2.0
2026-06-26,25.2,31.3,19.0,24.9,30.5,19.0,45.7,12.3,0.0,0.0,22.3,1012.0,17.1,28.5,10.0,0.0,2.1999999999999993,-1.3000000000000007,0.6283008075460921,36.0,2.0
2026-06-27,26.1,32.3,19.0,26.0,31.8,19.0,42.8,12.1,0.0,0.0,21.5,1012.2,17.5,27.5,10.0,0.9000000000000021,6.0,-1.6999999999999993,0.7253898787491271,36.0,2.0
2026-06-28,26.5,31.9,20.0,26.4,31.2,20.0,42.5,12.4,0.0,0.0,21.0,1012.5,20.8,28.6,10.0,0.3999999999999986,6.5,-2.6999999999999993,0.7958224257549783,36.0,2.0
2026-06-29,27.1,33.9,21.0,26.8,32.9,21.0,41.2,12.4,0.0,0.0,24.1,1012.4,9.2,29.4,10.0,0.6000000000000014,6.400000000000002,-1.7999999999999972,1.002853072845443,36.0,2.0
2026-06-30,27.2,33.9,21.0,26.6,32.3,21.0,35.8,10.4,0.0,0.0,23.0,1012.2,1.5,29.3,10.0,0.09999999999999787,4.300000000000001,-0.3000000000000007,0.8938946353172488,36.0,2.0
2026-07-01,26.9,32.8,21.6,26.5,31.6,21.6,38.0,11.1,0.0,0.0,25.3,1011.3,3.3,28.5,10.0,-0.3000000000000007,3.5,0.1999999999999993,0.8474050024024029,36.0,2.0
2026-07-02,25.9,32.3,20.0,25.5,30.9,20.0,41.6,11.3,0.0,0.0,18.2,1010.6,16.2,28.3,10.0,-1.0,2.8999999999999986,-0.3000000000000007,0.7267016155869156,36.0,2.0
2026-07-03,24.7,31.3,18.0,24.6,30.9,18.0,50.0,13.2,0.0,0.0,25.1,1011.2,19.5,27.1,10.0,-1.1999999999999993,-0.3000000000000007,-1.6999999999999993,0.875323069610221,36.0,2.0
2026-07-04,25.3,30.9,20.0,25.4,31.1,20.0,51.5,14.4,0.2,0.0,24.3,1010.9,26.4,25.7,9.0,0.6000000000000014,-0.3000000000000007,-0.6999999999999993,0.9604066599010632,36.0,2.0
2026-07-05,25.6,31.9,20.4,25.9,32.6,20.4,61.1,17.1,0.0,0.0,25.9,1009.8,30.3,24.5,9.0,0.3000000000000007,1.7000000000000028,0.10000000000000142,0.9780933834087667,36.0,2.0
2026-07-06,25.8,31.9,20.0,25.8,31.6,20.0,55.2,15.5,0.0,0.0,27.7,1011.8,43.4,25.5,9.0,0.1999999999999993,1.5,-0.3999999999999986,0.8745066636471186,36.0,2.0
2026-07-07,25.5,31.3,20.0,25.5,31.0,20.0,52.5,14.7,0.0,0.0,25.9,1012.3,24.4,24.7,9.0,-0.3000000000000007,1.3000000000000007,-1.6000000000000014,0.6701101544140987,36.0,2.0
2026-07-08,24.6,30.3,20.0,24.4,29.6,20.0,57.6,14.9,0.0,0.0,23.3,1011.3,28.0,26.3,10.0,-0.8999999999999986,0.40000000000000213,-2.599999999999998,0.5126959555705056,36.0,2.0
2026-07-09,24.5,30.9,18.0,24.3,29.8,18.0,51.7,13.3,0.0,0.0,20.5,1010.7,30.0,26.9,10.0,-0.10000000000000142,-0.8000000000000007,-2.6999999999999993,0.5318431562578565,36.0,2.0
2026-07-10,25.1,31.9,18.5,24.6,30.4,18.5,39.3,9.8,0.0,0.0,20.5,1013.4,11.4,28.8,10.0,0.6000000000000014,-0.3999999999999986,-3.0,0.4966554808595717,36.0,2.0
2026-07-11,25.8,33.4,19.0,25.4,31.6,19.0,37.6,9.8,0.0,0.0,21.8,1014.8,7.0,28.3,10.0,0.6999999999999993,0.6000000000000014,-3.3999999999999986,0.5468524655232138,36.0,2.0
2026-07-12,26.4,33.9,20.0,26.1,32.6,20.0,41.2,11.8,0.0,0.0,22.3,1012.4,5.0,28.9,10.0,0.5999999999999979,2.099999999999998,-2.6000000000000014,0.6914443130841823,36.0,2.0
2026-07-13,27.1,33.3,22.0,27.0,33.0,22.0,39.8,12.0,0.0,0.0,21.5,1010.6,12.2,27.8,10.0,0.7000000000000028,3.6000000000000014,0.10000000000000142,0.9481812163552237,36.0,2.0
2026-07-14,27.6,34.4,21.6,27.0,32.6,21.6,36.2,10.8,0.0,0.0,20.5,1010.4,6.0,28.5,10.0,0.5,4.600000000000001,1.1000000000000014,1.216161016908915,36.0,2.0
2026-07-15,27.6,33.9,21.6,27.2,32.9,21.6,34.7,10.5,0.0,0.0,19.7,1011.2,3.9,28.9,10.0,0.0,4.900000000000002,1.3000000000000007,1.2220201853221242,36.0,2.0
2026-07-16,27.4,34.0,21.0,27.1,32.9,21.0,37.8,11.5,0.0,0.0,22.3,1010.8,6.8,28.2,10.0,-0.20000000000000284,2.599999999999998,0.5999999999999979,0.9771191865700749,36.0,2.0
2026-07-17,27.4,33.3,22.0,27.1,32.3,22.0,39.7,12.3,0.0,0.0,20.5,1009.0,8.7,28.6,10.0,0.0,1.5,-0.6000000000000014,0.6876460883758908,36.0,2.0
2026-07-18,28.1,34.3,23.0,27.5,32.4,23.0,34.5,10.6,0.0,0.0,20.5,1010.0,3.1,28.7,10.0,0.7000000000000028,3.6000000000000014,-0.5,0.5250850271297668,36.0,2.0
2026-07-19,28.4,35.3,21.0,27.4,33.2,21.0,31.2,9.0,0.0,0.0,24.3,1012.7,0.0,29.0,10.0,0.29999999999999716,4.5,2.8999999999999986,0.44668088108340204,36.0,2.0
2026-07-20,28.6,34.3,22.6,28.0,32.9,22.6,33.4,10.6,0.0,0.0,23.0,1013.3,1.1,28.7,10.0,0.20000000000000284,3.700000000000003,3.200000000000003,0.49232200070952303,36.0,2.0
2026-07-21,28.5,34.3,22.6,28.0,33.2,22.6,35.4,11.4,0.0,0.0,25.3,1011.5,6.4,28.3,10.0,-0.10000000000000142,2.3000000000000007,1.3999999999999986,0.5259911279369324,36.0,2.0
2026-07-22,29.4,35.4,23.0,29.0,35.6,23.0,35.9,12.4,0.0,0.0,22.3,1010.1,8.8,27.8,10.0,0.8999999999999986,4.599999999999998,0.6999999999999993,0.7067699834638977,36.0,2.0
2026-07-23,29.5,35.8,24.1,28.9,34.4,24.1,32.0,10.7,0.0,0.0,32.9,1008.5,10.6,28.2,10.0,0.10000000000000142,5.399999999999999,-0.3000000000000007,0.7276838664733579,36.0,2.0
2026-07-24,27.3,32.3,22.0,27.1,32.0,22.0,40.4,12.3,0.0,0.0,29.3,1007.4,20.8,27.2,9.0,-2.1999999999999993,2.1000000000000014,-1.6999999999999993,0.7546680127881477,36.0,2.0
2026-07-25,25.8,32.3,20.0,25.7,32.0,20.0,55.3,15.3,0.1,0.0,24.9,1008.4,25.3,29.0,10.0,-1.5,0.6000000000000014,-3.0,1.2902565267277828,36.0,2.0
2026-07-26,26.4,31.9,22.0,26.3,31.1,22.0,46.3,13.7,0.0,0.0,24.3,1011.0,6.6,28.7,10.0,0.5999999999999979,1.1999999999999993,-3.400000000000002,1.4534032311724896,36.0,2.0
2026-07-27,25.8,32.9,19.0,25.6,32.5,19.0,48.2,13.5,0.0,0.0,21.8,1013.1,4.2,29.5,10.0,-0.5999999999999979,-0.3000000000000007,-4.399999999999999,1.614222501923413,36.0,2.0
2026-07-28,26.5,32.9,20.9,26.1,32.0,20.9,44.9,12.9,0.0,0.0,23.9,1011.8,3.1,29.6,10.0,0.6999999999999993,0.0,-3.1999999999999993,1.5904476758212915,36.0,2.0
