time,temperature_2m_max,temperature_2m_min,temperature_2m_mean,precipitation_sum
2023-01-01,14.5,9.6,12.0,11.0
2023-01-02,14.0,10.4,11.9,13.9
2023-01-03,17.3,11.4,13.7,4.8
2023-01-04,18.8,12.4,14.9,8.2
2023-01-05,14.7,7.5,11.2,0.0
2023-01-06,13.5,5.8,9.2,0.0
2023-01-07,14.2,5.7,9.5,0.0
2023-01-08,17.1,5.6,11.1,0.4
2023-01-09,21.2,12.8,15.5,2.9
2023-01-10,13.2,7.5,10.4,0.0
2023-01-11,12.4,6.5,9.0,0.0
2023-01-12,13.4,6.5,9.5,0.7
2023-01-13,18.9,7.4,12.2,0.0
2023-01-14,20.7,11.6,15.1,0.4
2023-01-15,16.6,9.4,12.7,0.0
2023-01-16,21.5,11.1,15.0,8.3
2023-01-17,16.4,9.1,13.5,1.4
2023-01-18,14.0,6.0,9.3,0.0
2023-01-19,14.6,4.4,8.8,0.0
2023-01-20,16.6,6.0,10.6,0.0
2023-01-21,19.8,8.5,13.2,0.0
2023-01-22,19.6,11.3,14.6,0.6
2023-01-23,19.7,11.4,14.7,0.7
2023-01-24,18.0,9.6,13.1,1.0
2023-01-25,16.3,9.9,12.4,0.3
2023-01-26,16.0,9.6,12.5,0.3
2023-01-27,14.7,6.7,10.2,0.0
2023-01-28,17.5,5.7,10.8,0.0
2023-01-29,22.4,9.6,14.7,0.0
2023-01-30,25.0,11.0,16.5,0.0
2023-01-31,27.1,15.9,21.0,0.0
2023-02-01,20.6,10.6,15.3,0.0
2023-02-02,18.5,7.6,12.5,0.0
2023-02-03,16.1,5.3,10.5,0.0
2023-02-04,24.2,6.4,13.6,0.0
2023-02-05,21.5,7.6,14.1,0.0
2023-02-06,25.6,12.9,18.5,0.0
2023-02-07,18.7,10.3,14.5,0.0
2023-02-08,18.1,5.7,11.6,0.0
2023-02-09,16.1,6.1,11.1,0.0
2023-02-10,19.9,6.1,12.7,0.0
2023-02-11,26.1,11.2,18.0,0.0
2023-02-12,26.0,13.9,20.6,0.0
2023-02-13,17.4,10.1,12.7,3.0
2023-02-14,20.1,9.0,12.7,7.3
2023-02-15,15.5,7.1,10.6,0.0
2023-02-16,14.5,5.5,9.5,0.0
2023-02-17,11.8,7.5,9.1,0.0
2023-02-18,11.9,5.4,7.8,0.0
2023-02-19,16.8,5.7,10.7,0.0
2023-02-20,21.7,6.9,13.4,0.0
2023-02-21,27.2,12.6,19.1,0.0
2023-02-22,26.7,9.6,17.6,0.0
2023-02-23,27.9,14.3,20.2,0.0
2023-02-24,24.4,9.7,17.0,0.0
2023-02-25,29.0,12.7,20.4,0.0
2023-02-26,28.6,14.8,21.5,0.0
2023-02-27,26.1,12.2,19.3,0.0
2023-02-28,24.5,12.9,18.5,0.0
2023-03-01,24.8,13.4,18.9,0.0
2023-03-02,27.5,14.5,20.8,0.0
2023-03-03,30.6,16.6,23.2,0.0
2023-03-04,30.3,18.1,24.1,0.0
2023-03-05,32.3,16.3,24.9,0.0
2023-03-06,32.8,21.1,25.4,0.0
2023-03-07,33.2,19.3,26.0,0.0
2023-03-08,28.1,18.1,21.5,1.7
2023-03-09,25.3,17.1,21.3,0.0
2023-03-10,23.0,13.6,17.1,2.7
2023-03-11,23.9,11.3,17.4,0.0
2023-03-12,18.5,13.3,16.0,27.5
2023-03-13,23.0,11.6,16.8,0.0
2023-03-14,26.6,14.5,19.5,0.0
2023-03-15,24.6,13.7,18.6,0.0
2023-03-16,22.9,11.4,16.3,0.0
2023-03-17,27.8,12.6,19.1,0.0
2023-03-18,29.2,16.0,21.8,0.4
2023-03-19,26.8,14.5,20.4,0.0
2023-03-20,25.1,12.0,18.8,0.0
2023-03-21,22.4,10.6,16.6,0.0
2023-03-22,23.2,10.5,16.8,0.0
2023-03-23,24.4,10.8,17.8,0.0
2023-03-24,29.0,14.8,21.7,0.0
2023-03-25,31.7,18.7,25.2,0.3
2023-03-26,26.0,16.2,20.6,3.6
2023-03-27,24.7,13.4,19.0,0.0
2023-03-28,25.2,13.5,19.4,0.0
2023-03-29,27.8,13.2,20.6,0.0
2023-03-30,33.3,18.0,22.9,4.1
2023-03-31,23.7,14.5,18.6,0.0
2023-04-01,20.6,9.2,15.0,0.0
2023-04-02,22.8,9.8,16.3,0.0
2023-04-03,25.5,10.7,18.1,0.0
2023-04-04,28.0,13.2,20.9,0.0
2023-04-05,31.0,14.7,23.3,0.0
2023-04-06,33.3,18.3,24.0,3.0
2023-04-07,30.4,19.2,24.0,0.4
2023-04-08,29.4,18.2,23.6,0.0
2023-04-09,31.1,17.7,24.5,0.0
2023-04-10,31.0,18.7,23.4,7.3
2023-04-11,32.7,17.8,25.2,1.9
2023-04-12,32.9,20.5,24.9,13.0
2023-04-13,22.6,15.1,19.0,0.5
2023-04-14,26.7,12.8,19.7,0.0
2023-04-15,25.3,17.5,20.2,11.8
2023-04-16,25.1,16.0,20.1,0.6
2023-04-17,24.8,16.5,20.3,0.6
2023-04-18,26.8,16.8,20.8,0.5
2023-04-19,27.0,16.7,21.1,0.0
2023-04-20,28.6,17.5,22.3,0.0
2023-04-21,30.5,18.5,23.8,1.5
2023-04-22,32.1,18.3,25.2,0.0
2023-04-23,33.7,19.3,27.1,0.0
2023-04-24,32.4,21.3,26.8,0.7
2023-04-25,30.3,17.5,22.2,9.9
2023-04-26,28.5,17.1,21.8,0.3
2023-04-27,30.7,16.9,23.9,0.0
2023-04-28,34.1,19.9,26.6,0.0
2023-04-29,33.6,18.5,26.0,0.0
2023-04-30,32.8,18.6,26.0,0.0
2023-05-01,31.0,18.9,25.0,0.0
2023-05-02,32.9,19.1,26.4,0.0
2023-05-03,36.0,21.8,28.9,0.0
2023-05-04,37.8,23.0,29.7,0.0
2023-05-05,34.9,21.2,28.0,0.0
2023-05-06,38.7,22.5,30.5,0.0
2023-05-07,37.9,22.9,30.8,0.0
2023-05-08,37.3,24.8,30.9,0.0
2023-05-09,36.4,23.9,30.0,0.0
2023-05-10,36.3,22.6,29.3,0.0
2023-05-11,39.3,24.6,31.9,0.0
2023-05-12,39.5,24.5,32.5,0.0
2023-05-13,40.2,25.6,33.0,0.0
2023-05-14,35.6,24.7,30.4,0.0
2023-05-15,36.3,24.1,29.7,0.0
2023-05-16,38.9,25.8,31.7,0.0
2023-05-17,41.2,25.6,33.4,0.0
2023-05-18,40.3,24.3,32.6,0.0
2023-05-19,39.0,26.4,32.7,0.0
2023-05-20,37.1,25.6,32.1,0.0
2023-05-21,35.5,22.2,29.7,0.0
2023-05-22,38.2,25.0,31.7,0.0
2023-05-23,39.7,26.0,32.9,0.0
2023-05-24,38.4,26.9,31.6,0.0
2023-05-25,36.7,25.2,31.6,0.8
2023-05-26,37.6,25.1,31.7,0.0
2023-05-27,38.3,24.3,32.0,0.0
2023-05-28,41.9,27.2,34.2,0.2
2023-05-29,37.2,26.5,31.4,0.0
2023-05-30,37.3,26.5,31.1,0.4
2023-05-31,35.9,23.3,29.2,0.0
2023-06-01,38.6,25.5,32.1,0.0
2023-06-02,38.1,27.3,32.9,0.0
2023-06-03,38.5,26.2,32.7,0.0
2023-06-04,38.7,25.4,32.7,0.0
2023-06-05,39.1,27.3,33.4,0.0
2023-06-06,38.9,27.4,33.6,0.0
2023-06-07,41.4,27.8,34.9,0.0
2023-06-08,39.7,26.7,33.3,0.0
2023-06-09,39.7,25.7,33.4,0.0
2023-06-10,42.7,26.3,35.0,0.0
2023-06-11,42.3,29.0,36.5,0.0
2023-06-12,40.7,28.6,34.9,0.0
2023-06-13,39.4,27.4,33.5,0.0
2023-06-14,40.1,26.3,33.8,0.0
2023-06-15,43.0,27.5,35.9,0.0
2023-06-16,38.8,26.5,33.1,0.0
2023-06-17,38.3,25.9,32.4,0.0
2023-06-18,40.1,25.4,33.3,0.0
2023-06-19,40.9,27.1,34.9,0.0
2023-06-20,41.2,27.1,35.1,0.0
2023-06-21,42.2,28.1,35.4,0.0
2023-06-22,43.0,28.4,35.6,0.0
2023-06-23,43.2,28.8,36.6,0.0
2023-06-24,43.5,28.5,36.5,0.0
2023-06-25,42.0,28.8,35.7,0.0
2023-06-26,41.5,28.4,35.1,0.0
2023-06-27,42.0,26.9,35.2,0.0
2023-06-28,42.6,27.1,35.4,0.0
2023-06-29,42.1,26.9,35.1,0.0
2023-06-30,42.9,26.6,35.6,0.0
2023-07-01,44.6,27.7,36.5,0.0
2023-07-02,43.5,28.7,36.7,0.0
2023-07-03,42.6,28.5,36.4,0.0
2023-07-04,42.3,28.3,35.8,0.0
2023-07-05,42.0,27.7,35.2,0.0
2023-07-06,42.5,26.4,35.2,0.0
2023-07-07,43.3,29.4,36.5,0.0
2023-07-08,43.8,27.8,36.5,0.0
2023-07-09,44.2,28.2,36.8,0.0
2023-07-10,43.2,29.5,36.7,0.0
2023-07-11,43.3,27.5,36.5,0.0
2023-07-12,43.9,29.9,37.1,0.0
2023-07-13,40.8,29.3,35.6,0.0
2023-07-14,41.6,27.0,34.9,0.0
2023-07-15,42.9,26.4,35.4,0.0
2023-07-16,43.8,27.5,36.1,0.0
2023-07-17,45.0,28.8,37.5,0.0
2023-07-18,44.9,29.7,37.4,0.0
2023-07-19,45.0,28.3,37.6,0.0
2023-07-20,44.4,30.1,37.7,0.0
2023-07-21,42.8,28.4,36.0,0.0
2023-07-22,43.7,28.5,37.0,0.0
2023-07-23,43.4,27.2,36.1,0.0
2023-07-24,43.3,28.0,36.7,0.0
2023-07-25,44.1,28.2,36.7,0.0
2023-07-26,44.4,27.1,36.7,0.0
2023-07-27,44.5,28.9,37.2,0.0
2023-07-28,43.4,28.3,37.0,0.0
2023-07-29,42.3,29.2,36.3,0.0
2023-07-30,43.6,29.7,37.1,0.0
2023-07-31,44.9,31.1,38.3,0.0
2023-08-01,43.8,31.3,37.9,0.0
2023-08-02,44.1,30.4,37.5,0.0
2023-08-03,43.7,30.6,37.5,0.0
2023-08-04,42.5,30.0,36.5,0.0
2023-08-05,42.1,29.0,36.0,0.0
2023-08-06,42.7,27.1,35.8,0.0
2023-08-07,42.0,27.9,35.6,0.0
2023-08-08,42.1,27.5,35.4,0.0
2023-08-09,42.3,26.6,35.4,0.0
2023-08-10,43.1,27.9,36.2,0.0
2023-08-11,42.8,29.5,36.1,0.0
2023-08-12,43.5,29.0,36.6,0.0
2023-08-13,43.9,30.9,38.0,0.0
2023-08-14,44.9,28.6,37.3,0.0
2023-08-15,44.7,29.0,37.1,0.0
2023-08-16,43.9,27.3,37.0,0.0
2023-08-17,44.1,29.7,37.0,0.0
2023-08-18,44.8,31.9,38.2,0.0
2023-08-19,43.7,30.8,37.9,0.0
2023-08-20,43.5,32.7,38.4,0.0
2023-08-21,43.4,29.0,36.5,0.0
2023-08-22,43.6,29.4,37.0,0.0
2023-08-23,42.8,28.4,36.4,0.0
2023-08-24,43.7,27.7,36.5,0.0
2023-08-25,44.4,30.1,37.4,0.0
2023-08-26,43.4,28.5,36.9,0.0
2023-08-27,42.5,29.5,36.2,0.0
2023-08-28,44.5,28.9,37.0,0.0
2023-08-29,40.6,29.8,35.6,0.0
2023-08-30,40.0,28.1,34.1,0.0
2023-08-31,40.4,27.7,34.5,0.0
2023-09-01,40.3,27.7,34.2,0.0
2023-09-02,39.5,26.9,33.8,0.0
2023-09-03,39.3,26.3,33.0,0.0
2023-09-04,39.8,26.5,33.0,0.0
2023-09-05,40.3,26.5,33.3,0.0
2023-09-06,41.8,24.5,34.3,0.0
2023-09-07,43.0,26.6,35.6,0.0
2023-09-08,42.5,28.6,36.2,0.0
2023-09-09,42.5,26.3,35.5,0.0
2023-09-10,43.0,28.5,36.1,0.0
2023-09-11,43.1,29.4,36.2,0.0
2023-09-12,43.3,30.0,36.8,0.0
2023-09-13,42.5,28.3,36.1,0.0
2023-09-14,41.1,26.9,34.5,0.0
2023-09-15,42.0,27.6,34.7,0.0
2023-09-16,42.4,27.4,34.8,0.0
2023-09-17,42.2,29.3,35.3,0.0
2023-09-18,42.4,26.3,34.9,0.0
2023-09-19,41.3,26.5,34.5,0.0
2023-09-20,40.8,27.9,34.7,0.0
2023-09-21,40.9,27.9,34.4,0.0
2023-09-22,40.7,28.3,34.5,0.0
2023-09-23,41.3,25.3,34.1,0.0
2023-09-24,40.7,25.8,33.7,0.0
2023-09-25,41.3,27.0,34.3,0.0
2023-09-26,41.3,29.2,34.7,0.0
2023-09-27,40.3,26.9,33.4,0.0
2023-09-28,39.2,25.3,32.6,0.0
2023-09-29,40.6,25.2,33.0,0.0
2023-09-30,38.3,24.2,31.4,0.0
2023-10-01,37.7,23.5,31.0,0.0
2023-10-02,40.3,25.4,32.7,0.0
2023-10-03,40.3,24.6,32.8,0.0
2023-10-04,40.7,23.9,32.8,0.0
2023-10-05,38.9,22.6,31.3,0.0
2023-10-06,36.7,24.5,30.5,0.0
2023-10-07,39.5,23.4,31.3,0.0
2023-10-08,38.9,23.7,31.5,0.0
2023-10-09,38.6,24.5,31.8,0.0
2023-10-10,38.1,24.2,30.9,0.0
2023-10-11,38.0,24.1,30.7,0.0
2023-10-12,37.8,23.5,30.6,0.0
2023-10-13,36.9,23.3,29.6,0.0
2023-10-14,36.7,20.0,28.2,0.0
2023-10-15,37.3,19.4,29.1,0.0
2023-10-16,34.2,20.8,27.8,0.0
2023-10-17,33.6,20.7,26.9,0.0
2023-10-18,37.3,22.2,29.3,0.0
2023-10-19,36.7,23.6,30.1,0.0
2023-10-20,35.2,19.3,27.2,0.0
2023-10-21,35.1,21.1,27.4,0.0
2023-10-22,35.0,22.5,28.5,0.0
2023-10-23,34.4,22.4,28.1,0.0
2023-10-24,34.1,22.1,28.3,0.0
2023-10-25,32.2,22.0,26.9,0.0
2023-10-26,30.9,19.9,25.5,0.0
2023-10-27,31.2,21.2,26.3,0.0
2023-10-28,31.7,20.5,26.3,0.0
2023-10-29,30.8,21.6,26.2,0.0
2023-10-30,30.0,20.2,24.9,0.1
2023-10-31,27.9,18.5,23.3,2.8
2023-11-01,28.0,19.0,23.6,0.5
2023-11-02,22.8,18.6,20.6,12.9
2023-11-03,27.7,18.9,22.4,0.0
2023-11-04,27.5,18.3,22.2,0.7
2023-11-05,28.8,18.4,22.6,0.1
2023-11-06,28.3,17.4,22.4,0.0
2023-11-07,29.0,17.3,23.2,0.0
2023-11-08,29.4,17.5,23.3,0.0
2023-11-09,28.0,16.6,22.2,0.0
2023-11-10,27.5,15.2,21.6,0.0
2023-11-11,29.1,17.7,22.7,0.0
2023-11-12,29.2,16.8,23.1,0.0
2023-11-13,30.3,19.1,24.5,0.0
2023-11-14,31.4,20.4,25.2,0.4
2023-11-15,26.8,18.2,21.3,0.6
2023-11-16,23.0,15.7,18.9,9.9
2023-11-17,22.8,14.1,17.7,0.0
2023-11-18,25.4,13.7,19.2,0.3
2023-11-19,25.8,17.2,20.6,16.0
2023-11-20,22.6,14.9,19.1,0.0
2023-11-21,20.6,12.2,16.1,0.0
2023-11-22,20.1,12.4,15.2,0.1
2023-11-23,27.8,12.8,18.7,0.0
2023-11-24,21.3,12.5,17.0,0.0
2023-11-25,23.6,10.4,16.5,0.0
2023-11-26,29.4,16.7,22.1,0.0
2023-11-27,29.0,15.6,22.0,0.0
2023-11-28,23.2,13.5,18.0,0.0
2023-11-29,22.7,11.3,16.5,0.0
2023-11-30,24.8,11.1,17.6,0.0
2023-12-01,26.3,13.6,19.4,0.0
2023-12-02,25.5,13.1,19.0,0.0
2023-12-03,25.2,12.0,18.7,0.0
2023-12-04,25.1,12.5,18.8,0.0
2023-12-05,23.9,12.1,17.6,0.0
2023-12-06,26.8,11.5,18.3,0.0
2023-12-07,27.2,11.8,19.2,0.0
2023-12-08,27.5,13.1,20.0,0.0
2023-12-09,27.6,14.4,20.2,0.0
2023-12-10,27.0,13.9,19.7,0.0
2023-12-11,25.5,11.2,18.3,0.0
2023-12-12,25.5,12.6,18.8,0.0
2023-12-13,21.3,13.8,17.8,5.8
2023-12-14,19.6,9.5,14.3,0.0
2023-12-15,18.0,7.7,12.6,0.0
2023-12-16,18.7,5.6,12.6,0.0
2023-12-17,18.8,7.9,12.9,0.0
2023-12-18,21.2,6.8,14.0,0.0
2023-12-19,21.9,8.3,14.6,0.0
2023-12-20,22.4,9.7,15.5,0.0
2023-12-21,25.0,9.8,16.8,0.0
2023-12-22,27.8,14.3,20.6,0.0
2023-12-23,22.3,12.1,18.4,7.8
2023-12-24,21.4,8.3,14.3,0.9
2023-12-25,23.8,13.5,17.8,0.0
2023-12-26,24.3,12.7,17.9,0.1
2023-12-27,23.7,15.1,18.8,0.9
2023-12-28,26.2,15.4,19.1,4.1
2023-12-29,21.0,14.2,16.8,6.1
2023-12-30,20.8,13.0,15.8,11.7
2023-12-31,18.2,12.2,14.6,2.3
