date,temperature_2m_max,temperature_2m_mean,temperature_2m_min,precipitation_sum,cloud_cover_mean,relative_humidity_2m_mean,wind_gusts_10m_max,wind_speed_10m_mean,pressure_msl_mean,month,day_month,day_name
2025-01-01,20.45,14.914582,9.5,0.0,22.875,64.20565,30.960001,6.045711,1027.9084,1,1,Wednesday
2025-01-02,20.45,15.345833,10.4,0.0,0.0,57.467316,35.64,8.720238,1026.7417,1,2,Thursday
2025-01-03,20.65,15.720834,10.4,0.0,42.875,56.20432,37.8,9.496969,1023.429,1,3,Friday
2025-01-04,22.3,16.564585,11.85,0.0,87.916664,39.18831,24.84,8.063175,1016.71674,1,4,Saturday
2025-01-05,20.3,15.379167,11.05,0.0,38.083332,54.458157,36.0,10.035728,1012.5085,1,5,Sunday
2025-01-06,22.8,17.274998,13.25,0.0,26.5,68.15798,41.399998,10.025181,1020.8125,1,6,Monday
2025-01-07,21.2,16.34375,11.95,0.0,36.083332,64.264145,29.88,6.616617,1023.76263,1,7,Tuesday
2025-01-08,22.75,16.277082,10.5,0.0,0.25,53.200623,28.08,7.6559,1021.10834,1,8,Wednesday
2025-01-09,23.15,16.058332,9.45,0.0,0.375,50.44179,19.44,3.638861,1016.3125,1,9,Thursday
2025-01-10,20.75,15.339583,10.5,0.2,12.458333,64.02549,33.48,7.494174,1016.10846,1,10,Friday
2025-01-11,20.95,15.997914,11.8,0.6,31.791666,70.432625,30.599998,6.6773324,1020.6748,1,11,Saturday
2025-01-12,22.0,16.427082,11.3,0.0,0.0,60.641956,22.68,3.7341108,1021.83765,1,12,Sunday
2025-01-13,24.15,17.314585,10.9,0.0,7.4166665,49.89667,20.16,2.9687204,1020.80005,1,13,Monday
2025-01-14,24.05,16.652082,9.8,0.0,98.958336,56.15913,16.199999,3.0835152,1018.78345,1,14,Tuesday
2025-01-15,22.1,16.668749,12.5,0.0,99.416664,68.42753,21.24,5.3301916,1019.68335,1,15,Wednesday
2025-01-16,23.2,18.022917,13.55,0.0,88.166664,66.794014,37.079998,11.5055,1023.61255,1,16,Thursday
2025-01-17,21.8,17.668749,14.2,0.0,97.166664,67.86429,37.44,11.763962,1024.5042,1,17,Friday
2025-01-18,22.05,17.127085,12.45,0.0,99.791664,59.58345,34.2,9.396675,1022.0207,1,18,Saturday
2025-01-19,21.1,16.3875,10.85,0.0,94.25,59.728596,28.44,5.799972,1020.73755,1,19,Sunday
2025-01-20,23.2,17.085417,10.95,0.0,94.25,56.02904,20.16,5.0241623,1020.32916,1,20,Monday
2025-01-21,24.15,17.85625,12.9,2.8,90.208336,51.49695,28.8,8.258018,1020.9167,1,21,Tuesday
2025-01-22,22.25,17.345835,13.15,0.1,27.166666,70.26151,28.8,7.2692814,1020.6458,1,22,Wednesday
2025-01-23,21.2,16.2875,11.85,0.0,16.375,68.027245,37.079998,7.6477733,1022.7,1,23,Thursday
2025-01-24,21.75,16.377083,10.7,0.0,12.333333,63.965603,26.28,5.3636765,1022.375,1,24,Friday
2025-01-25,21.6,16.533333,11.35,0.0,51.166668,59.058014,21.24,3.118107,1020.29175,1,25,Saturday
2025-01-26,22.5,16.710415,10.35,0.0,17.416666,59.25778,25.56,5.5004334,1019.85425,1,26,Sunday
2025-01-27,22.1,16.46875,10.35,0.0,36.708332,59.956417,26.28,6.0121775,1020.2834,1,27,Monday
2025-01-28,21.9,16.862501,12.7,0.0,50.166668,57.141033,38.519997,9.548507,1019.67914,1,28,Tuesday
2025-01-29,23.1,17.333332,11.8,0.0,5.8333335,50.770676,34.92,9.218043,1022.49585,1,29,Wednesday
2025-01-30,24.3,17.439583,11.35,0.0,7.5,61.441986,37.8,7.9360847,1023.9416,1,30,Thursday
2025-01-31,22.6,16.506248,10.5,0.0,13.958333,57.883392,37.44,8.077112,1024.4584,1,31,Friday
2025-02-01,22.4,16.641666,10.6,0.0,69.25,61.121487,30.239998,6.8899574,1023.39166,2,1,Saturday
2025-02-02,22.35,16.866665,11.6,0.0,97.708336,57.78885,35.64,9.91865,1021.12494,2,2,Sunday
2025-02-03,23.55,18.018751,12.15,0.0,89.333336,56.983883,26.64,7.4853287,1017.60406,2,3,Monday
2025-02-04,22.4,16.874998,12.35,0.0,50.458332,68.29752,28.08,7.11685,1016.7791,2,4,Tuesday
2025-02-05,21.1,15.895835,11.65,0.0,60.958332,61.333057,49.32,12.348034,1016.5208,2,5,Wednesday
2025-02-06,16.0,14.147916,12.75,0.0,84.583336,48.481182,54.36,15.813253,1018.47095,2,6,Thursday
2025-02-07,17.6,14.352084,11.8,0.0,83.875,49.02669,35.64,9.695527,1021.67084,2,7,Friday
2025-02-08,18.7,14.135417,10.0,0.0,62.791668,47.765545,31.68,6.659625,1021.8875,2,8,Saturday
2025-02-09,17.5,13.381249,9.35,0.4,34.0,59.388714,36.0,8.075995,1020.0916,2,9,Sunday
2025-02-10,18.75,14.258334,10.1,0.0,35.375,56.02064,35.64,9.235461,1019.14575,2,10,Monday
2025-02-11,18.95,13.606248,8.5,0.0,24.208334,56.438656,41.399998,8.19956,1020.25836,2,11,Tuesday
2025-02-12,19.3,13.710418,8.7,0.0,14.083333,54.03305,38.519997,9.334283,1022.8752,2,12,Wednesday
2025-02-13,19.35,13.864582,9.0,0.0,26.333334,50.30696,37.079998,8.1712265,1024.1293,2,13,Thursday
2025-02-14,20.0,13.9875,7.55,0.0,27.083334,53.10901,32.039997,8.307028,1021.02924,2,14,Friday
2025-02-15,21.8,15.51875,8.9,0.0,0.7916667,56.309433,29.88,8.095271,1014.7832,2,15,Saturday
2025-02-16,22.2,16.260416,10.25,0.0,4.9166665,52.709286,24.48,4.522658,1015.6501,2,16,Sunday
2025-02-17,22.9,17.070833,10.8,0.0,0.8333333,45.44409,37.8,7.614414,1016.7625,2,17,Monday
2025-02-18,23.8,17.406248,10.8,0.0,42.375,37.274963,25.199999,6.115337,1017.8459,2,18,Tuesday
2025-02-19,22.75,17.458336,13.25,0.0,51.916668,56.40495,37.44,7.6353803,1017.1001,2,19,Wednesday
2025-02-20,20.55,15.766666,11.6,0.3,44.0,61.693375,36.36,9.254477,1019.16254,2,20,Thursday
2025-02-21,17.9,13.785417,10.15,0.0,68.708336,51.85494,35.64,9.263948,1021.1624,2,21,Friday
2025-02-22,17.7,12.937499,9.3,0.0,44.25,49.961517,41.039997,10.516092,1022.01666,2,22,Saturday
2025-02-23,17.15,12.677083,9.05,0.0,45.375,48.74988,41.039997,10.3538685,1024.5751,2,23,Sunday
2025-02-24,16.2,12.299999,8.6,0.1,65.333336,52.46558,39.239998,10.380056,1026.3334,2,24,Monday
2025-02-25,16.95,12.189583,6.85,0.0,83.791664,50.02302,36.719997,9.716553,1024.7501,2,25,Tuesday
2025-02-26,19.45,14.09375,8.85,0.1,56.083332,47.326405,39.6,9.980577,1022.67505,2,26,Wednesday
2025-02-27,21.15,15.352084,9.75,0.0,0.0,51.93337,34.92,9.203941,1022.95,2,27,Thursday
2025-02-28,22.35,16.129168,9.8,0.0,1.0416666,46.49381,29.519999,6.508972,1020.50006,2,28,Friday
2025-03-01,22.25,16.706251,10.8,0.0,17.958334,49.589962,31.319998,7.869789,1021.56244,3,1,Saturday
2025-03-02,23.05,17.047916,10.85,0.0,29.208334,55.360065,29.16,7.9151263,1020.85406,3,2,Sunday
2025-03-03,23.95,17.535418,11.3,0.0,79.333336,57.31154,36.719997,8.948564,1013.69165,3,3,Monday
2025-03-04,22.05,16.714582,11.75,0.0,37.875,58.74214,38.88,9.564312,1011.63336,3,4,Tuesday
2025-03-05,22.5,16.31042,11.5,1.6000001,42.083332,62.12678,43.92,7.699545,1015.46265,3,5,Wednesday
2025-03-06,22.8,16.833332,11.5,0.3,22.958334,62.290882,31.68,5.5601397,1016.64166,3,6,Thursday
2025-03-07,24.35,17.624998,11.9,0.0,25.041666,60.35758,30.239998,6.607526,1016.08344,3,7,Friday
2025-03-08,24.85,18.120834,13.05,0.0,60.583332,58.69768,26.28,7.023045,1014.8374,3,8,Saturday
2025-03-09,25.95,19.022919,12.8,0.0,28.375,49.01593,45.36,5.318056,1015.3542,3,9,Sunday
2025-03-10,27.25,20.847914,14.2,0.0,8.916667,39.45573,37.079998,6.8323045,1018.0708,3,10,Monday
2025-03-11,27.4,20.952082,14.2,0.0,0.0,42.610977,34.56,8.066108,1019.4375,3,11,Tuesday
2025-03-12,29.0,21.274996,13.8,0.0,40.333332,54.742905,32.399998,9.5181875,1016.6834,3,12,Wednesday
2025-03-13,32.2,23.889582,15.8,0.0,56.125,37.08089,22.319998,4.8284693,1013.46246,3,13,Thursday
2025-03-14,33.4,25.495836,17.05,0.0,12.666667,30.424452,30.599998,7.2606497,1015.4666,3,14,Friday
2025-03-15,31.95,24.033333,16.6,0.0,0.0,42.812115,38.16,11.086255,1017.7126,3,15,Saturday
2025-03-16,35.4,26.21875,16.7,0.0,0.0,40.49253,30.599998,8.8740015,1015.79584,3,16,Sunday
2025-03-17,36.1,27.385412,18.1,0.0,28.541666,32.87225,42.839996,5.8594136,1011.92505,3,17,Monday
2025-03-18,30.2,22.687502,16.5,0.0,8.875,51.442326,37.8,10.928279,1012.946,3,18,Tuesday
2025-03-19,26.45,19.068752,14.45,0.0,12.666667,54.382095,54.719997,12.031598,1017.5417,3,19,Wednesday
2025-03-20,19.75,15.90625,13.6,0.0,76.458336,42.790333,57.239998,16.660444,1020.69586,3,20,Thursday
2025-03-21,19.8,15.802085,12.5,0.0,70.166664,45.812,45.0,11.792899,1021.27094,3,21,Friday
2025-03-22,20.85,15.7625,11.55,0.0,37.125,47.524395,32.399998,8.651777,1022.54584,3,22,Saturday
2025-03-23,23.15,16.8625,9.65,0.0,1.7916666,47.29767,33.48,9.278404,1025.5709,3,23,Sunday
2025-03-24,26.55,19.031248,12.4,0.0,0.0,47.530567,42.48,12.949311,1025.6625,3,24,Monday
2025-03-25,30.5,21.977081,13.8,0.0,0.0,45.465164,38.519997,11.962193,1021.21246,3,25,Tuesday
2025-03-26,33.35,24.858335,15.85,0.0,31.916666,38.288708,30.599998,8.9273,1013.52496,3,26,Wednesday
2025-03-27,36.2,26.90833,16.4,0.0,65.958336,36.342815,28.8,5.539521,1007.9749,3,27,Thursday
2025-03-28,32.25,24.9625,16.5,0.0,29.5,35.195187,42.839996,12.6735735,1008.1416,3,28,Friday
2025-03-29,26.25,20.56458,14.3,0.0,19.458334,50.613544,44.639996,6.7285743,1011.3916,3,29,Saturday
2025-03-30,28.25,21.879166,14.15,0.0,0.5833333,35.333836,28.44,5.546803,1010.64166,3,30,Sunday
2025-03-31,31.65,25.400002,17.75,0.0,39.791668,16.571758,44.28,9.532389,1008.0251,3,31,Monday
2025-04-01,28.45,23.008333,18.75,0.6,45.666668,27.04352,43.56,8.155749,1006.55414,4,1,Tuesday
2025-04-02,28.65,23.068748,17.3,0.0,3.7916667,28.291883,32.760002,7.8706355,1013.75836,4,2,Wednesday
2025-04-03,29.15,22.300001,16.0,0.0,0.9583333,37.563313,45.0,8.603343,1014.96674,4,3,Thursday
2025-04-04,26.45,20.868752,15.25,0.0,1.7916666,48.217518,31.319998,6.8593254,1013.81665,4,4,Friday
2025-04-05,29.85,23.381248,15.1,0.0,0.041666668,38.31156,20.880001,4.00248,1010.3875,4,5,Saturday
2025-04-06,32.6,24.295835,15.9,0.0,31.166666,35.143417,43.199997,9.838122,1008.22925,4,6,Sunday
2025-04-07,29.85,23.289583,15.75,0.0,45.291668,45.647476,33.839996,9.08942,1011.90424,4,7,Monday
2025-04-08,37.3,26.672915,15.9,0.0,60.125,34.147453,54.0,12.890695,1008.9458,4,8,Tuesday
2025-04-09,27.1,21.175003,16.75,0.0,56.666668,55.981503,42.48,11.2598715,1014.7209,4,9,Wednesday
2025-04-10,24.0,18.360416,13.8,0.0,15.208333,47.81941,42.48,11.102011,1017.646,4,10,Thursday
2025-04-11,22.0,17.122917,12.0,0.0,37.708332,49.472168,48.96,9.744958,1015.58746,4,11,Friday
2025-04-12,24.15,18.479166,12.05,0.0,5.2083335,48.23143,39.239998,7.0417485,1014.91656,4,12,Saturday
2025-04-13,23.2,18.491667,13.9,0.2,21.833334,46.776264,45.719997,9.68853,1015.62494,4,13,Sunday
2025-04-14,25.85,19.345835,13.45,0.0,3.2083333,46.54298,43.56,9.480377,1019.63763,4,14,Monday
2025-04-15,26.35,20.054169,13.25,0.0,41.541668,47.788097,48.239998,6.82253,1019.66656,4,15,Tuesday
2025-04-16,27.6,20.662502,14.2,0.0,0.0,43.18744,40.68,12.553201,1019.0166,4,16,Wednesday
2025-04-17,30.8,22.320831,14.75,0.0,50.416668,46.456684,39.96,12.825244,1016.18335,4,17,Thursday
2025-04-18,32.15,23.339582,15.35,0.0,31.5,42.512577,41.399998,12.197509,1013.97504,4,18,Friday
2025-04-19,33.3,24.495832,15.45,0.0,10.75,36.311657,37.44,9.639526,1013.1125,4,19,Saturday
2025-04-20,33.55,25.235418,16.65,0.0,5.375,33.939,35.28,8.523041,1012.07916,4,20,Sunday
2025-04-21,36.7,28.929167,18.65,0.0,34.416668,31.588882,30.960001,6.9257636,1009.73737,4,21,Monday
2025-04-22,41.65,34.360416,26.6,0.0,42.583332,11.937787,34.2,10.081811,1008.8542,4,22,Tuesday
2025-04-23,36.0,29.127085,21.15,0.0,79.625,28.739817,36.0,11.44588,1010.1501,4,23,Wednesday
2025-04-24,29.2,23.414583,19.1,0.0,72.833336,48.9984,42.12,9.010988,1011.8416,4,24,Thursday
2025-04-25,28.6,23.056252,16.6,0.0,0.5833333,45.086643,35.28,7.9697285,1012.4041,4,25,Friday
2025-04-26,28.8,23.541666,17.95,0.0,29.333334,43.37076,44.28,8.264615,1012.66656,4,26,Saturday
2025-04-27,30.3,23.435417,17.2,0.0,8.291667,46.018993,54.0,8.90233,1012.9875,4,27,Sunday
2025-04-28,30.4,23.868752,17.3,0.0,0.125,46.050014,34.56,8.839599,1012.49164,4,28,Monday
2025-04-29,31.5,24.69375,17.6,0.0,35.125,42.404747,36.719997,9.763718,1010.14575,4,29,Tuesday
2025-04-30,33.15,24.637497,17.8,0.0,9.416667,39.009552,63.36,13.043446,1006.554,4,30,Wednesday
2025-05-01,27.7,22.397917,17.35,0.0,1.5416666,41.302685,42.839996,8.258574,1011.4668,5,1,Thursday
2025-05-02,27.85,22.356249,16.4,0.0,17.083334,40.409405,48.96,10.37456,1011.84985,5,2,Friday
2025-05-03,26.55,20.972918,16.8,1.0,26.166666,55.73013,44.639996,8.177477,1012.3875,5,3,Saturday
2025-05-04,26.75,20.954166,16.0,1.0,21.208334,55.62572,42.839996,7.880942,1013.4626,5,4,Sunday
2025-05-05,29.35,23.400003,16.05,0.0,8.625,45.162014,31.68,6.1087623,1015.64166,5,5,Monday
2025-05-06,33.3,26.210413,18.55,0.0,6.3333335,31.869753,35.28,6.780104,1016.8084,5,6,Tuesday
2025-05-07,34.2,26.656252,18.95,0.0,16.375,33.95019,35.28,9.783249,1015.52924,5,7,Wednesday
2025-05-08,35.5,27.143751,19.2,0.0,0.33333334,33.815083,41.760002,11.809986,1012.6208,5,8,Thursday
2025-05-09,37.75,29.324999,20.1,0.0,4.9166665,31.071775,42.12,11.588049,1012.571,5,9,Friday
2025-05-10,38.65,31.420835,22.7,0.0,36.541668,23.471237,32.399998,8.956477,1011.99994,5,10,Saturday
2025-05-11,41.05,32.714584,23.15,0.0,43.416668,21.290226,48.96,9.61501,1008.61664,5,11,Sunday
2025-05-12,33.05,27.191664,20.7,0.0,27.0,37.240433,35.28,8.672977,1009.95416,5,12,Monday
2025-05-13,36.55,28.47708,21.35,0.1,42.833332,30.31238,60.120003,13.460367,1008.33325,5,13,Tuesday
2025-05-14,31.0,25.00208,19.1,0.0,22.5,47.590923,36.719997,9.824186,1013.3918,5,14,Wednesday
2025-05-15,31.95,25.604164,18.95,0.0,25.708334,40.74251,40.32,6.405242,1015.23755,5,15,Thursday
2025-05-16,39.65,31.370832,20.65,0.0,73.875,27.40119,22.68,6.080963,1012.28754,5,16,Friday
2025-05-17,43.5,32.927082,23.55,0.0,75.666664,25.078506,48.96,10.155593,1012.40826,5,17,Saturday
2025-05-18,37.4,27.518753,21.35,0.0,72.708336,47.07437,54.0,14.204217,1016.96246,5,18,Sunday
2025-05-19,33.4,25.352081,19.35,0.0,2.0833333,43.287426,45.36,14.079009,1016.6541,5,19,Monday
2025-05-20,32.15,24.029165,17.45,0.0,6.125,43.318645,46.079998,13.379157,1015.24567,5,20,Tuesday
2025-05-21,33.5,25.383333,17.5,0.0,8.333333,45.418667,39.239998,10.858728,1013.50836,5,21,Wednesday
2025-05-22,34.45,26.227083,18.1,0.0,4.5416665,43.615906,38.16,10.106419,1012.4375,5,22,Thursday
2025-05-23,37.1,28.218752,18.75,0.0,0.0,35.30119,48.96,10.001624,1012.28326,5,23,Friday
2025-05-24,39.05,30.291666,21.0,0.0,0.0,27.9835,51.12,9.436247,1011.18756,5,24,Saturday
2025-05-25,40.7,32.577087,22.5,0.0,0.75,22.818235,34.92,7.8172073,1009.28754,5,25,Sunday
2025-05-26,42.65,30.766663,21.1,0.0,5.1666665,34.288235,58.32,12.348646,1007.84576,5,26,Monday
2025-05-27,32.25,25.5625,20.45,0.0,5.1666665,47.282673,42.12,12.375999,1012.2915,5,27,Tuesday
2025-05-28,32.65,25.799997,18.45,0.0,0.0,40.111897,39.96,8.636084,1013.22095,5,28,Wednesday
2025-05-29,33.05,26.891665,19.0,0.0,0.33333334,32.40691,43.92,8.189385,1011.98334,5,29,Thursday
2025-05-30,33.4,27.345835,20.35,0.0,2.125,36.231777,44.28,7.4687667,1009.9709,5,30,Friday
2025-05-31,32.85,26.785418,21.35,0.0,17.208334,40.132034,43.92,9.507785,1009.2249,5,31,Saturday
2025-06-01,33.95,26.477087,20.65,0.0,9.166667,44.84471,44.28,9.54682,1014.48334,6,1,Sunday
2025-06-02,32.95,25.799997,19.95,0.0,7.4583335,46.47107,43.199997,10.883822,1017.5666,6,2,Monday
2025-06-03,32.95,25.864584,19.1,0.0,10.125,47.962147,40.32,10.464955,1016.14166,6,3,Tuesday
2025-06-04,35.3,27.504164,19.3,0.0,3.5416667,43.854305,41.039997,10.9432335,1014.0251,6,4,Wednesday
2025-06-05,36.85,28.75,20.15,0.0,0.0,38.441124,35.28,10.934798,1013.0999,6,5,Thursday
2025-06-06,38.25,29.195833,20.5,0.0,0.0,39.66836,46.8,10.743533,1012.3335,6,6,Friday
2025-06-07,38.35,29.533335,20.9,0.0,0.0,43.520416,41.039997,10.87824,1011.40424,6,7,Saturday
2025-06-08,38.0,29.193748,21.25,0.0,0.0,45.309128,40.32,10.898059,1010.3333,6,8,Sunday
2025-06-09,38.3,29.804169,20.95,0.0,0.0,43.8528,46.44,8.263992,1009.375,6,9,Monday
2025-06-10,39.4,30.53333,22.0,0.0,0.0,42.09467,47.16,8.902069,1008.17505,6,10,Tuesday
2025-06-11,38.95,30.89583,22.05,0.0,0.0,38.4941,46.079998,7.667444,1007.4709,6,11,Wednesday
2025-06-12,38.9,31.045832,23.15,0.0,0.0,40.396107,47.16,8.163101,1008.97076,6,12,Thursday
2025-06-13,40.1,31.045832,22.3,0.0,0.375,42.230312,44.28,11.437387,1010.70825,6,13,Friday
2025-06-14,39.6,30.520834,22.7,0.0,0.0,37.88968,46.079998,11.021116,1010.1541,6,14,Saturday
2025-06-15,36.8,28.489586,21.6,0.0,0.0,43.109287,42.839996,11.0296135,1009.8291,6,15,Sunday
2025-06-16,35.6,27.652082,20.75,0.0,0.0,49.75469,41.039997,10.778117,1009.0625,6,16,Monday
2025-06-17,36.25,28.887499,20.95,0.0,10.458333,48.094395,39.96,9.330111,1009.1167,6,17,Tuesday
2025-06-18,37.5,30.016668,22.15,0.0,0.20833333,40.92232,39.239998,9.849051,1010.69995,6,18,Wednesday
2025-06-19,37.4,30.108332,22.4,0.0,0.0,36.631916,42.12,8.845584,1011.4834,6,19,Thursday
2025-06-20,38.3,29.895834,21.6,0.0,0.0,42.486008,42.839996,9.535739,1010.69586,6,20,Friday
2025-06-21,38.35,30.414581,22.2,0.0,0.0,41.70236,45.719997,10.917529,1010.55835,6,21,Saturday
2025-06-22,38.5,30.331253,23.2,0.0,0.0,39.46671,57.6,12.299024,1010.26666,6,22,Sunday
2025-06-23,36.7,28.870834,22.05,0.0,0.0,42.064938,40.32,10.289176,1009.0125,6,23,Monday
2025-06-24,37.55,29.810415,20.9,0.0,0.7916667,43.572758,38.88,8.771878,1008.48334,6,24,Tuesday
2025-06-25,37.6,30.03125,22.35,0.0,0.0,40.472786,40.32,9.9154215,1008.9709,6,25,Wednesday
2025-06-26,36.85,29.912498,22.0,0.0,0.0,40.475693,37.8,8.284841,1007.47485,6,26,Thursday
2025-06-27,39.0,31.320833,22.2,0.0,0.0,39.95499,39.96,6.8108845,1005.80005,6,27,Friday
2025-06-28,40.15,31.762499,22.7,0.0,0.041666668,42.08744,52.199997,7.9270415,1003.2417,6,28,Saturday
2025-06-29,39.45,30.993752,23.5,0.0,0.0,44.371857,45.0,9.133663,1002.38324,6,29,Sunday
2025-06-30,38.7,31.560417,23.2,0.0,1.1666666,43.7049,36.719997,7.4185796,1004.20416,6,30,Monday
2025-07-01,38.75,32.10208,25.55,0.0,10.041667,42.774097,50.76,9.300518,1005.55005,7,1,Tuesday
2025-07-02,37.25,30.46875,23.85,0.0,8.125,47.032444,38.88,8.940635,1007.6167,7,2,Wednesday
2025-07-03,39.2,31.777086,23.6,0.0,5.7916665,43.732254,48.239998,8.30802,1007.8376,7,3,Thursday
2025-07-04,39.55,31.64583,23.95,0.0,1.4166666,42.872116,38.88,9.621916,1008.89594,7,4,Friday
2025-07-05,38.85,31.443748,23.4,0.0,0.0,36.239594,39.96,10.195765,1009.87915,7,5,Saturday
2025-07-06,39.2,31.449999,23.3,0.0,1.125,39.9155,34.2,10.138856,1009.2292,7,6,Sunday
2025-07-07,40.25,31.514582,22.7,0.0,0.041666668,38.84067,42.48,9.409851,1007.97925,7,7,Monday
2025-07-08,39.2,31.343744,23.1,0.0,0.45833334,39.580128,38.88,8.531489,1007.31256,7,8,Tuesday
2025-07-09,38.75,31.06875,22.25,0.0,2.125,43.572857,38.519997,8.510191,1006.51245,7,9,Wednesday
2025-07-10,40.5,32.3125,23.7,0.0,0.0,42.40392,47.16,8.064208,1005.60004,7,10,Thursday
2025-07-11,38.75,31.250002,23.8,0.0,4.5833335,47.658237,42.839996,8.051139,1006.56256,7,11,Friday
2025-07-12,39.6,31.695833,24.6,0.0,1.5,47.642056,49.68,9.982273,1009.175,7,12,Saturday
2025-07-13,38.2,30.679167,23.8,0.0,3.9166667,46.971024,43.199997,9.623304,1010.87103,7,13,Sunday
2025-07-14,37.4,30.587496,23.45,0.0,6.75,45.40349,38.16,8.19574,1008.25,7,14,Monday
2025-07-15,37.45,31.302084,23.45,0.0,0.0,34.529175,28.8,5.3259997,1004.7209,7,15,Tuesday
2025-07-16,40.15,33.71042,24.95,0.0,0.0,28.30279,33.48,6.790884,1004.48346,7,16,Wednesday
2025-07-17,41.05,34.079166,26.0,0.0,0.0,28.684387,43.92,8.15742,1007.34576,7,17,Thursday
2025-07-18,40.3,33.560413,26.1,0.0,0.0,33.275265,39.239998,9.210825,1009.47504,7,18,Friday
2025-07-19,39.1,32.03333,25.1,0.0,0.5833333,40.02829,46.079998,9.163054,1008.5666,7,19,Saturday
2025-07-20,38.0,31.147917,24.1,0.0,4.6666665,48.092422,44.639996,8.336776,1006.52924,7,20,Sunday
2025-07-21,39.7,32.129166,24.6,0.0,0.0,42.66872,42.839996,8.606551,1006.3083,7,21,Monday
2025-07-22,40.05,32.943752,24.75,0.0,0.0,35.575287,28.8,6.246809,1006.72076,7,22,Tuesday
2025-07-23,41.7,34.43125,26.15,0.0,0.0,31.165594,54.719997,7.38946,1006.27094,7,23,Wednesday
2025-07-24,41.05,33.997913,26.95,0.0,0.0,27.218008,30.960001,6.3777337,1004.36255,7,24,Thursday
2025-07-25,41.5,33.166664,23.95,0.0,0.0,41.71413,41.039997,9.045013,1002.8,7,25,Friday
2025-07-26,43.35,34.7625,25.75,0.0,0.0,39.26086,35.28,6.543641,1002.27924,7,26,Saturday
2025-07-27,42.95,35.239582,27.4,0.0,0.0,32.99543,39.6,8.636352,1003.3291,7,27,Sunday
2025-07-28,40.65,33.387497,26.05,0.0,0.0,41.676113,38.88,9.183855,1004.42084,7,28,Monday
2025-07-29,39.95,32.24167,25.85,0.0,1.7916666,48.61595,39.96,10.306928,1006.7834,7,29,Tuesday
2025-07-30,37.55,31.054163,24.7,0.0,0.0,49.515167,38.519997,8.21987,1008.8877,7,30,Wednesday
2025-07-31,36.6,30.599997,25.7,0.0,0.375,47.540085,41.399998,10.158278,1008.3249,7,31,Thursday
2025-08-01,36.8,30.727083,25.0,0.0,12.875,47.49943,37.8,9.896059,1006.1043,8,1,Friday
2025-08-02,37.5,31.104166,24.75,0.0,17.708334,51.16447,45.0,7.390503,1007.1125,8,2,Saturday
2025-08-03,37.2,30.989584,25.35,0.0,0.33333334,46.03686,50.399998,7.911883,1009.25824,8,3,Sunday
2025-08-04,37.1,30.947916,24.8,0.0,3.625,47.912933,42.839996,7.636618,1010.76263,8,4,Monday
2025-08-05,37.2,30.9625,25.0,0.0,4.0,46.367863,42.12,9.332007,1010.45416,8,5,Tuesday
2025-08-06,38.8,30.710419,23.95,0.0,6.5,49.985046,47.519997,10.877924,1009.14575,8,6,Wednesday
2025-08-07,37.4,30.450003,24.85,0.0,18.375,49.283695,40.68,10.935251,1007.55414,8,7,Thursday
2025-08-08,37.95,31.156248,24.55,0.0,0.625,47.4785,45.719997,7.894188,1006.1333,8,8,Friday
2025-08-09,39.25,32.637497,25.75,0.0,0.0,41.454582,31.319998,6.8796844,1007.74585,8,9,Saturday
2025-08-10,41.4,34.937504,26.85,0.0,0.0,32.135853,29.519999,6.242987,1007.20013,8,10,Sunday
2025-08-11,42.0,34.635414,26.9,0.0,0.0,34.383488,31.68,6.7246404,1006.0833,8,11,Monday
2025-08-12,42.45,34.104168,26.9,0.0,3.375,40.994503,37.44,11.181492,1006.88763,8,12,Tuesday
2025-08-13,43.65,35.250004,26.95,0.0,3.4583333,39.358143,32.760002,10.464265,1007.64166,8,13,Wednesday
2025-08-14,44.4,35.03958,26.9,0.0,0.0,36.769993,39.6,11.075361,1008.62494,8,14,Thursday
2025-08-15,42.6,33.9875,26.6,0.0,0.0,37.70535,34.2,11.069645,1008.179,8,15,Friday
2025-08-16,38.45,31.379164,25.85,0.0,4.9166665,51.401215,39.239998,11.244427,1007.4834,8,16,Saturday
2025-08-17,37.6,30.447916,24.85,0.0,17.125,50.04243,42.12,10.487555,1008.8291,8,17,Sunday
2025-08-18,39.2,31.514582,23.7,0.0,12.958333,43.89354,43.199997,9.426289,1009.88745,8,18,Monday
2025-08-19,42.05,34.2375,26.45,0.0,5.125,30.170578,47.88,8.392234,1006.69165,8,19,Tuesday
2025-08-20,38.3,31.279167,25.8,0.0,0.041666668,47.317944,42.839996,11.485547,1006.66675,8,20,Wednesday
2025-08-21,38.15,30.804163,24.45,0.0,0.41666666,52.131542,39.6,9.098883,1007.4334,8,21,Thursday
2025-08-22,38.65,31.204163,23.6,0.0,1.8333334,49.840363,37.079998,7.0792603,1007.65424,8,22,Friday
2025-08-23,41.2,32.729168,24.3,0.0,0.041666668,43.195618,39.96,9.157864,1006.9419,8,23,Saturday
2025-08-24,41.0,32.59791,24.8,0.0,0.0,45.177734,34.56,10.202145,1007.7917,8,24,Sunday
2025-08-25,37.3,30.422915,24.65,0.0,2.375,50.4919,42.48,10.535124,1009.15424,8,25,Monday
2025-08-26,36.1,29.647917,23.35,0.0,0.041666668,48.887478,38.16,9.279932,1010.12085,8,26,Tuesday
2025-08-27,37.7,29.516665,23.3,0.0,0.5416667,44.962585,39.96,9.337681,1010.60004,8,27,Wednesday
2025-08-28,35.2,29.060417,22.5,0.0,0.0,47.497746,39.239998,7.105953,1010.125,8,28,Thursday
2025-08-29,36.45,30.554174,24.7,0.0,0.0,42.240215,37.079998,6.802376,1010.3333,8,29,Friday
2025-08-30,36.65,30.295832,24.2,0.0,0.0,45.81457,34.2,6.610213,1012.4626,8,30,Saturday
2025-08-31,39.15,31.472918,23.4,0.0,0.0,40.665638,43.199997,8.2904825,1012.2498,8,31,Sunday
2025-09-01,39.4,31.77917,23.9,0.0,0.0,38.2294,40.32,9.558167,1009.4458,9,1,Monday
2025-09-02,38.6,30.758339,24.3,0.0,11.208333,50.794373,37.079998,10.306746,1007.22076,9,2,Tuesday
2025-09-03,36.2,29.714582,23.35,0.0,0.29166666,48.90088,37.8,8.211571,1006.3374,9,3,Wednesday
2025-09-04,36.55,30.158335,23.3,0.0,3.2916667,51.966476,38.88,7.78903,1006.81244,9,4,Thursday
2025-09-05,38.65,31.01667,23.9,0.0,0.0,49.710995,50.039997,8.586988,1009.85004,9,5,Friday
2025-09-06,36.3,29.614584,24.05,0.0,6.0416665,53.9266,43.92,9.334945,1011.5042,9,6,Saturday
2025-09-07,35.45,28.977083,23.4,0.0,8.791667,50.354847,42.12,9.435832,1010.87494,9,7,Sunday
2025-09-08,34.55,28.474998,23.25,0.0,11.041667,48.861008,36.36,9.347973,1010.18335,9,8,Monday
2025-09-09,34.2,28.350004,22.15,0.0,10.125,46.71617,38.88,7.432809,1011.2251,9,9,Tuesday
2025-09-10,34.55,28.422915,22.65,0.0,7.6666665,48.688206,46.44,8.364251,1011.97906,9,10,Wednesday
2025-09-11,35.85,29.183332,22.55,0.0,4.6666665,49.86784,41.760002,10.526288,1010.74585,9,11,Thursday
2025-09-12,36.9,29.837502,22.0,0.0,11.25,47.844997,36.0,7.4988685,1010.80835,9,12,Friday
2025-09-13,37.9,30.531248,22.9,0.0,4.25,45.642864,38.88,7.125471,1012.0,9,13,Saturday
2025-09-14,38.8,30.466667,23.1,0.0,0.083333336,48.653152,39.6,10.049829,1012.17084,9,14,Sunday
2025-09-15,36.6,29.004171,22.55,0.0,7.1666665,54.314503,33.839996,9.288884,1012.2708,9,15,Monday
2025-09-16,34.4,28.2875,22.5,0.0,9.208333,51.41101,38.88,8.054567,1011.1585,9,16,Tuesday
2025-09-17,34.9,29.025,22.9,0.0,9.0,49.033066,34.56,6.539106,1010.4417,9,17,Wednesday
2025-09-18,36.9,29.258337,22.95,0.0,11.916667,53.4731,38.16,9.804216,1010.96246,9,18,Thursday
2025-09-19,35.5,28.485418,22.5,0.0,6.6666665,53.933605,33.48,9.559414,1011.66254,9,19,Friday
2025-09-20,34.85,28.264582,23.0,0.0,11.625,47.275875,48.6,10.5149765,1011.625,9,20,Saturday
2025-09-21,33.7,27.552084,22.15,0.0,4.9583335,42.250095,42.12,9.09864,1011.9002,9,21,Sunday
2025-09-22,33.05,27.535416,21.6,0.0,0.0,47.155212,25.199999,6.359323,1012.82916,9,22,Monday
2025-09-23,33.8,27.747917,21.8,0.0,4.4583335,50.539642,47.519997,6.889145,1013.95825,9,23,Tuesday
2025-09-24,33.05,26.997917,21.55,0.0,12.083333,50.73497,46.079998,9.930481,1014.19147,9,24,Wednesday
2025-09-25,31.6,26.172915,20.25,0.0,4.7083335,52.482265,38.88,7.189621,1012.44995,9,25,Thursday
2025-09-26,33.65,27.28125,21.0,0.0,3.0833333,49.626785,48.239998,6.1091757,1012.4041,9,26,Friday
2025-09-27,34.85,27.737497,21.4,0.0,10.125,54.716366,52.199997,7.8273664,1013.14166,9,27,Saturday
2025-09-28,34.75,27.525002,21.25,0.0,2.1666667,55.92055,51.839996,9.155404,1013.8,9,28,Sunday
2025-09-29,35.2,27.975,21.25,0.0,0.41666666,51.147396,35.28,9.3908615,1014.51245,9,29,Monday
2025-09-30,35.95,28.127085,21.55,0.0,3.625,54.17336,47.88,10.119544,1014.5125,9,30,Tuesday
2025-10-01,34.1,27.470839,21.1,0.0,0.0,47.83783,32.039997,8.082149,1013.1416,10,1,Wednesday
2025-10-02,36.65,29.710419,21.8,0.0,0.0,37.43825,29.16,6.423375,1009.55835,10,2,Thursday
2025-10-03,33.8,28.008333,22.3,0.0,0.5416667,44.59219,35.28,8.335142,1011.2334,10,3,Friday
2025-10-04,34.15,28.214584,22.65,0.0,1.0,45.746754,46.8,7.469678,1015.7917,10,4,Saturday
2025-10-05,31.85,26.277082,21.95,0.0,20.0,55.961803,42.839996,11.234563,1016.7542,10,5,Sunday
2025-10-06,31.4,25.802084,19.65,0.0,9.458333,45.872684,29.88,7.2361646,1014.9207,10,6,Monday
2025-10-07,32.2,26.88542,20.2,0.0,0.0,39.681324,29.88,5.346889,1012.2585,10,7,Tuesday
2025-10-08,33.4,26.970839,20.8,0.0,8.125,44.61646,38.88,8.002503,1013.07916,10,8,Wednesday
2025-10-09,29.3,24.837503,20.05,0.0,1.2916666,47.16298,31.319998,8.126305,1018.06244,10,9,Thursday
2025-10-10,29.55,24.114584,19.2,0.0,22.5,51.945995,38.16,10.255619,1018.95416,10,10,Friday
2025-10-11,29.7,23.881248,18.35,0.0,20.375,52.46455,42.839996,10.079499,1015.70416,10,11,Saturday
2025-10-12,29.85,23.670832,18.6,0.0,26.166666,53.308453,39.239998,9.608024,1014.5168,10,12,Sunday
2025-10-13,29.65,23.65,17.4,0.0,0.625,50.422073,41.039997,7.9152484,1015.5083,10,13,Monday
2025-10-14,29.85,23.889585,18.25,0.0,3.5416667,53.467716,40.32,8.711401,1016.25,10,14,Tuesday
2025-10-15,28.95,23.96875,19.9,0.0,11.5,51.965343,30.599998,8.974119,1015.79175,10,15,Wednesday
2025-10-16,29.4,23.547918,17.5,0.0,0.25,52.64497,32.760002,9.15185,1015.84155,10,16,Thursday
2025-10-17,30.05,23.714582,17.85,0.0,0.0,54.749187,37.8,9.613762,1018.3542,10,17,Friday
2025-10-18,30.3,23.829168,17.45,0.0,0.0,54.30747,34.56,9.055937,1019.77075,10,18,Saturday
2025-10-19,31.15,24.433334,17.55,0.0,0.0,57.703487,32.399998,9.645955,1018.2249,10,19,Sunday
2025-10-20,33.1,25.868752,18.85,0.0,0.0,53.6787,34.92,10.545694,1015.1291,10,20,Monday
2025-10-21,33.1,26.135416,20.15,0.0,0.0,53.145695,40.32,12.410822,1013.4333,10,21,Tuesday
2025-10-22,34.1,27.254164,21.55,0.0,0.0,48.593876,34.92,11.417305,1013.9123,10,22,Wednesday
2025-10-23,33.45,26.320833,19.95,0.0,6.2916665,58.79663,34.2,7.0624275,1013.8376,10,23,Thursday
2025-10-24,32.3,25.82708,19.35,0.0,11.041667,56.944443,21.96,5.45151,1015.4917,10,24,Friday
2025-10-25,33.35,26.487497,19.6,0.0,0.083333336,51.636585,38.519997,6.2074094,1015.18335,10,25,Saturday
2025-10-26,30.8,25.199997,20.8,0.0,14.375,63.610092,40.68,7.5007143,1015.86255,10,26,Sunday
2025-10-27,30.3,24.918753,19.7,0.0,6.0416665,61.227734,25.919998,6.294744,1015.08325,10,27,Monday
2025-10-28,31.5,25.158333,19.25,0.0,0.0,57.721333,30.599998,7.387645,1014.54175,10,28,Tuesday
2025-10-29,31.3,24.724998,18.25,0.0,2.125,61.20625,28.8,8.85806,1016.42926,10,29,Wednesday
2025-10-30,30.3,24.608332,19.9,0.0,34.416668,63.005493,33.839996,10.084674,1016.35834,10,30,Thursday
2025-10-31,31.05,24.9125,19.85,0.0,8.833333,63.516758,38.88,11.511165,1016.37915,10,31,Friday
2025-11-01,31.7,25.222918,20.55,0.0,84.333336,63.52852,37.44,11.669645,1016.30005,11,1,Saturday
2025-11-02,30.7,25.035416,20.35,0.3,90.208336,64.490616,29.519999,8.370027,1015.8335,11,2,Sunday
2025-11-03,28.5,24.737501,20.9,2.6999998,68.583336,58.93497,44.639996,14.771185,1016.39594,11,3,Monday
2025-11-04,33.85,26.900002,21.2,0.0,21.875,36.606426,35.28,5.347277,1014.21246,11,4,Tuesday
2025-11-05,30.75,24.527082,19.35,0.0,17.291666,67.9774,23.4,6.540843,1012.9666,11,5,Wednesday
2025-11-06,27.85,23.314583,19.5,0.0,8.25,63.159374,28.08,5.6899443,1013.37494,11,6,Thursday
2025-11-07,28.75,23.345835,17.65,0.0,0.0,48.253265,23.039999,5.309248,1015.38745,11,7,Friday
2025-11-08,29.1,23.63125,17.85,0.0,8.0,54.690857,33.839996,8.346998,1017.57916,11,8,Saturday
2025-11-09,29.7,24.181252,19.35,0.0,8.0,64.240814,42.839996,11.424194,1017.7834,11,9,Sunday
2025-11-10,30.15,24.15,19.35,0.0,37.041668,67.62101,38.16,7.799685,1016.65424,11,10,Monday
2025-11-11,28.2,23.64583,19.15,0.0,21.375,52.14224,29.16,7.597546,1016.77924,11,11,Tuesday
2025-11-12,26.75,21.870834,16.2,0.0,41.791668,56.179882,23.759998,5.0039015,1016.9041,11,12,Wednesday
2025-11-13,25.7,20.814583,16.5,0.2,10.5,62.412952,33.12,7.5406113,1017.15424,11,13,Thursday
2025-11-14,25.3,20.59792,16.3,0.0,10.458333,56.787586,38.519997,10.006173,1017.0083,11,14,Friday
2025-11-15,25.3,20.795835,16.05,0.0,29.375,53.709743,37.44,9.040555,1017.1667,11,15,Saturday
2025-11-16,25.95,21.277082,16.75,0.0,46.083332,55.450413,24.84,6.074904,1019.8208,11,16,Sunday
2025-11-17,26.05,21.354166,17.2,0.0,13.791667,48.398647,24.84,5.6861014,1022.08344,11,17,Monday
2025-11-18,27.1,20.879168,14.3,0.0,0.75,58.950924,30.960001,7.1310077,1019.9082,11,18,Tuesday
2025-11-19,29.45,22.270834,15.35,0.0,0.0,58.63257,25.56,6.912058,1017.0208,11,19,Wednesday
2025-11-20,30.0,21.902084,15.6,0.0,16.625,60.71213,17.64,3.2098224,1017.5667,11,20,Thursday
2025-11-21,32.75,24.1875,15.8,0.0,1.4166666,49.584473,15.119999,2.9426267,1017.82495,11,21,Friday
2025-11-22,34.25,25.556252,17.75,0.0,29.75,33.14549,16.919998,1.9343681,1017.35834,11,22,Saturday
2025-11-23,33.3,24.599998,17.6,0.0,36.958332,34.32408,21.599998,4.1276555,1014.9834,11,23,Sunday
2025-11-24,27.55,22.0625,18.2,0.70000005,38.458332,71.22979,39.6,11.261052,1016.8542,11,24,Monday
2025-11-25,24.6,20.393751,15.75,0.0,23.875,53.603653,29.16,6.6134825,1019.49164,11,25,Tuesday
2025-11-26,24.1,19.493752,14.35,0.0,0.5,54.257328,30.599998,6.6154947,1019.04156,11,26,Wednesday
2025-11-27,25.55,19.983332,14.15,0.0,12.208333,56.911343,27.72,6.38139,1016.76666,11,27,Thursday
2025-11-28,26.05,19.922916,14.2,0.0,91.166664,51.557083,15.119999,2.6199045,1016.7375,11,28,Friday
2025-11-29,25.4,19.675001,13.7,0.0,98.416664,50.06456,22.68,5.717711,1015.42096,11,29,Saturday
2025-11-30,22.0,17.81875,13.7,0.0,19.791666,44.435577,29.519999,6.9374304,1018.8542,11,30,Sunday
2025-12-01,24.5,18.84375,12.95,0.0,15.458333,60.251404,27.0,5.992549,1019.83344,12,1,Monday
2025-12-02,24.6,19.139585,13.25,0.0,19.25,60.9995,31.319998,7.435586,1019.2585,12,2,Tuesday
2025-12-03,24.4,19.468748,14.1,0.0,34.875,59.163662,34.2,7.381917,1017.80005,12,3,Wednesday
2025-12-04,26.85,21.022919,14.5,0.0,29.208334,51.191456,19.8,4.745003,1014.46674,12,4,Thursday
2025-12-05,26.35,20.508333,15.4,0.0,20.291666,37.986515,34.2,8.045118,1012.37915,12,5,Friday
2025-12-06,23.1,17.870834,13.3,0.0,10.916667,43.105347,37.079998,7.9783964,1012.45,12,6,Saturday
2025-12-07,20.6,16.199999,11.2,0.0,0.20833333,41.63503,42.48,10.300735,1014.43335,12,7,Sunday
2025-12-08,20.05,15.612499,11.4,0.6,38.75,57.30212,42.48,11.198971,1015.53326,12,8,Monday
2025-12-09,21.1,16.4625,12.05,0.0,36.041668,64.590454,41.039997,9.652422,1014.9084,12,9,Tuesday
2025-12-10,21.15,16.925001,12.65,0.0,11.833333,62.98172,43.199997,8.683845,1017.68335,12,10,Wednesday
2025-12-11,21.4,16.966665,12.8,0.0,29.583334,60.622837,36.0,8.641067,1017.8208,12,11,Thursday
2025-12-12,21.55,17.4,13.0,0.0,36.75,57.586864,31.319998,7.423564,1017.92096,12,12,Friday
2025-12-13,22.9,18.047918,11.55,0.0,57.583332,60.55389,24.84,5.598672,1019.23334,12,13,Saturday
2025-12-14,22.45,18.454168,14.6,0.0,45.125,60.64278,26.64,6.0002127,1019.1958,12,14,Sunday
2025-12-15,21.95,16.920834,12.85,0.2,29.833334,64.45454,39.96,8.985282,1018.3457,12,15,Monday
2025-12-16,22.0,17.254168,13.6,0.0,48.75,55.22568,34.92,7.870536,1018.33746,12,16,Tuesday
2025-12-17,20.9,16.610416,12.45,0.1,33.916668,53.11269,42.48,9.135518,1021.02496,12,17,Wednesday
2025-12-18,20.85,15.41875,9.35,0.0,0.33333334,54.659534,33.12,5.575893,1027.15,12,18,Thursday
2025-12-19,21.25,15.849998,9.65,0.0,39.916668,56.64221,26.64,5.3725305,1024.8959,12,19,Friday
2025-12-20,23.35,16.837502,11.25,0.0,30.916666,55.238583,15.119999,2.8007376,1017.51245,12,20,Saturday
2025-12-21,22.7,16.645834,11.7,0.0,33.083332,44.917416,40.68,8.954569,1013.33344,12,21,Sunday
2025-12-22,21.9,15.96875,10.6,0.0,30.791666,42.54586,33.12,9.192108,1014.49994,12,22,Monday
2025-12-23,21.35,15.445834,10.15,0.0,2.25,46.54271,24.48,5.6591496,1017.53754,12,23,Tuesday
2025-12-24,22.4,16.727083,10.3,0.0,33.458332,53.50331,24.84,4.8972936,1018.9084,12,24,Wednesday
2025-12-25,23.25,17.304167,11.45,0.0,14.0,68.54756,28.8,7.4219193,1018.1418,12,25,Thursday
2025-12-26,22.6,16.61875,10.7,0.0,32.5,63.503567,28.8,6.0247355,1017.5125,12,26,Friday
2025-12-27,21.3,16.277082,11.1,0.0,12.125,65.06367,38.88,7.9974184,1014.61255,12,27,Saturday
2025-12-28,20.35,15.785417,12.15,0.0,11.291667,61.385864,40.32,8.650654,1014.12915,12,28,Sunday
2025-12-29,21.6,16.302084,11.75,0.0,17.666666,62.375057,47.519997,9.8654375,1017.5959,12,29,Monday
2025-12-30,21.3,17.058334,14.15,0.0,71.375,56.25768,25.199999,7.3740582,1019.5625,12,30,Tuesday
2025-12-31,21.25,15.927083,10.5,0.0,40.541668,48.28941,44.28,11.09732,1014.12933,12,31,Wednesday
