date,temperature,temp_max,temp_min,precipitation,humidity,wind_speed,temp_roll7,temp_roll30,temp_roll_std7,temp_zscore_rolling
2024-01-01,18.12,19.38,17.03,0.01,74.34,2.13,,,,0.9018241304715834
2024-01-02,18.11,19.78,16.32,0.02,78.98,4.02,,,,0.9440423996708689
2024-01-03,17.74,19.32,16.65,0.0,77.41,3.17,,,,0.6358466471557329
2024-01-04,17.96,20.01,16.19,0.0,72.53,2.84,,,,0.87975307884319
2024-01-05,18.1,20.54,15.73,0.0,75.96,3.6,,,,1.0678784534948813
2024-01-06,18.65,20.49,17.05,0.06,76.86,2.25,,,,1.5642414566418494
2024-01-07,18.65,22.45,15.85,0.07,72.95,3.28,18.19,,0.34107672646097253,1.5207140180350727
2024-01-08,16.82,20.81,12.52,0.0,65.25,3.27,18.004285714285714,,0.622972903178973,-0.3677628605043195
2024-01-09,16.26,19.77,13.2,0.0,63.35,5.39,17.74,,0.901017942847607,-0.9737641399806483
2024-01-10,16.42,19.53,13.31,0.16,69.89,6.49,17.55142857142857,,1.0299260260075085,-0.7657812194690443
2024-01-11,16.68,18.09,15.25,0.82,71.9,6.37,17.368571428571432,,1.058527728678353,-0.47347954327758135
2024-01-12,16.8,18.57,15.21,0.36,68.02,6.42,17.18285714285714,,1.0222314526843432,-0.3263253840807158
2024-01-13,15.92,19.56,12.38,3.6,67.77,7.66,16.79285714285714,,0.8800892811852342,-1.2339015996852827
2024-01-14,16.06,17.61,14.46,0.14,67.36,5.24,16.422857142857143,,0.3598941643369731,-0.9490059096240976
2024-01-15,16.13,18.55,14.22,0.11,66.4,4.11,16.324285714285715,,0.32587610850634013,-0.7554677215737287
2024-01-16,15.5,18.33,12.36,0.0,60.41,4.1,16.215714285714288,,0.4527639982322309,-1.1482861771695145
2024-01-17,16.6,19.63,13.98,0.0,59.03,2.92,16.24142857142857,,0.471042410384617,-0.034943563521467734
2024-01-18,17.04,19.34,15.62,0.0,72.27,1.25,16.29285714285714,,0.5413167367852274,0.39803430606903806
2024-01-19,16.67,19.51,13.78,0.0,75.56,2.07,16.274285714285714,,0.5229358514788429,0.1952618321090541
2024-01-20,18.2,22.35,14.48,0.0,64.21,2.85,16.599999999999998,,0.8641951940003668,1.3798438955065542
2024-01-21,18.08,22.82,14.49,0.0,58.06,3.8,16.888571428571428,,0.9829280843722074,1.3892350727570926
2024-01-22,17.23,21.13,13.72,0.19,72.7,6.62,17.045714285714286,,0.9278264410771567,0.8955408002149163
2024-01-23,17.07,18.34,15.92,1.21,76.34,6.35,17.27,,0.6356623841841391,0.9037130559633205
2024-01-24,16.3,17.58,15.25,0.37,69.6,4.8,17.22714285714286,,0.6956463250271703,0.2894971631325426
2024-01-25,16.68,18.26,15.43,0.13,66.31,4.73,17.175714285714285,,0.724496541120271,0.6143583184842433
2024-01-26,16.63,18.13,15.32,2.69,69.16,6.95,17.169999999999998,,0.7292918940086102,0.5706853159001547
2024-01-27,15.84,17.12,14.83,2.13,64.8,6.66,16.832857142857144,,0.7192059113057581,-0.07854761667830729
2024-01-28,15.12,16.33,14.31,3.2,68.98,4.28,16.41,,0.7337574531137725,-0.6930823527853917
2024-01-29,14.88,16.28,13.0,2.4,68.9,5.35,16.074285714285715,,0.8276443910854788,-0.9129561294222845
2024-01-30,14.0,16.24,12.24,1.16,65.4,7.96,15.635714285714284,16.808666666666667,1.0062116600208564,-1.6356140547681126
2024-01-31,13.21,15.82,10.86,1.76,68.55,5.58,15.194285714285714,16.645,1.3008696724737399,-2.2561725751431934
2024-02-01,13.46,15.92,10.34,2.85,74.55,5.8,14.734285714285717,16.49,1.256501189054462,-2.0071114888376353
2024-02-02,15.02,16.4,14.06,1.85,69.87,4.76,14.504285714285714,16.399333333333335,0.9652608825745581,-0.751062819795872
2024-02-03,15.01,18.03,12.32,0.54,68.45,4.77,14.385714285714284,16.301,0.812770101624859,-0.7418533116807808
2024-02-04,14.76,16.54,13.5,0.47,73.46,3.96,14.334285714285715,16.189666666666664,0.7687621466326789,-0.9346276190010899
2024-02-05,15.24,17.23,13.23,0.24,74.77,5.08,14.385714285714286,16.076,0.821580938249716,-0.5301761468161656
2024-02-06,16.11,18.52,14.22,0.02,76.13,3.57,14.687142857142858,15.991333333333333,1.0196684802051348,0.29332376691078405
2024-02-07,15.8,17.91,14.3,0.16,79.26,1.96,15.057142857142859,15.957333333333334,0.8501512470479454,0.05849125129399303
2024-02-08,16.14,18.4,14.47,0.01,73.82,1.95,15.44,15.953333333333331,0.5674798087450867,0.420091005414416
2024-02-09,16.46,18.5,14.21,0.01,69.93,2.49,15.645714285714286,15.954666666666668,0.6454935358018139,0.7281985229975974
2024-02-10,16.01,17.98,13.27,0.05,78.07,2.74,15.78857142857143,15.932333333333334,0.5895882340365227,0.2707521744404503
2024-02-11,16.97,18.78,15.58,0.0,75.67,3.57,16.104285714285716,15.937999999999999,0.5363101448122939,1.1689870524899344
2024-02-12,17.75,21.34,15.3,0.0,65.46,3.3,16.462857142857143,15.998999999999999,0.6815598356151978,1.7911994483595959
2024-02-13,17.22,20.67,15.22,0.1,63.31,5.55,16.62142857142857,16.037666666666667,0.7141295067289654,1.202396855027731
2024-02-14,15.71,17.68,13.83,0.57,73.57,5.12,16.608571428571427,16.023666666666667,0.7319705952980321,-0.2101331074637456
2024-02-15,14.76,16.34,13.31,2.66,75.48,4.8,16.41142857142857,15.998999999999999,1.0116229299402812,-1.1463540195840238
2024-02-16,15.65,18.17,13.91,0.86,73.14,6.55,16.295714285714286,15.967333333333334,1.0507117768899552,-0.5495169050662128
2024-02-17,16.03,18.33,14.23,0.75,73.92,5.34,16.298571428571428,15.933666666666666,1.049832186136255,-0.3858012971316322
2024-02-18,16.18,17.89,14.74,0.16,73.06,4.22,16.185714285714287,15.917333333333334,1.0072215437009124,-0.3176303962288704
2024-02-19,16.42,17.5,15.05,0.02,66.16,4.91,15.995714285714286,15.858,0.7574267212709446,-0.14692785608357056
2024-02-20,16.06,17.99,14.65,0.0,65.82,3.8,15.83,15.790666666666668,0.5408635071192658,-0.6205710312575946
2024-02-21,15.66,17.43,14.24,0.0,69.66,2.56,15.822857142857142,15.738333333333333,0.5430381903609497,-1.1294781265228686
2024-02-22,16.17,18.08,14.87,0.0,71.33,3.53,16.024285714285714,15.708333333333334,0.28171245049148885,-0.6403672989387005
2024-02-23,16.37,17.58,15.2,0.0,74.47,3.58,16.127142857142857,15.710666666666667,0.2521715213708488,-0.48017317937056553
2024-02-24,17.15,19.37,15.85,0.04,74.17,3.36,16.287142857142857,15.726333333333333,0.45444890749546035,0.3425326062517192
2024-02-25,16.89,18.92,15.47,0.0,72.13,2.65,16.388571428571428,15.735000000000001,0.5031708977881744,0.07379236440435123
2024-02-26,17.35,20.67,14.54,0.0,73.5,3.63,16.521428571428572,15.785333333333334,0.6216759223107762,0.536312545732359
2024-02-27,17.43,19.06,16.34,0.0,74.04,5.13,16.717142857142857,15.862333333333334,0.6662510609300917,0.5451192177689038
2024-02-28,17.6,19.56,16.03,0.0,69.9,4.42,16.994285714285716,15.953000000000001,0.545828335127961,0.688899216204878
2024-02-29,18.1,20.53,16.37,0.0,69.5,6.34,17.270000000000003,16.089666666666666,0.547509512854938,1.194692572956253
2024-03-01,19.23,23.31,15.88,0.0,64.39,4.71,17.678571428571427,16.290333333333333,0.7812048082167238,2.354746564297474
2024-03-02,18.29,20.32,16.1,0.0,67.29,6.33,17.841428571428573,16.451333333333334,0.7714149028771252,1.4411196008608884
2024-03-03,17.0,18.77,15.55,0.0,75.95,5.24,17.857142857142858,16.517333333333333,0.7496157745964138,-0.11433008625947294
2024-03-04,16.6,18.97,14.89,0.0,73.79,2.84,17.75,16.570333333333334,0.876964461461604,-0.6642323149726325
2024-03-05,17.97,21.34,14.79,0.0,65.15,2.36,17.827142857142857,16.677333333333333,0.8678270619909142,0.9847361261413314
2024-03-06,17.49,19.84,15.95,0.0,69.88,5.92,17.81142857142857,16.752333333333336,0.873602285013567,0.3042166822808992
2024-03-07,17.11,19.44,15.36,0.0,68.23,4.34,17.669999999999998,16.785666666666668,0.8988696605552128,-0.2309628026711205
2024-03-08,16.92,19.32,15.34,0.0,67.06,2.9,17.34,16.823,0.607508573327696,-0.5331539837592648
2024-03-09,16.29,18.33,14.85,0.0,68.99,3.12,17.054285714285715,16.828,0.5542218912691024,-1.435760083924779
2024-03-10,16.23,17.95,14.67,0.0,68.19,3.63,16.944285714285716,16.82033333333333,0.6370205947182852,-1.4845037554539111
2024-03-11,16.91,19.0,15.27,0.0,69.29,4.25,16.98857142857143,16.85033333333333,0.6196350692525538,-0.5471495295250101
2024-03-12,18.42,21.54,16.06,0.0,71.09,4.68,17.052857142857142,16.898666666666667,0.7483919268608349,1.3965445361530557
2024-03-13,18.25,21.29,16.23,0.0,71.64,3.47,17.16142857142857,16.915333333333333,0.8679560006403617,0.8743010725280639
2024-03-14,17.16,19.24,15.68,0.0,69.33,3.47,17.16857142857143,16.913333333333334,0.8676679197985893,-0.3711567836055611
2024-03-15,16.9,19.4,14.68,0.0,68.98,3.67,17.165714285714284,16.953,0.8686552277871223,-0.6296103685377669
2024-03-16,17.09,18.65,15.9,0.0,64.04,2.3,17.28,17.03066666666667,0.7826024959496705,-0.4864425397556018
2024-03-17,17.61,19.25,16.15,0.0,72.54,5.19,17.47714285714286,17.096,0.6336590641060759,-0.09015236861767995
2024-03-18,17.43,19.22,15.57,1.05,69.0,6.75,17.55142857142857,17.142666666666667,0.5846773632077731,-0.27007997651048843
2024-03-19,17.43,19.73,15.73,0.95,67.56,7.04,17.41,17.18433333333333,0.4418521623046719,-0.33675122654406475
2024-03-20,18.23,22.28,14.36,0.02,67.53,4.33,17.407142857142855,17.244666666666667,0.4355347014767676,0.09914847804621159
2024-03-21,17.39,19.83,15.53,0.1,69.09,5.28,17.44,17.288999999999998,0.4222558466143239,-0.474404559505508
2024-03-22,16.34,18.17,14.94,0.0,63.0,6.01,17.36,17.311666666666667,0.569122131005273,-1.142892647338775
2024-03-23,16.5,18.5,15.16,0.56,62.13,2.88,17.275714285714287,17.32266666666667,0.6532446489857825,-1.0939831336805164
2024-03-24,16.14,17.42,15.16,3.25,67.92,4.06,17.065714285714286,17.315,0.7560612220108678,-1.3673453492857393
2024-03-25,17.02,20.14,14.6,0.01,63.14,3.85,17.007142857142856,17.31066666666667,0.7388214553308131,-0.9241254443779989
2024-03-26,18.46,22.72,14.12,0.0,58.91,4.13,17.154285714285717,17.363,0.9179298655644835,-0.08448919155736132
2024-03-27,20.12,24.0,17.44,0.0,62.9,3.83,17.424285714285713,17.455333333333332,1.4249895571881295,0.9269990105309224
2024-03-28,21.04,26.53,17.28,0.47,66.75,3.73,17.945714285714285,17.575666666666667,1.9728393847688674,1.4838425178237662
2024-03-29,19.39,21.47,17.64,0.08,86.13,4.22,18.381428571428575,17.63533333333333,1.89434622470328,0.38742382690751515
2024-03-30,19.35,21.89,17.12,0.1,84.81,4.09,18.78857142857143,17.677000000000003,1.7209147622841627,0.3049514793445282
2024-03-31,20.74,23.78,18.19,0.06,79.67,4.43,19.445714285714285,17.727333333333334,1.3868171850542585,1.1546614215927398
2024-04-01,20.88,23.64,19.03,0.01,80.18,4.8,19.997142857142858,17.81366666666667,0.9647230049036705,1.182355752523368
2024-04-02,20.7,23.53,18.56,0.0,78.26,4.7,20.31714285714286,17.937,0.7069350343963884,0.9789141014402325
2024-04-03,20.73,23.86,17.92,0.0,78.09,3.34,20.404285714285713,18.074666666666666,0.7161205006341099,0.7160289684676248
2024-04-04,20.9,24.47,18.35,0.0,73.38,2.68,20.384285714285713,18.17233333333333,0.6971096791479675,0.7330271978437034
2024-04-05,19.35,21.79,17.76,0.0,76.71,4.32,20.37857142857143,18.234333333333332,0.7067160809317247,-0.16086429559044677
2024-04-06,19.79,22.26,17.78,0.0,70.26,5.19,20.44142857142857,18.323666666666664,0.6133902665086026,0.027708667324075408
2024-04-07,19.96,22.21,18.27,0.14,72.24,4.79,20.330000000000002,18.425,0.6209133058110555,0.07299622188729822
2024-04-08,19.27,21.02,17.38,2.51,67.22,4.45,20.099999999999998,18.524333333333335,0.6787242935585518,-0.4805909479722449
2024-04-09,18.28,20.55,16.61,1.24,73.49,5.9,19.754285714285714,18.592666666666666,0.9018288297094622,-1.405156823784464
2024-04-10,19.66,22.18,17.47,0.14,69.84,5.17,19.601428571428574,18.68433333333333,0.7929991292854767,-0.5216378230740519
2024-04-11,19.7,22.0,18.03,0.0,72.79,3.24,19.43,18.726999999999997,0.561367378223249,-0.5848005305869275
2024-04-12,19.89,22.18,18.18,0.02,73.85,3.66,19.50714285714286,18.781666666666663,0.5851414155487414,-0.48816137718901104
2024-04-13,19.99,22.32,18.15,0.23,79.26,4.19,19.535714285714285,18.875999999999998,0.6057738065993051,-0.42089165742716483
2024-04-14,20.07,22.48,18.09,0.29,80.28,4.09,19.55142857142857,18.98166666666667,0.6198770999541169,-0.40307851729816024
2024-04-15,20.59,23.2,18.16,0.13,80.19,3.97,19.740000000000002,19.098333333333336,0.7136759301904717,-0.09614482937909058
2024-04-16,21.03,23.36,18.58,0.01,73.86,3.61,20.132857142857144,19.212333333333333,0.501355306002673,0.18058800786723564
2024-04-17,24.69,29.59,19.61,0.0,59.1,3.85,20.851428571428574,19.454333333333334,1.7529824925102622,2.524997340569176
2024-04-18,21.62,24.13,19.07,0.0,72.23,5.41,21.125714285714285,19.593999999999998,1.6919402781309296,0.5506767636517911
2024-04-19,19.42,21.65,17.97,0.0,73.76,2.86,21.05857142857143,19.633666666666667,1.7572177684379786,-0.8784670541615119
2024-04-20,20.65,25.18,17.8,0.0,67.58,3.94,21.15285714285714,19.74233333333333,1.7073245569770858,-0.10363059238787813
2024-04-21,19.37,21.59,17.88,0.0,71.64,3.49,21.052857142857142,19.843333333333337,1.79933982602611,-0.958630570410746
2024-04-22,20.52,22.99,18.09,0.0,70.85,4.63,21.042857142857144,19.97733333333333,1.8025326098364134,-0.23957722700641193
2024-04-23,22.65,26.15,19.7,0.0,70.71,5.62,21.274285714285718,20.19433333333333,1.9018662513686633,1.1449449232255269
2024-04-24,25.86,31.5,20.68,0.0,55.29,3.74,21.44142857142857,20.488999999999997,2.268210958526741,3.2844998573561672
2024-04-25,22.72,24.63,21.25,0.0,71.66,4.72,21.59857142857143,20.631000000000004,2.3201539357797194,1.1339790987052187
2024-04-26,21.21,22.85,20.25,0.0,71.49,6.36,21.854285714285712,20.667333333333335,2.130953285448025,-0.013580397972381598
2024-04-27,20.81,22.59,19.19,0.0,72.44,5.4,21.87714285714286,20.659666666666666,2.116693288171506,-0.3391969843718452
2024-04-28,20.72,22.81,18.92,0.0,70.41,4.94,22.07,20.704,1.900666549748575,-0.43518062709315597
2024-04-29,20.41,22.93,18.39,0.0,73.86,4.94,22.054285714285715,20.73933333333333,1.9160102395590317,-0.6781965037084641
2024-04-30,21.04,23.43,19.21,0.0,75.13,4.97,21.82428571428571,20.74933333333333,1.9291695721462823,-0.2661059668967357
2024-05-01,21.21,23.34,19.73,0.0,76.45,5.37,21.16,20.76033333333333,0.7451621747422015,-0.15715303834397018
2024-05-02,20.78,22.89,18.88,0.0,74.94,4.65,20.882857142857144,20.762999999999998,0.29004104799783426,-0.4866809389560363
2024-05-03,21.7,24.14,19.77,0.0,74.08,5.09,20.95285714285714,20.795333333333335,0.41455656171023575,0.2034223022580512
2024-05-04,21.42,24.71,18.95,0.0,72.28,5.86,21.04,20.812666666666665,0.44268122466006304,-0.0729203180912769
2024-05-05,20.54,22.79,18.66,0.0,66.41,6.4,21.014285714285712,20.852333333333334,0.46882324824512056,-0.7763819559886208
2024-05-06,20.84,23.04,19.0,0.01,66.09,5.44,21.075714285714287,20.887333333333334,0.3994937272287303,-0.6218236378670836
2024-05-07,20.43,22.78,18.39,0.0,65.41,3.77,20.98857142857143,20.903000000000002,0.4690568043575901,-0.9773805845383102
2024-05-08,20.56,22.99,18.18,0.0,61.53,3.57,20.895714285714284,20.946,0.4820738927748641,-0.9518480632639732
2024-05-09,22.6,25.93,19.56,0.0,65.77,3.99,21.155714285714286,21.09,0.7971168283853373,0.18293817033838314
2024-05-10,23.87,30.61,20.92,0.11,63.87,4.99,21.465714285714288,21.23033333333333,1.304528741766575,0.9867929545081218
2024-05-11,22.12,24.65,20.08,0.0,67.22,4.01,21.565714285714282,21.311,1.327075194338441,-0.06576843273066546
2024-05-12,21.13,23.28,19.62,0.0,72.16,5.01,21.650000000000002,21.352333333333334,1.2685161935636329,-0.6934552066968244
2024-05-13,20.88,22.92,19.4,0.0,66.73,6.48,21.655714285714286,21.382,1.2643424792206182,-0.8988723289015645
2024-05-14,21.09,23.31,19.25,0.0,68.61,5.04,21.75,21.416,1.17946315471623,-0.8319970178885704
2024-05-15,21.04,23.41,18.78,0.0,66.47,4.03,21.818571428571428,21.430999999999997,1.1106969069226051,-0.9231507068372383
2024-05-16,22.07,24.39,19.84,0.0,60.14,2.84,21.74285714285714,21.465666666666667,1.0657034341333604,-0.340429533699961
2024-05-17,23.58,26.37,20.93,0.0,58.65,3.16,21.701428571428572,21.42866666666667,0.9706257186547832,0.5179417829725791
2024-05-18,24.53,29.01,21.8,0.0,60.72,2.41,22.04571428571429,21.52566666666667,1.451928110512035,0.9893497299963845
2024-05-19,24.35,27.0,22.22,0.0,65.61,1.72,22.505714285714284,21.689999999999998,1.6144437343643643,0.7866359475102308
2024-05-20,25.7,30.31,22.53,0.0,59.89,3.82,23.194285714285712,21.858333333333334,1.8202642403677667,1.4770704252610287
2024-05-21,24.48,27.6,22.07,0.0,70.48,3.11,23.678571428571427,22.028666666666666,1.605380833026023,0.6720910527027765
2024-05-22,25.14,29.11,21.79,0.0,68.99,2.34,24.264285714285712,22.182666666666666,1.1715923230493799,0.9187847624500656
2024-05-23,25.31,30.58,22.37,0.0,70.11,4.09,24.72714285714286,22.271333333333335,0.7088421141952453,0.8559330365782096
2024-05-24,23.78,26.08,21.97,0.0,64.14,6.26,24.755714285714284,22.202,0.6570351878665841,-0.12189710903930735
2024-05-25,23.63,25.93,21.63,0.0,66.18,6.11,24.627142857142854,22.232333333333333,0.7842982911644382,-0.26674154745483797
2024-05-26,24.2,27.29,21.37,0.0,61.91,3.56,24.60571428571429,22.331999999999997,0.7951070607753952,-0.017322111146077526
2024-05-27,24.27,25.89,21.73,0.0,64.57,6.7,24.40142857142857,22.447333333333333,0.6345977353520493,-0.053063196208441576
2024-05-28,22.77,25.16,20.73,0.0,72.03,4.37,24.157142857142855,22.515666666666668,0.8807139960604825,-0.9132861129520191
2024-05-29,22.32,24.92,20.36,0.0,68.46,3.64,23.754285714285714,22.579333333333334,0.9938956541952879,-1.2933334971132828
2024-05-30,22.53,25.16,20.73,0.0,64.92,3.41,23.357142857142858,22.629,0.8063852322909177,-1.3327471207416288
2024-05-31,24.2,26.84,21.26,0.0,56.9,3.0,23.417142857142856,22.728666666666665,0.8571214283034074,-0.5849247260626352
2024-06-01,25.33,27.97,22.56,0.0,59.14,3.96,23.66,22.880333333333336,1.12611426300045,-0.09986603275332462
2024-06-02,25.38,27.63,23.6,0.0,65.99,4.5,23.82857142857143,23.003,1.2959350365845197,-0.1379897672572016
2024-06-03,25.35,27.73,22.74,0.0,72.64,4.98,23.982857142857142,23.134,1.415976862872472,-0.19461002120869236
2024-06-04,25.9,28.94,22.92,0.0,74.68,4.52,24.43,23.312666666666665,1.462577633267031,0.07283676932226256
2024-06-05,26.68,30.12,23.48,0.0,75.12,4.07,25.052857142857142,23.507333333333335,1.337257321107929,0.47634376297885733
2024-06-06,27.57,31.03,24.5,0.0,77.7,4.04,25.77285714285714,23.745333333333335,1.0856597730673736,0.8984584275784478
2024-06-07,28.69,33.09,25.53,0.0,72.39,2.96,26.414285714285715,24.016333333333332,1.3056142506223194,1.4126922174045575
2024-06-08,26.94,29.81,24.52,0.0,72.32,5.61,26.64428571428571,24.161,1.2218954830213846,0.4342802968264308
2024-06-09,26.09,28.63,23.75,0.0,71.89,5.18,26.745714285714286,24.235,1.125090472552343,-0.08202681394276898
2024-06-10,26.38,29.2,24.08,0.0,74.18,4.12,26.892857142857142,24.377,0.9686023312949169,-0.007772062694406671
2024-06-11,26.66,29.2,24.14,0.0,67.76,3.7,27.00142857142857,24.561333333333334,0.8770296188729403,0.08280534414382663
2024-06-12,27.46,30.29,24.86,0.0,67.57,3.6,27.11285714285714,24.780666666666665,0.8789333362225279,0.4824694000759576
2024-06-13,28.11,31.43,25.14,0.0,73.48,3.34,27.19,25.014666666666663,0.9468192365315116,0.81256294853324
2024-06-14,29.07,32.8,25.73,0.0,74.08,2.92,27.244285714285716,25.282333333333334,1.052185933233609,1.4824705936137208
2024-06-15,29.12,32.83,26.51,0.0,71.37,3.96,27.555714285714288,25.517333333333333,1.2509577283404327,1.7158924535258362
2024-06-16,27.17,29.43,25.58,0.0,67.58,4.47,27.71,25.637,1.0972085793804531,-0.03435152036275383
2024-06-17,26.79,29.17,24.79,0.0,65.76,3.75,27.768571428571427,25.71233333333333,1.0227972847606146,-0.5119627373804153
2024-06-18,25.95,27.99,24.59,0.0,70.34,3.28,27.66714285714286,25.765666666666668,1.1749427544309912,-1.5307103397244584
2024-06-19,26.67,29.63,24.3,0.0,70.1,3.35,27.554285714285715,25.798,1.2345830219530212,-0.9363044796265384
2024-06-20,27.51,30.25,25.31,0.02,70.32,3.62,27.46857142857143,25.899,1.21015740810044,-0.09116256186898446
2024-06-21,28.25,31.39,25.86,0.07,68.08,3.91,27.351428571428574,26.002666666666666,1.0596293152389271,0.762381892246368
2024-06-22,28.18,30.41,25.71,0.8,69.06,4.98,27.217142857142854,26.098333333333336,0.8336009094224388,0.6859112607127478
2024-06-23,28.27,30.94,26.17,0.02,69.46,4.95,27.374285714285715,26.247999999999998,0.9222049147349701,0.8039790395263908
2024-06-24,28.03,31.1,25.29,0.0,66.72,4.04,27.55142857142857,26.394666666666662,0.9102825307088457,0.43173938068247997
2024-06-25,27.56,30.53,25.32,0.0,68.36,4.01,27.78142857142857,26.506666666666668,0.58264993982695,-0.24067020544946469
2024-06-26,26.77,29.05,24.77,0.0,74.45,4.34,27.79571428571429,26.59,0.5512367048385847,-1.302414291010104
2024-06-27,27.8,30.5,25.75,0.0,74.24,3.71,27.837142857142855,26.757666666666662,0.5368958398577285,-0.19225920627025966
2024-06-28,27.54,29.91,25.35,0.0,71.99,4.49,27.735714285714284,26.93166666666667,0.5124079475977187,-0.5378860064746516
2024-06-29,27.42,30.0,25.9,0.0,69.66,5.28,27.627142857142854,27.09466666666667,0.4822072267430474,-0.6852877164306904
2024-06-30,27.54,30.35,25.85,0.0,68.18,3.81,27.52285714285714,27.206,0.39015869786950846,-0.5685456727629596
2024-07-01,28.24,30.72,26.3,0.0,69.23,4.86,27.552857142857142,27.302999999999997,0.4404813384505949,0.11606267354373104
2024-07-02,27.97,30.87,25.72,0.0,66.13,4.07,27.611428571428572,27.389333333333333,0.4679896213739132,-0.1970605703374535
2024-07-03,28.73,33.01,25.57,0.0,57.83,2.54,27.89142857142857,27.502000000000002,0.4669913836253753,0.5283483386086961
2024-07-04,28.47,31.8,26.19,0.0,61.88,3.19,27.987142857142857,27.587666666666667,0.5116546454297652,0.21191443424978432
2024-07-05,27.45,29.91,25.91,0.0,68.03,4.13,27.974285714285717,27.613333333333333,0.5257013455958508,-1.1014390297705083
2024-07-06,27.36,29.27,26.07,0.0,70.09,4.27,27.965714285714284,27.606333333333332,0.5366208202830833,-1.2521050560160931
2024-07-07,28.56,30.76,26.58,0.0,68.23,4.79,28.111428571428572,27.602,0.540229228242042,0.057334854625720626
2024-07-08,28.79,31.03,26.5,0.0,70.59,4.37,28.189999999999998,27.663666666666664,0.5988600281640948,0.22902566355288173
2024-07-09,28.94,31.97,26.56,0.0,73.55,3.83,28.328571428571426,27.758666666666667,0.6495492942907738,0.3302747847363433
2024-07-10,29.42,33.48,26.67,0.0,70.2,3.02,28.427142857142858,27.860000000000003,0.7630577585324011,0.7717428178643286
2024-07-11,30.01,34.02,27.82,0.0,66.79,3.31,28.647142857142857,27.971666666666668,0.9711112927242052,1.2940128756659526
2024-07-12,29.9,32.94,27.63,0.0,65.2,3.07,28.997142857142855,28.053,0.9071331083086892,1.1770892003747861
2024-07-13,29.82,32.55,27.77,0.0,61.55,4.43,29.34857142857143,28.110000000000003,0.5873224149024983,1.0799528844144775
2024-07-14,29.26,31.01,27.59,0.0,67.73,5.72,29.44857142857143,28.116333333333333,0.4805700979533528,0.38322933993379193
2024-07-15,29.28,32.15,27.19,0.0,68.97,5.25,29.51857142857143,28.121666666666666,0.39709060978600813,0.3396894313243388
2024-07-16,28.57,31.54,26.66,0.0,68.35,3.96,29.465714285714288,28.168333333333337,0.4985932591747636,-0.6293440259526787
2024-07-17,28.23,30.84,26.75,0.0,70.69,3.23,29.295714285714286,28.21633333333333,0.6848566064716443,-1.1390460817932717
2024-07-18,28.0,30.55,26.15,0.0,68.85,3.47,29.00857142857143,28.284666666666666,0.7534018089396838,-1.5461224477156872
2024-07-19,29.07,31.93,26.4,0.0,70.59,3.86,28.890000000000004,28.36466666666667,0.6476109943471539,-0.11469014803931071
2024-07-20,30.08,32.99,28.03,0.0,70.51,4.15,28.927142857142858,28.450333333333333,0.7139027544816241,1.2591517692293235
2024-07-21,29.97,32.68,28.06,0.0,72.14,4.3,29.02857142857143,28.507666666666662,0.812679284248664,1.1580822232934287
2024-07-22,30.09,32.77,27.61,0.0,67.84,4.69,29.14428571428571,28.57133333333333,0.9066762954666898,1.4522545032293097
2024-07-23,29.68,33.07,27.28,0.0,70.32,4.23,29.302857142857142,28.618333333333336,0.8863354196858902,0.7518067106714121
2024-07-24,29.43,32.01,27.38,0.0,68.84,4.29,29.474285714285713,28.665000000000003,0.7497745692947864,0.31534184753318606
2024-07-25,29.88,32.95,27.84,0.0,68.1,3.76,29.74285714285714,28.74233333333333,0.37840517463393514,1.0857930388691723
2024-07-26,29.33,31.48,27.7,0.0,66.21,6.02,29.78,28.82766666666667,0.3074627348681374,0.12469322936717436
2024-07-27,28.72,31.12,27.22,0.0,66.51,3.6,29.585714285714285,28.858333333333334,0.47197659344630244,-0.8598589738795218
2024-07-28,29.64,31.98,27.43,0.0,65.65,3.22,29.538571428571426,28.92833333333333,0.44277264938893074,0.8213020622145798
2024-07-29,29.57,31.82,28.01,0.0,64.91,4.19,29.464285714285715,29.0,0.3729547400081081,0.7614097503025103
2024-07-30,29.34,31.58,27.45,0.0,67.46,4.7,29.415714285714284,29.060000000000002,0.3621628152657094,0.3639681704506007
2024-07-31,29.64,32.89,27.77,0.0,64.06,3.58,29.445714285714285,29.10666666666667,0.3721046959676577,0.9289897105329634
2024-08-01,29.06,32.08,27.01,0.0,69.89,3.94,29.32857142857143,29.142999999999997,0.34031498014864053,-0.1676693744812803
2024-08-02,29.07,31.53,27.35,0.0,65.95,4.37,29.291428571428572,29.154333333333334,0.35404465685405345,-0.2118496479427072
2024-08-03,28.69,31.48,26.9,0.0,65.33,3.82,29.287142857142857,29.161666666666665,0.3622022586756759,-1.1561639409316797
2024-08-04,28.89,32.1,26.84,0.0,61.08,3.51,29.180000000000003,29.20966666666667,0.3511884584274127,-0.752064138320624
2024-08-05,28.27,31.06,25.97,0.0,63.38,2.91,28.994285714285713,29.240000000000002,0.4424498895481853,-2.0902761486209385
2024-08-06,28.55,31.01,26.56,0.0,64.81,2.83,28.881428571428568,29.239666666666665,0.4403191483234099,-1.2831624701627962
2024-08-07,29.0,31.26,27.19,0.01,69.82,3.74,28.79,29.246666666666666,0.3009429624795541,-0.23353245836138062
2024-08-08,29.06,31.73,26.97,0.0,67.31,3.68,28.79,29.25066666666667,0.3009429624795541,-0.03749360499254507
2024-08-09,29.62,32.48,27.42,0.0,62.22,3.37,28.868571428571432,29.257333333333335,0.43024909728387223,1.3557492914307896
2024-08-10,28.69,30.84,26.79,0.0,69.39,4.06,28.868571428571432,29.21333333333333,0.43024909728387223,-0.8466182556595443
2024-08-11,28.84,31.05,27.09,0.0,70.06,4.97,28.861428571428572,29.178,0.43024909728387245,-0.47067405806951845
2024-08-12,29.02,31.53,27.51,0.0,63.68,4.43,28.968571428571426,29.151333333333334,0.34294939235050875,-0.10247467966263092
2024-08-13,28.9,31.93,26.9,0.0,64.64,3.23,29.018571428571427,29.139333333333333,0.2937361952164701,-0.346368684485925
2024-08-14,28.91,31.19,27.28,0.0,66.3,3.71,29.005714285714284,29.127,0.29663991318521926,-0.26271460368915844
2024-08-15,29.29,31.98,27.17,0.0,67.83,4.12,29.03857142857143,29.151,0.31577568892107705,0.7585240823460254
2024-08-16,29.07,31.5,26.88,0.0,73.72,5.0,28.96,29.179,0.19061304607143517,0.2318187200550734
2024-08-17,29.68,32.33,27.78,0.0,70.64,4.8,29.101428571428574,29.235000000000003,0.29537707942037783,1.856699786247389
2024-08-18,29.34,33.35,27.1,0.0,70.29,3.64,29.17285714285714,29.243999999999996,0.28176315619641773,0.9674359671434862
2024-08-19,28.9,32.47,26.87,0.0,64.8,3.12,29.155714285714286,29.204666666666665,0.2959086087987238,-0.24495550245920253
2024-08-20,28.15,30.53,26.16,0.0,69.83,3.63,29.048571428571428,29.144000000000002,0.4815055753020053,-2.199689881772313
2024-08-21,28.79,31.82,25.95,0.0,65.74,3.38,29.03142857142857,29.100666666666665,0.48933385234103294,-0.5097577784101587
2024-08-22,28.93,31.28,26.8,0.0,70.73,3.98,28.979999999999997,29.075666666666667,0.4763752022645932,-0.16816630771184088
2024-08-23,28.54,30.86,26.83,0.0,70.37,3.34,28.904285714285713,29.046,0.5011605578666445,-1.1338084865452935
2024-08-24,29.23,31.63,27.76,0.0,69.69,4.29,28.84,29.024333333333335,0.40463975747896735,0.6607395060988352
2024-08-25,29.41,31.76,27.92,0.0,69.78,3.66,28.85,29.026999999999997,0.4196427051663161,1.2086462313588615
2024-08-26,29.79,33.24,27.9,0.0,62.25,2.76,28.97714285714286,29.062666666666665,0.5514439918883638,2.1875738387360895
2024-08-27,28.94,31.55,27.25,0.0,62.25,2.93,29.09,29.039333333333335,0.4188476254351042,-0.02428579219646663
2024-08-28,28.78,30.71,27.06,0.0,63.87,3.66,29.08857142857143,29.012999999999998,0.42005668551626585,-0.44513222167313155
2024-08-29,28.8,30.88,27.4,0.0,67.68,4.25,29.07,28.995,0.4309679029030192,-0.446499300888834
2024-08-30,29.29,31.9,27.11,0.0,63.69,4.68,29.177142857142858,28.983333333333334,0.3655003094249898,0.4994344804618305
2024-08-31,29.11,31.2,27.84,0.0,66.68,4.72,29.16,28.985000000000003,0.36542213032686083,0.24454755207212364
2024-09-01,28.84,31.42,27.2,0.0,67.61,4.19,29.078571428571426,28.97733333333333,0.3639335365790174,-0.1555299965520651
2024-09-02,29.1,31.97,27.05,0.0,64.74,2.87,28.98,28.991,0.1919201222712997,0.36182431954051714
2024-09-03,28.6,30.59,27.35,0.0,65.89,3.14,28.931428571428572,28.981333333333332,0.24058460545149615,-0.3600984123292132
2024-09-04,28.29,30.21,26.66,0.0,67.67,4.01,28.861428571428572,28.981999999999996,0.3419273105699356,-0.6325650749203902
2024-09-05,28.85,30.67,27.51,0.0,64.48,3.96,28.868571428571425,28.992,0.34095105080776944,0.13235125716900156
2024-09-06,28.44,30.4,26.94,0.0,68.38,3.1,28.747142857142858,28.973333333333336,0.3163181039024667,-0.40290018849290926
2024-09-07,29.16,31.66,27.03,0.0,66.63,3.18,28.754285714285714,28.976666666666667,0.3262850054189029,0.5983800569082327
2024-09-08,29.27,31.74,27.58,0.0,66.3,4.2,28.815714285714286,28.964999999999996,0.3810011873488204,0.7525531158074666
2024-09-09,28.34,30.6,26.9,0.0,66.56,3.84,28.707142857142856,28.953333333333333,0.3945340832633514,-0.2423855352994342
2024-09-10,28.72,31.55,26.69,0.0,59.07,2.61,28.724285714285713,28.949333333333335,0.3916995933465863,0.2687349045178054
2024-09-11,30.84,34.26,28.08,0.0,56.93,3.78,29.08857142857143,29.009999999999998,0.8445201511589757,2.4228351879169923
2024-09-12,29.74,32.72,27.81,0.0,69.33,4.18,29.215714285714288,29.038,0.8692498133991894,1.3593433090929345
2024-09-13,27.96,29.53,26.66,0.0,69.79,4.93,29.147142857142853,29.006333333333334,0.9553134613953163,-0.18669260845990632
2024-09-14,28.07,30.04,26.41,0.0,71.84,5.06,28.99142857142857,28.965666666666667,1.0381141326367977,-0.03248186074420393
2024-09-15,28.14,30.27,26.67,0.0,71.28,5.24,28.830000000000002,28.93466666666667,1.0747868005637087,0.1109458949404471
2024-09-16,27.92,29.55,26.82,0.0,62.25,5.33,28.770000000000003,28.875999999999998,1.1175717724897924,-0.007949413598496517
2024-09-17,27.93,30.21,26.23,0.0,59.52,3.71,28.657142857142855,28.829,1.1624502037462903,0.07744659571446176
2024-09-18,26.76,28.83,25.47,0.0,63.83,2.99,28.074285714285715,28.75766666666667,0.8721593345033057,-0.711297116341954
2024-09-19,27.96,30.72,25.69,0.0,63.53,2.25,27.82,28.75133333333333,0.47430651130468876,0.28681345660569796
2024-09-20,28.48,31.82,26.83,0.0,65.71,3.25,27.89428571428572,28.741,0.5365276365307375,0.6907421086948852
2024-09-21,27.58,29.46,26.3,0.0,63.43,4.91,27.82428571428571,28.696,0.5417212426712312,0.18748105000892668
2024-09-22,27.19,28.9,26.18,0.0,65.03,6.07,27.68857142857143,28.651,0.5678153623438262,0.026157487572379637
2024-09-23,26.48,28.22,25.5,0.0,61.85,4.63,27.482857142857142,28.55933333333333,0.7124304477326312,-0.34379950010451915
2024-09-24,26.39,28.3,25.32,0.0,64.96,3.76,27.262857142857143,28.458666666666666,0.785381314727562,-0.35512858464685043
2024-09-25,26.04,27.74,24.89,0.0,70.94,3.98,27.16,28.33366666666667,0.9008699499184419,-0.5329659988098877
2024-09-26,26.11,27.86,24.64,0.0,69.77,3.62,26.895714285714288,28.23933333333333,0.8984218968621065,-0.4041698354885005
2024-09-27,26.74,28.76,25.1,0.0,66.07,3.47,26.647142857142857,28.171333333333333,0.5663836828421949,0.135126347775475
2024-09-28,26.88,29.04,25.16,0.0,64.26,3.8,26.54714285714286,28.10733333333333,0.4160814938485318,0.3801602193355529
2024-09-29,26.38,28.45,24.87,0.0,66.27,4.4,26.43142857142857,28.01033333333333,0.3054193058409597,0.04533767502507813
2024-09-30,26.68,28.9,24.53,0.0,70.38,4.45,26.46,27.929333333333332,0.31973947728229213,0.3592818012187802
2024-10-01,26.05,27.68,24.07,0.0,62.41,6.38,26.41142857142857,27.836333333333336,0.35592267753035145,-0.09839073360894485
2024-10-02,24.75,26.66,23.3,0.0,63.2,4.41,26.227142857142855,27.691333333333333,0.7239639559558474,-1.1861861623424699
2024-10-03,24.32,26.2,23.11,0.0,62.41,3.05,25.97142857142857,27.54866666666667,1.025547472839294,-1.5869152454150817
2024-10-04,24.45,26.2,22.88,0.0,67.33,3.27,25.64428571428571,27.420666666666666,1.1019204015844484,-1.4377048159357042
2024-10-05,24.71,26.42,23.28,0.0,68.51,3.4,25.334285714285716,27.282666666666668,0.9965416389166665,-1.153262500553745
2024-10-06,24.36,26.21,22.72,0.0,71.05,3.45,25.045714285714286,27.146666666666665,0.9337533068721804,-1.5491029147198463
2024-10-07,25.93,28.3,24.05,0.0,69.8,3.21,24.93857142857143,27.038999999999998,0.7373472400304032,0.35435592679383604
2024-10-08,26.55,29.09,24.69,0.0,67.7,2.64,25.01,26.948333333333334,0.8744331497220525,1.2415434649532908
2024-10-09,26.01,28.18,24.43,0.0,70.11,3.08,25.19,26.87066666666667,0.9392727683334693,0.6577502070122103
2024-10-10,24.83,26.8,23.59,0.0,74.77,2.98,25.26285714285714,26.741,0.8783453057823887,-0.576368341885457
2024-10-11,25.22,27.33,23.59,0.0,70.88,2.04,25.372857142857146,26.55366666666667,0.8047093530316507,-0.05792459354033668
2024-10-12,25.11,27.1,23.68,0.0,74.8,2.28,25.43,26.399333333333335,0.7629110913683227,-0.10188338301767086
2024-10-13,25.7,27.96,24.11,0.0,72.98,2.06,25.62142857142857,26.324,0.6005116865754957,0.6186784635373707
2024-10-14,25.9,28.4,24.24,0.0,71.99,3.28,25.617142857142856,26.251666666666665,0.5980444321759075,0.9874470775271332
2024-10-15,25.47,27.35,24.14,0.0,62.74,3.7,25.46285714285714,26.162666666666667,0.43411650838986976,0.5927922012580962
2024-10-16,25.09,26.67,23.5,0.0,67.3,3.47,25.33142857142857,26.06833333333333,0.37627244435439133,0.3193178712064272
2024-10-17,25.73,27.53,24.49,0.0,67.37,4.08,25.46,25.995,0.32690467519773325,1.0313697742102275
2024-10-18,25.6,27.52,24.22,0.0,60.35,5.0,25.514285714285716,25.95633333333333,0.31160108808331216,0.9260948296626882
2024-10-19,24.92,26.82,23.55,0.0,59.21,3.46,25.487142857142857,25.855,0.35757117173593506,0.32184342487535234
2024-10-20,24.67,26.05,23.49,0.0,62.23,6.17,25.340000000000003,25.728,0.4542392908289712,0.13329287952840677
2024-10-21,24.89,26.39,23.58,0.0,57.27,6.57,25.195714285714285,25.638333333333332,0.40438666079391394,0.3692859785697851
2024-10-22,24.05,25.49,23.08,0.0,57.88,6.64,24.992857142857144,25.533666666666665,0.5672364082608173,-0.2621792928743376
2024-10-23,23.64,25.21,22.52,0.0,56.08,7.62,24.785714285714285,25.439,0.7583942937294575,-0.5269380150410767
2024-10-24,23.73,25.8,22.48,0.0,50.25,6.43,24.500000000000004,25.35033333333333,0.7190734779326622,-0.4020029252526836
2024-10-25,23.76,25.68,22.22,0.0,52.99,5.52,24.237142857142857,25.27433333333333,0.5710141354263124,-0.3072929216243405
2024-10-26,24.08,25.83,22.65,0.0,61.79,5.61,24.117142857142856,25.206666666666667,0.48544530367144606,0.030629930758556623
2024-10-27,24.7,26.59,23.38,0.0,59.44,5.86,24.12142857142857,25.13866666666667,0.4912375043843916,0.6520086103969823
2024-10-28,24.0,25.75,22.5,0.0,60.67,4.97,23.994285714285716,25.04266666666667,0.35561482640833003,0.1501978918790502
2024-10-29,22.81,24.25,21.78,0.0,64.65,4.11,23.81714285714286,24.92366666666667,0.5684104821253758,-0.679809635886933
2024-10-30,22.25,23.82,21.21,0.0,62.23,2.78,23.618571428571432,24.776,0.8253368720592115,-1.0301414588264677
2024-10-31,22.43,23.96,20.87,0.01,61.83,3.29,23.432857142857138,24.655333333333335,0.9350528378243363,-0.8086087277869634
2024-11-01,23.12,24.92,21.91,0.01,59.5,2.16,23.34142857142857,24.601,0.9290035624512728,-0.1642689705010965
2024-11-02,23.19,25.3,21.23,0.03,58.0,2.01,23.214285714285715,24.563333333333333,0.8701121985668159,-0.015326830560155755
2024-11-03,23.09,25.41,21.19,0.03,58.36,1.9,22.98428571428571,24.518000000000004,0.5745101433059727,0.03263493974197946
2024-11-04,22.75,24.28,21.53,0.01,63.12,2.68,22.805714285714284,24.45266666666667,0.36064096378732746,-0.15818701265775978
2024-11-05,22.16,23.54,21.28,0.0,63.06,3.02,22.712857142857143,24.37933333333333,0.4353050380940074,-0.5827727439056438
2024-11-06,23.29,25.27,21.36,0.0,69.01,4.45,22.861428571428572,24.291333333333334,0.42842457801480766,0.5812579582829766
2024-11-07,23.74,25.16,22.64,0.0,70.75,6.22,23.048571428571428,24.197666666666667,0.4902186101259629,1.0889567595732565
2024-11-08,23.24,24.93,22.07,0.0,67.52,4.67,23.065714285714286,24.10533333333333,0.4952055850130493,0.6900690441986708
2024-11-09,23.03,24.64,22.03,0.34,65.06,2.82,23.04285714285714,24.04533333333333,0.49219624425292785,0.557573467874434
2024-11-10,21.99,23.96,20.26,0.14,65.86,5.75,22.88571428571429,23.937666666666665,0.6307365309129622,-0.2631728357364293
2024-11-11,21.42,23.38,19.79,0.21,67.41,4.28,22.695714285714285,23.814666666666668,0.8430274242839235,-0.4602137295404952
2024-11-12,21.31,22.68,20.32,0.03,75.31,3.93,22.57428571428571,23.668333333333333,0.98269793837923,-0.31144971315370085
2024-11-13,21.68,23.57,20.5,0.0,72.7,4.15,22.344285714285714,23.52766666666667,0.9756511866926587,0.026167319019213455
2024-11-14,22.0,23.78,20.51,0.0,75.29,3.79,22.095714285714287,23.412,0.7582184633038148,0.2831390476413935
2024-11-15,22.2,24.06,20.85,0.0,70.77,4.51,21.947142857142858,23.31566666666667,0.5768221645562635,0.44724117700195315
2024-11-16,22.47,24.54,21.12,0.0,61.49,2.49,21.867142857142856,23.207,0.41879646152998995,0.6497385216271534
2024-11-17,21.03,24.04,18.14,0.52,67.02,4.94,21.729999999999997,23.054666666666666,0.5174295443177752,-0.07256569065216552
2024-11-18,20.95,22.83,19.62,0.84,67.85,4.89,21.662857142857142,22.922333333333334,0.5897941529522928,-0.03394450742458381
2024-11-19,20.95,22.76,19.34,1.34,69.32,4.09,21.611428571428572,22.798333333333332,0.6393076612350713,0.039290141294364
2024-11-20,20.82,23.2,18.98,0.58,69.94,3.07,21.488571428571426,22.662666666666667,0.7033592863635624,0.0401454229386286
2024-11-21,21.37,23.92,19.01,0.22,63.47,1.98,21.398571428571426,22.573333333333334,0.6663439695186429,0.399492862418089
2024-11-22,21.52,24.22,19.16,0.0,64.93,2.91,21.301428571428573,22.502666666666666,0.5730744155115154,0.5621425272023706
2024-11-23,22.06,24.17,20.59,0.0,72.77,3.32,21.24285714285714,22.447000000000003,0.43900319990108305,1.005660515540182
2024-11-24,19.26,20.79,17.49,0.13,67.3,7.55,20.990000000000002,22.297000000000004,0.8751380843422686,-0.6286853783176705
2024-11-25,17.41,18.1,16.54,1.8,61.84,6.79,20.48428571428571,22.074666666666666,1.6134730360606726,-1.7902162790918605
2024-11-26,16.92,17.79,16.25,0.07,58.52,5.32,19.90857142857143,21.81533333333333,2.073117045830725,-2.1181922879245794
2024-11-27,18.63,20.1,17.08,0.64,60.67,3.34,19.595714285714287,21.63633333333333,2.077890413719696,-0.927285596980949
2024-11-28,19.18,20.43,17.98,0.04,64.5,2.79,19.282857142857143,21.515333333333334,1.9255017898866755,-0.5079378292379133
2024-11-29,19.25,20.77,17.95,0.06,65.32,3.42,18.958571428571428,21.415333333333333,1.6585880397838235,-0.401702880885925
2024-11-30,19.21,20.5,18.01,0.03,66.48,3.71,18.551428571428573,21.307999999999996,0.9823005068277023,-0.35486223878024137
2024-12-01,18.73,20.43,17.28,0.01,71.61,3.7,18.475714285714282,21.16166666666667,0.9380095440674271,-0.6149937463019457
2024-12-02,18.7,20.38,17.58,0.0,71.32,2.55,18.66,21.012,0.8119934318287341,-0.5510409445267967
2024-12-03,19.09,22.07,16.93,0.0,64.73,3.09,18.97,20.878666666666668,0.27098585448874546,-0.16071589594347038
2024-12-04,18.8,21.54,16.21,0.02,73.24,3.43,18.994285714285716,20.747,0.24144406825370424,-0.3355513416720165
2024-12-05,18.96,20.37,17.9,0.01,70.15,2.57,18.962857142857143,20.640333333333334,0.22713536974707055,-0.11813872526602649
2024-12-06,20.01,21.88,18.46,0.0,65.6,3.65,19.071428571428573,20.531000000000002,0.4548050341050305,0.8766091281589227
2024-12-07,19.55,21.58,17.93,0.0,66.83,2.83,19.12,20.391333333333332,0.4889444412878865,0.6087134698889856
2024-12-08,19.16,22.56,15.86,0.0,57.29,2.58,19.181428571428572,20.255333333333333,0.45780012273983334,0.40079958201095983
2024-12-09,18.88,21.05,17.36,0.0,62.42,2.76,19.207142857142856,20.117,0.43049251970674535,0.33226787998775614
2024-12-10,19.63,21.78,17.88,0.0,74.11,3.27,19.284285714285716,20.038333333333338,0.4537568050122087,1.3070670564386144
2024-12-11,19.54,21.03,18.55,0.0,79.72,3.64,19.389999999999997,19.975666666666665,0.40579140782711437,1.150086360256451
2024-12-12,19.29,19.82,18.58,0.11,76.32,4.35,19.437142857142856,19.908333333333335,0.36458717684999903,0.7806476010459653
2024-12-13,18.87,20.44,17.61,0.01,64.52,6.03,19.274285714285714,19.814666666666664,0.31764010781840346,0.4372932432895747
2024-12-14,18.4,19.99,17.24,0.0,60.78,4.35,19.110000000000003,19.694666666666663,0.42910760111304136,0.16546803638857538
2024-12-15,17.73,19.38,16.63,0.0,65.76,3.42,18.905714285714286,19.545666666666666,0.6726281078190499,-0.22207623894679904
2024-12-16,17.71,19.29,16.68,0.01,70.94,2.72,18.738571428571426,19.387,0.8111807971802321,-0.15306306791346297
2024-12-17,18.05,19.58,17.14,0.08,72.69,2.89,18.512857142857143,19.287666666666667,0.7383475759131493,0.12935084308373165
2024-12-18,18.39,20.01,16.97,0.01,72.9,4.4,18.34857142857143,19.202333333333332,0.5833931942072237,0.39481162800966724
2024-12-19,17.85,19.41,16.61,0.2,73.12,4.36,18.142857142857142,19.099,0.42975629860442405,0.10171817190409935
2024-12-20,17.98,19.74,16.37,0.62,75.47,5.55,18.015714285714285,19.00433333333333,0.286580828787056,0.23883131094366797
2024-12-21,18.35,21.34,16.46,0.1,69.75,4.53,18.00857142857143,18.903666666666666,0.275827758539016,0.5296147134412417
2024-12-22,17.6,19.9,15.07,0.0,68.73,2.82,17.990000000000002,18.773000000000003,0.30094296248022273,0.09373400976462323
2024-12-23,17.69,20.4,15.8,0.0,68.11,5.45,17.987142857142857,18.627333333333336,0.3041224690649844,0.21429590870064386
2024-12-24,16.61,20.13,13.29,0.0,63.19,5.21,17.78142857142857,18.538999999999998,0.5987884593471515,-0.5399603961478326
2024-12-25,16.4,20.73,13.14,0.0,54.67,6.59,17.497142857142858,18.505333333333333,0.7215195605042231,-0.669614026703199
2024-12-26,14.74,17.76,11.97,0.0,58.29,5.53,17.052857142857142,18.432666666666666,1.239565976268938,-1.9887532669716277
2024-12-27,14.34,16.95,11.27,0.4,64.75,7.92,16.532857142857143,18.28966666666667,1.518021895820433,-2.394339719494342
2024-12-28,15.49,19.01,11.89,0.6,70.13,5.93,16.124285714285712,18.166666666666668,1.3193035680849623,-1.4390653808725882
2024-12-29,15.85,18.33,13.53,0.56,72.66,5.65,15.874285714285715,18.053333333333335,1.1477057860917117,-1.111838355929414
2024-12-30,15.78,17.29,14.84,0.38,68.09,5.86,15.601428571428572,17.939000000000004,0.8260635280538603,-1.180681550029368
2024-12-31,16.15,17.68,14.9,0.18,69.43,5.31,15.535714285714286,17.853,0.7469684764176779,-0.8117091745445294
2025-01-01,16.71,18.15,15.77,0.05,70.09,3.51,15.58,17.78666666666667,0.8130190649670154,-0.23747811075966457
2025-01-02,16.32,17.63,15.41,0.01,71.19,4.18,15.805714285714286,17.69433333333333,0.7584382449668513,-0.6281672874642382
2025-01-03,16.38,17.99,14.94,0.0,72.11,4.01,16.097142857142856,17.613666666666667,0.41600137362387407,-0.5645274033074408
2025-01-04,16.95,18.16,15.76,0.0,73.43,5.14,16.305714285714284,17.546666666666667,0.4267261863244764,0.05855710980512031
2025-01-05,17.55,18.88,16.26,0.04,72.94,5.53,16.548571428571428,17.46466666666667,0.5802708727086546,0.7476261160705807
2025-01-06,17.38,18.34,16.62,0.1,78.4,4.53,16.777142857142856,17.392333333333333,0.5408547027840034,0.657899985140107
2025-01-07,17.54,19.47,16.31,0.03,71.59,3.26,16.975714285714286,17.33833333333333,0.5272209259519717,0.8908735733000281
2025-01-08,17.19,18.84,15.49,0.0,66.22,4.54,17.044285714285714,17.282,0.5180365863157255,0.5262447452549291
2025-01-09,17.4,19.37,16.17,0.0,68.18,4.49,17.19857142857143,17.207666666666668,0.41742977738459747,0.769305001494372
2025-01-10,16.89,19.7,14.87,0.04,66.32,3.39,17.271428571428572,17.11933333333333,0.26878917211701403,0.156467103211577
2025-01-11,17.36,19.28,15.95,0.03,74.51,4.32,17.330000000000002,17.055,0.2287647991563833,0.6798787646225724
2025-01-12,17.16,19.85,14.91,0.03,76.59,2.57,17.274285714285714,16.998,0.213217974762062,0.40439195210841683
2025-01-13,17.27,19.9,14.66,0.0,76.88,3.43,17.258571428571425,16.960333333333335,0.2081208440162045,0.5634869918577169
2025-01-14,17.84,20.36,16.26,0.0,71.1,1.59,17.30142857142857,16.964000000000002,0.2903692230833259,1.59903344371889
2025-01-15,17.17,18.89,15.85,0.0,73.28,2.44,17.298571428571428,16.946,0.29174352728726394,0.22276256007152198
2025-01-16,17.89,19.21,16.9,0.0,78.63,3.72,17.36857142857143,16.94066666666667,0.368755952332537,1.7655482008926655
2025-01-17,18.03,19.59,16.68,0.0,75.69,4.49,17.53142857142857,16.92866666666667,0.37387290939658185,2.0797227849173527
2025-01-18,16.81,18.67,15.6,0.0,70.04,3.95,17.452857142857145,16.894,0.46305918576735766,-0.6848443576657636
2025-01-19,16.7,18.16,15.6,0.0,69.89,1.91,17.38714285714286,16.851333333333333,0.5381051410801304,-0.9976568902754474
2025-01-20,16.62,18.82,15.07,0.0,74.68,1.87,17.294285714285714,16.793666666666667,0.6126134491626587,-1.1951416659432006
2025-01-21,16.48,18.57,14.37,0.01,79.86,3.14,17.1,16.756333333333334,0.626205504074406,-1.3735767595046025
2025-01-22,17.06,18.56,16.28,0.27,78.23,3.27,17.084285714285716,16.735333333333333,0.6255359606729153,0.021508975113064578
2025-01-23,16.61,18.11,15.21,0.04,75.54,4.21,16.90142857142857,16.735333333333333,0.5306420190493,-0.5714230760126386
2025-01-24,16.99,18.87,15.48,0.0,66.93,2.64,16.752857142857142,16.755000000000003,0.21179504917943875,0.16573907617022754
2025-01-25,17.07,19.16,15.36,0.03,66.42,1.11,16.79,16.832666666666668,0.24385788210849657,0.34806994205178066
2025-01-26,16.66,19.19,13.92,0.15,72.49,2.28,16.784285714285716,16.91,0.24676960529006278,-0.04038954720906184
2025-01-27,16.87,18.4,15.62,0.02,73.72,3.39,16.82,16.956,0.23692474191841031,0.24762994539488586
2025-01-28,17.37,18.59,16.55,0.01,65.2,5.06,16.947142857142858,17.006666666666668,0.2615794516462832,0.8100100121032144
2025-01-29,17.51,19.28,16.03,0.0,63.54,4.87,17.01142857142857,17.06433333333333,0.3380546588655556,0.9938571261671213
2025-01-30,17.37,19.25,15.94,0.0,69.75,4.01,17.12,17.105,0.30838287890177046,0.9372161853156868
2025-01-31,16.7,18.46,15.32,0.0,70.47,4.23,17.07857142857143,17.104666666666667,0.3459493494439622,0.3656658379759361
2025-02-01,16.46,18.22,15.2,0.0,76.77,3.2,16.991428571428575,17.109333333333332,0.4178288553710834,0.21454860827535172
2025-02-02,16.72,18.55,15.21,0.0,71.64,3.56,17.0,17.12066666666667,0.4104469108988679,0.5383560906399018
2025-02-03,17.02,18.45,15.88,0.0,73.22,2.8,17.02142857142857,17.122999999999998,0.40642459618077575,0.8439436071597209
2025-02-04,16.31,18.0,15.13,0.0,74.72,2.6,16.87,17.081666666666663,0.45003703551275015,0.11624059518265532
2025-02-05,16.44,18.55,14.92,0.21,68.06,8.22,16.717142857142857,17.050333333333334,0.37124629226915773,0.24351293109102362
2025-02-06,14.74,16.22,13.31,0.04,56.5,9.4,16.341428571428573,16.957,0.744052609506958,-1.3941141119398004
2025-02-07,14.36,15.77,13.12,0.21,60.53,5.97,16.007142857142856,16.862666666666666,1.0276950631666033,-1.6251688096301466
2025-02-08,14.47,16.02,13.24,0.06,55.66,3.19,15.722857142857142,16.765,1.1495609928100268,-1.3261120487303693
2025-02-09,14.88,16.61,13.54,1.06,64.82,4.52,15.459999999999999,16.698,1.0925047673427315,-0.7230653853830434
2025-02-10,15.37,17.24,13.87,0.19,62.96,4.43,15.224285714285715,16.631666666666668,0.8511728602905495,-0.2165958943601061
2025-02-11,15.69,17.45,14.57,0.09,61.39,4.89,15.135714285714286,16.582666666666668,0.7450023969280498,0.10767546898225715
2025-02-12,14.78,16.04,13.62,0.05,63.4,6.08,14.89857142857143,16.499666666666666,0.47642518025493624,-0.4458578697544519
2025-02-13,14.49,16.14,13.31,0.0,62.37,5.89,14.862857142857141,16.387999999999998,0.49912304046578526,-0.6068783311039215
2025-02-14,14.64,16.43,13.43,0.0,63.15,3.48,14.902857142857142,16.30366666666667,0.46194207016732264,-0.4772619152820841
2025-02-15,15.86,17.97,13.81,0.0,64.91,4.23,15.10142857142857,16.236,0.5374454568117494,0.4663689798486734
2025-02-16,16.56,18.45,15.2,0.0,66.83,3.55,15.34142857142857,16.186999999999998,0.7536893385524039,1.011580242452314
2025-02-17,16.76,20.22,13.27,0.0,63.06,2.68,15.540000000000001,16.185333333333332,0.9259049627256123,1.1457034945827456
2025-02-18,16.97,20.78,13.44,0.0,61.17,3.53,15.722857142857142,16.194333333333333,1.0748754080622729,1.3205402554566295
2025-02-19,16.71,18.08,15.79,0.03,71.32,3.48,15.998571428571427,16.197333333333333,1.0396702774024784,1.1121504242001845
2025-02-20,15.14,16.65,13.53,0.41,69.13,6.45,16.091428571428573,16.15266666666667,0.9024490488188986,-0.10101127343892242
2025-02-21,14.38,15.87,13.23,0.28,58.75,4.17,16.054285714285715,16.063333333333336,0.9746085905437928,-0.6593361094805402
2025-02-22,13.69,15.39,11.92,1.02,64.12,5.7,15.744285714285715,15.966000000000001,1.3278159654466914,-1.1700342657473406
2025-02-23,12.36,13.39,11.64,0.15,63.0,5.65,15.144285714285715,15.811666666666666,1.7723135270304753,-2.1027680406126956
2025-02-24,12.78,14.21,11.69,1.32,62.15,4.95,14.575714285714286,15.668666666666667,1.8056841468250397,-1.8559706733541839
2025-02-25,12.52,14.1,11.32,0.0,58.65,3.65,13.94,15.530666666666667,1.5930787802240385,-2.04949433246721
2025-02-26,14.13,16.0,12.03,0.0,61.49,3.89,13.571428571428571,15.439333333333334,1.0519573592662579,-1.0215399218797603
2025-02-27,15.01,16.92,13.09,0.0,64.97,3.67,13.552857142857144,15.360666666666667,1.0203220780014994,-0.5115990752901902
2025-02-28,15.61,17.46,13.98,0.0,65.09,2.64,13.728571428571428,15.297333333333333,1.2634533175841596,-0.25950350291320384
2025-03-01,15.73,17.72,13.77,0.0,71.1,3.58,14.02,15.242666666666668,1.471257965144148,-0.2784987341438542
2025-03-02,16.38,18.42,14.84,0.0,71.09,3.41,14.594285714285714,15.232,1.4996094729724136,-0.06286308459346143
2025-03-03,16.78,18.01,15.52,0.0,70.3,3.23,15.165714285714285,15.242666666666667,1.4544742136233282,0.021920856678602843
2025-03-04,16.45,17.94,14.95,0.16,71.95,3.8,15.727142857142857,15.233666666666666,0.9252155476015861,-0.15078880017805457
2025-03-05,17.18,18.92,15.74,0.12,74.88,4.17,16.162857142857142,15.239,0.7491264754300957,0.1249152224435788
2025-03-06,17.5,19.4,16.27,1.08,73.73,3.81,16.518571428571427,15.278666666666668,0.7000340127789629,0.2666896464242889
2025-03-07,17.47,19.46,15.5,0.03,74.73,4.01,16.784285714285712,15.312999999999999,0.6488157710488172,0.270343095039143
2025-03-08,17.52,19.93,15.7,0.01,72.18,4.2,17.04,15.405666666666665,0.4996331987899422,0.2907611632521098
2025-03-09,17.41,19.53,15.89,0.0,65.36,2.16,17.187142857142856,15.507333333333333,0.4178402519985312,0.22055283395447015
2025-03-10,17.4,20.0,15.11,0.0,70.45,2.49,17.275714285714283,15.604999999999999,0.3812635633805239,0.17368667268182875
2025-03-11,17.21,19.53,15.43,0.0,75.9,3.24,17.384285714285713,15.682666666666668,0.13673053095390195,0.009329255564536785
2025-03-12,18.38,21.25,15.67,0.0,80.71,4.4,17.555714285714284,15.783,0.37775023242205635,0.4626826296474519
2025-03-13,20.01,23.98,17.54,0.0,73.88,3.65,17.914285714285715,15.927,0.9980457094216089,1.1361093607917516
2025-03-14,20.62,23.69,18.58,0.0,74.66,3.0,18.364285714285717,16.121666666666666,1.3953835451569716,1.3544116463292184
2025-03-15,20.05,22.8,17.5,0.0,76.01,4.14,18.725714285714282,16.307000000000002,1.4661156973768485,1.0621532262412254
2025-03-16,21.01,24.49,18.12,0.0,75.02,3.73,19.240000000000002,16.519333333333332,1.5562990286786729,1.534383994711857
2025-03-17,22.08,28.33,18.52,0.05,69.82,2.16,19.90857142857143,16.726666666666667,1.6372479813334306,1.9786525486641668
2025-03-18,19.5,21.25,17.6,0.03,74.37,5.24,20.235714285714288,16.824666666666666,1.1703967581243462,0.536927102369129
2025-03-19,18.07,21.21,15.68,0.13,66.18,7.1,20.19142857142857,16.868333333333332,1.2551152479807173,-0.26230190571209094
2025-03-20,15.91,17.64,14.16,0.04,57.95,9.28,19.60571428571429,16.833000000000002,2.055406343790617,-1.4730966357435435
2025-03-21,15.43,17.6,13.98,0.3,56.8,5.81,18.86428571428571,16.790333333333333,2.5135622606362453,-1.7525349902954555
2025-03-22,15.09,16.5,13.63,0.01,61.38,4.12,18.155714285714286,16.788666666666664,2.8057313790575535,-1.9751820279323533
2025-03-23,16.65,18.89,14.55,0.0,59.99,3.69,17.532857142857143,16.86433333333333,2.5376282515090423,-1.1739361427059627
2025-03-24,17.25,19.14,15.09,0.0,68.34,5.09,16.842857142857145,16.983,1.5656810476137584,-0.8904509318967009
2025-03-25,18.54,21.41,16.75,0.0,71.84,4.85,16.705714285714286,17.189000000000004,1.316331482350992,-0.25477691867778884
2025-03-26,19.13,22.06,16.87,0.0,77.72,4.36,16.857142857142858,17.400666666666666,1.5411977407815804,0.03502612822241611
2025-03-27,21.47,26.27,17.7,0.0,65.95,2.61,17.65142857142857,17.699,2.244136274615983,1.2955664037765877
2025-03-28,20.77,25.37,16.92,0.0,60.69,5.92,18.41428571428571,17.920333333333335,2.27060826757094,0.9296064308344538
2025-03-29,17.84,19.81,16.63,0.0,68.82,4.04,18.807142857142853,18.014666666666667,1.7857091428496135,-0.5511189507100279
2025-03-30,19.24,22.56,16.22,0.0,57.03,2.74,19.177142857142858,18.13566666666667,1.5115302873324525,0.23322677650230514
2025-03-31,21.26,25.24,17.43,0.0,49.57,6.05,19.75,18.32,1.416309758962632,1.3309041691660433
2025-04-01,20.87,24.39,17.88,0.0,61.5,3.02,20.082857142857144,18.46966666666667,1.3571012524949007,1.2053578399704186
2025-04-02,19.79,24.09,16.47,0.0,62.9,4.68,20.177142857142858,18.57,1.3016619413362356,0.7414823788353054
2025-04-03,19.09,21.81,17.1,0.0,66.4,3.53,19.837142857142855,18.658,1.2156714781784548,0.3401236074162589
2025-04-04,17.75,19.68,16.45,0.0,71.75,3.49,19.405714285714286,18.677000000000003,1.3570907258156073,-0.4531038127772675
2025-04-05,18.9,22.04,16.11,0.0,62.03,3.01,19.557142857142857,18.723666666666666,1.2037402029466133,0.12025116201639759
2025-04-06,19.99,22.93,18.22,0.0,69.25,4.35,19.664285714285715,18.807666666666666,1.204185162157951,0.7053897306856542
2025-04-07,19.59,22.28,17.46,0.0,69.49,3.67,19.425714285714285,18.87666666666667,0.979895524071178,0.39214214393987135
2025-04-08,21.61,28.51,18.49,0.04,68.36,4.67,19.53142857142857,19.016666666666666,1.1809661097510085,1.549120090582913
2025-04-09,18.86,20.56,16.81,0.16,73.64,5.88,19.398571428571426,19.06533333333333,1.1992001302453419,-0.31823671797700265
2025-04-10,16.54,18.09,15.11,0.1,65.83,7.01,19.034285714285712,19.043000000000003,1.6215101720602225,-1.8321409571883633
2025-04-11,16.78,18.81,14.9,0.14,63.6,5.88,18.895714285714284,18.98966666666667,1.782964358802905,-1.686923662202485
2025-04-12,17.38,19.25,16.0,0.06,63.56,4.66,18.678571428571427,18.902,1.8726579023001486,-1.2996795906305016
2025-04-13,17.33,18.66,16.25,1.42,63.15,4.24,18.298571428571424,18.792333333333332,1.8316243116554327,-1.3224504235783252
2025-04-14,17.36,19.36,15.46,0.06,67.36,5.36,17.98,18.702666666666666,1.762186142267512,-1.345277989705318
2025-04-15,18.33,20.73,16.37,0.03,62.0,3.9,17.51142857142857,18.613333333333333,0.8206182338420202,-0.6909575602511907
2025-04-16,18.36,20.56,15.97,0.0,61.67,4.32,17.44,18.48933333333333,0.6959645584843998,-0.6681159207690286
2025-04-17,19.6,22.23,17.37,0.0,72.17,5.3,17.877142857142854,18.492666666666665,0.9508016667651965,0.20574736063138094
2025-04-18,19.88,22.29,17.84,0.0,74.58,5.02,18.319999999999997,18.553,1.0691897243549797,0.37351951263792765
2025-04-19,20.11,23.27,17.59,0.0,68.93,3.67,18.71,18.693,1.1629560037534643,0.5192527914814905
2025-04-20,20.01,23.3,18.04,0.0,71.96,3.52,19.092857142857145,18.845666666666666,1.0703848884972744,0.4229229213446905
2025-04-21,20.09,23.51,17.26,0.0,69.2,3.64,19.482857142857142,19.01233333333333,0.7959420893025285,0.4273837179367671
2025-04-22,22.66,26.59,19.83,0.0,64.48,3.29,20.101428571428574,19.212666666666667,1.283737104075574,2.0675286198196647
2025-04-23,21.55,23.81,19.46,0.0,71.37,5.7,20.557142857142857,19.355999999999998,1.1180297295643833,1.208040579942211
2025-04-24,19.31,20.51,18.0,0.0,79.39,3.94,20.51571428571429,19.381666666666668,1.1638421591555743,-0.2179485186065687
2025-04-25,19.55,22.59,17.04,0.0,74.02,4.06,20.46857142857143,19.395666666666667,1.2000059523659157,-0.15456784882476624
2025-04-26,19.51,21.45,18.22,0.0,69.66,3.38,20.382857142857144,19.330333333333332,1.2502628295108573,-0.30887574159291503
2025-04-27,19.31,21.48,17.88,0.0,70.95,3.49,20.282857142857146,19.28166666666667,1.3115476136444717,-0.5298923009292058
2025-04-28,18.84,21.05,17.41,0.0,71.73,2.87,20.104285714285716,19.314999999999998,1.422578142468089,-0.8658801173947716
2025-04-29,19.89,22.34,17.71,0.0,66.32,2.89,19.708571428571428,19.336666666666662,0.8718262168462164,-0.4510533620318398
2025-04-30,20.76,25.0,18.4,0.0,71.97,6.42,19.595714285714283,19.319999999999997,0.6035963646577222,-0.09974273745744705
2025-05-01,20.48,23.87,17.99,0.0,61.62,3.09,19.762857142857143,19.307,0.6696694280438437,-0.30110470940625933
2025-05-02,20.77,24.23,18.23,0.01,60.42,4.4,19.937142857142856,19.339666666666666,0.7579734886677856,-0.22197282397498375
2025-05-03,19.66,21.46,18.24,0.06,70.22,4.13,19.958571428571428,19.358666666666668,0.7459094800177527,-0.897318633990302
2025-05-04,19.34,20.46,18.05,0.03,72.17,4.47,19.962857142857143,19.411666666666665,0.7416359009131169,-1.1211589798186712
2025-05-05,20.85,23.67,18.24,0.0,62.81,3.67,20.25,19.476666666666667,0.6122635598057689,-0.33319978665255695
2025-05-06,22.03,25.51,19.33,0.0,56.57,3.02,20.555714285714288,19.544666666666668,0.8788032988641802,0.2868382704565818
2025-05-07,22.26,25.13,19.91,0.0,64.17,3.59,20.77,19.633666666666667,1.093556887713651,0.39303734962360715
2025-05-08,22.62,25.53,19.66,0.0,65.0,3.71,21.075714285714287,19.667333333333335,1.2818847730696517,0.5912230023806843
2025-05-09,23.6,27.04,20.47,0.0,67.87,3.0,21.48,19.825333333333333,1.5808120276193112,1.0563148263405897
2025-05-10,24.03,28.49,21.22,0.0,66.07,3.52,22.104285714285716,20.075,1.604980344041957,1.1946175643169181
2025-05-11,26.08,29.46,22.08,0.0,48.55,3.33,23.06714285714286,20.384999999999998,1.6897308886889308,2.159551975882604
2025-05-12,22.7,24.87,21.21,0.0,67.68,6.34,23.33142857142857,20.562333333333335,1.4060159858194814,0.26711815011039236
2025-05-13,24.29,29.23,21.31,0.0,60.26,4.61,23.654285714285717,20.79433333333333,1.3138221232067546,1.0739104851427388
2025-05-14,22.04,24.29,20.09,0.0,68.24,5.38,23.62285714285714,20.950333333333333,1.35472893088965,-0.22082426331505478
2025-05-15,20.87,23.61,19.2,0.0,65.48,3.4,23.372857142857146,21.035,1.6905000669001597,-0.9864626413064977
2025-05-16,22.3,26.38,19.32,0.0,63.92,5.3,23.187142857142856,21.166333333333334,1.7322789833596282,-0.18428947185529485
2025-05-17,24.54,29.18,21.47,0.0,61.89,5.08,23.259999999999998,21.331,1.7836012259841927,1.1507643137863055
2025-05-18,22.45,24.45,20.85,0.0,77.64,5.53,22.74142857142857,21.416666666666668,1.2850866192777297,-0.20671689659358444
2025-05-19,21.46,23.58,19.92,0.0,68.98,5.21,22.564285714285717,21.461666666666662,1.3741282951120821,-0.9764484561128384
2025-05-20,21.44,23.86,19.18,0.0,64.91,5.25,22.157142857142855,21.509333333333334,1.1870792487682764,-1.217896985048983
2025-05-21,21.44,23.52,19.59,0.0,69.47,4.5,22.071428571428573,21.554333333333336,1.2182012500869503,-1.3563493420468866
2025-05-22,22.75,25.41,20.0,0.01,67.53,4.25,22.34,21.557333333333336,1.111770359981064,-0.3596676764039435
2025-05-23,24.06,27.36,20.67,0.0,63.6,4.92,22.59142857142857,21.641000000000002,1.286499495678103,0.6171218113298923
2025-05-24,24.28,27.55,20.94,0.03,69.57,3.79,22.554285714285715,21.806666666666665,1.22305433434536,0.7272288540701114
2025-05-25,24.94,28.51,21.52,0.09,67.5,2.78,22.91,21.986333333333334,1.514936742353409,1.1876362183041613
2025-05-26,25.41,31.65,22.22,0.21,63.68,5.35,23.474285714285713,22.183,1.6170328500355828,1.4863931455749217
2025-05-27,22.63,24.75,21.09,2.87,66.13,7.25,23.64428571428571,22.293666666666663,1.41780178613262,-0.5951386004691163
2025-05-28,22.77,25.13,20.41,0.0,61.52,5.77,23.834285714285716,22.424666666666667,1.133855621949944,-0.5397661247762853
2025-05-29,22.85,25.85,20.0,0.68,66.54,4.46,23.84857142857143,22.523333333333333,1.1184427950115314,-0.49423937654969696
2025-05-30,23.16,26.45,20.65,0.41,64.79,3.5,23.72,22.603333333333335,1.14157785542596,-0.3550780869733449
2025-05-31,23.32,26.12,21.77,0.24,69.34,5.25,23.582857142857144,22.698,1.1205610839468276,-0.36811765506333716
2025-06-01,23.0,25.57,21.33,0.0,65.26,3.7,23.305714285714288,22.772333333333336,0.9569196612538636,-0.6754570723739501
2025-06-02,22.62,24.99,20.93,0.0,70.41,4.62,22.907142857142862,22.871,0.2659394847005904,-0.9569985937603703
2025-06-03,23.29,25.3,21.29,0.0,68.08,4.53,23.001428571428573,23.002666666666666,0.26829266180786643,-0.5320812245487416
2025-06-04,24.25,26.86,21.61,0.0,71.65,3.92,23.212857142857143,23.116,0.5203112621525596,0.0716770425297934
2025-06-05,24.44,27.16,21.82,0.0,69.08,3.95,23.44,23.19633333333333,0.6629982403186513,0.10974027277666336
2025-06-06,24.81,27.77,22.16,0.0,67.7,4.03,23.67571428571429,23.281333333333333,0.8212765904944437,0.2944368825244419
2025-06-07,24.66,27.2,22.14,0.0,72.25,4.18,23.867142857142856,23.34933333333333,0.8787057582164421,0.05583870107452271
2025-06-08,24.79,27.68,22.17,0.0,74.51,4.58,24.12285714285714,23.389000000000003,0.8440717640438187,0.11428731826756847
2025-06-09,25.06,28.05,22.47,0.0,73.11,4.29,24.47142857142857,23.423333333333332,0.5836502540447419,0.3118557469300056
2025-06-10,25.48,28.86,22.66,0.0,72.48,4.6,24.784285714285712,23.403333333333332,0.40418053486128047,0.6111145391326922
2025-06-11,25.56,28.65,22.93,0.0,72.09,4.87,24.971428571428568,23.49866666666667,0.41858605532568194,0.6250456328183015
2025-06-12,25.39,28.45,23.18,0.0,75.77,3.75,25.107142857142858,23.535333333333334,0.3685880394911913,0.4013086487266635
2025-06-13,25.96,28.87,23.53,0.0,73.15,4.41,25.27142857142857,23.665999999999997,0.4592177613940411,0.7705752783713083
2025-06-14,25.54,28.06,23.48,0.0,69.45,5.7,25.397142857142857,23.82166666666667,0.3770373228951386,0.3048863355251939
2025-06-15,24.92,27.53,22.73,0.0,68.82,5.89,25.415714285714284,23.909,0.34389228656760057,-0.3267168598870021
2025-06-16,24.48,26.85,22.3,0.0,72.65,4.87,25.332857142857144,23.907,0.4848612958251795,-0.8010029367116663
2025-06-17,25.33,27.6,23.42,0.0,74.53,3.72,25.31142857142857,24.003,0.4805700979528556,-0.24406198721077976
2025-06-18,26.07,28.46,23.54,0.0,70.67,4.04,25.384285714285713,24.15666666666667,0.5571013415534879,0.2414675364112993
2025-06-19,25.88,28.22,23.42,0.0,67.73,4.13,25.454285714285714,24.304666666666666,0.5878734881707307,-0.06720339127024547
2025-06-20,26.33,29.1,23.44,0.0,69.47,4.5,25.50714285714286,24.467666666666666,0.6538530488745832,0.2479458126437756
2025-06-21,26.55,29.49,23.99,0.0,67.49,5.19,25.65142857142857,24.59433333333333,0.764404530149482,0.35537216789968107
2025-06-22,25.84,28.35,23.75,0.0,72.43,6.09,25.782857142857146,24.653666666666666,0.6934867046472928,-0.38263483115325375
2025-06-23,25.28,27.13,23.8,0.0,68.18,4.78,25.897142857142853,24.687,0.4742613304103024,-1.0119376508971007
2025-06-24,26.22,28.74,23.77,0.0,70.39,3.98,26.024285714285718,24.729666666666667,0.4121026224465198,-0.20874040837574045
2025-06-25,26.56,29.24,24.24,0.0,63.7,4.77,26.094285714285714,24.767999999999997,0.4599948239860514,0.05923192250218324
2025-06-26,26.42,29.69,23.53,0.03,63.39,3.43,26.17142857142857,24.894333333333336,0.46333675915004324,-0.1532432614582741
2025-06-27,26.73,30.39,23.25,0.96,67.07,3.11,26.228571428571428,25.026333333333337,0.5086068740979223,0.10317689669202937
2025-06-28,27.24,31.11,23.52,0.69,70.01,3.51,26.327142857142857,25.172666666666665,0.6329485046372315,0.5836779709265536
2025-06-29,27.48,31.15,24.88,0.38,71.25,4.86,26.561428571428568,25.316666666666666,0.7201025059297435,0.8139329606271084
2025-06-30,27.59,31.07,25.34,0.03,69.85,3.82,26.89142857142857,25.459,0.5423537766497686,0.9020687408921381
2025-07-01,28.07,31.46,26.12,1.42,73.24,3.46,27.155714285714282,25.628,0.6074772188544988,1.3882990870867746
2025-07-02,27.65,30.7,25.62,0.04,68.63,3.71,27.31142857142857,25.795666666666666,0.5677272987208715,0.8486132985617757
2025-07-03,28.05,31.1,25.5,0.54,71.1,3.21,27.544285714285714,25.954333333333334,0.46639958343373883,1.2575801633541481
2025-07-04,27.42,29.41,25.91,0.07,72.62,4.31,27.642857142857142,26.060000000000002,0.3134599541500131,0.36334098467286097
2025-07-05,27.62,29.89,25.69,0.0,62.33,4.1,27.697142857142858,26.166,0.26049403612313987,0.5664957016375093
2025-07-06,27.29,29.54,25.24,0.0,62.39,4.04,27.669999999999998,26.24866666666667,0.2945618214658004,0.06341335080487054
2025-07-07,27.79,30.72,24.93,0.0,62.99,4.52,27.69857142857143,26.353,0.29520775573517705,0.6719282881038877
2025-07-08,27.25,29.83,25.24,0.0,65.21,4.62,27.581428571428575,26.435,0.2857987970225613,-0.20747726235037225
2025-07-09,27.03,30.17,24.07,0.0,69.94,4.23,27.492857142857144,26.500666666666667,0.3498911395311515,-0.7093865238498381
2025-07-10,27.68,30.61,24.83,0.0,72.94,4.2,27.439999999999998,26.574,0.27067816067290895,0.021061602928034946
2025-07-11,27.17,30.5,25.02,0.0,72.16,3.53,27.404285714285717,26.627666666666663,0.2895892000066823,-0.7113483262807909
2025-07-12,26.87,29.35,25.22,0.0,70.77,4.23,27.29714285714286,26.677,0.33210009965233517,-1.1278605838925604
2025-07-13,26.73,28.73,25.17,0.0,67.64,4.85,27.217142857142857,26.70266666666667,0.3955045000027578,-1.3339594286385614
2025-07-14,26.98,29.58,24.81,0.0,67.9,4.62,27.101428571428567,26.750666666666667,0.3089999229443027,-1.1153158677547492
2025-07-15,27.78,30.54,25.29,0.0,65.03,4.82,27.177142857142858,26.846,0.4023147310946608,-0.327602203728789
2025-07-16,28.27,31.92,25.4,0.0,62.15,3.8,27.354285714285712,26.97233333333333,0.5662996010009622,0.17790014300043294
2025-07-17,28.38,31.91,26.06,0.0,65.56,2.89,27.454285714285714,27.073999999999998,0.683150962887296,0.30042571545287655
2025-07-18,28.04,30.38,26.31,0.0,63.42,3.42,27.57857142857143,27.139666666666667,0.7016986193370647,-0.06284150869599756
2025-07-19,27.71,30.18,25.64,0.0,66.94,4.25,27.698571428571427,27.200666666666667,0.6283159654023858,-0.39205067937976806
2025-07-20,27.63,30.03,25.33,0.0,71.9,4.63,27.827142857142857,27.243999999999996,0.46896034962710687,-0.4922342964010219
2025-07-21,28.17,30.28,25.84,0.0,69.58,3.94,27.997142857142858,27.298000000000002,0.2935821455556037,0.061253245536124844
2025-07-22,29.04,32.31,26.71,0.0,71.56,2.75,28.177142857142854,27.404666666666667,0.47094636232698295,0.9600092559739468
2025-07-23,29.45,32.62,26.39,0.0,67.74,2.97,28.345714285714287,27.54366666666667,0.6761867873798629,1.3882100556823753
2025-07-24,29.81,32.98,26.57,0.0,63.92,3.65,28.55,27.663333333333334,0.8750428560924958,1.7444026778802895
2025-07-25,29.51,32.84,26.95,0.0,71.27,5.13,28.76,27.761666666666667,0.9080198235713229,1.4392241632047555
2025-07-26,30.16,34.09,26.41,0.0,67.7,3.38,29.110000000000003,27.88633333333333,0.9080198235713086,2.0607553124891353
2025-07-27,29.91,33.2,27.44,0.0,68.88,4.13,29.435714285714287,27.99233333333333,0.6650778686943484,1.660223312807514
2025-07-28,29.56,32.99,27.05,0.0,66.6,4.27,29.634285714285713,28.069666666666667,0.36317384004587844,1.2378762720591738
2025-07-29,28.34,30.86,26.28,0.0,70.93,5.39,29.534285714285716,28.098333333333336,0.5835768199306264,-0.0888725320252007
2025-07-30,27.55,30.4,25.45,0.0,69.22,4.23,29.262857142857143,28.096999999999998,0.9537594785141581,-0.9979139988620123
2025-07-31,27.78,29.93,26.55,0.0,68.54,5.03,28.972857142857144,28.087333333333333,1.0621317288934953,-0.8156927529126289
2025-08-01,28.06,30.16,26.73,0.0,68.21,5.38,28.765714285714285,28.101,1.0811391699316029,-0.5699078225607558
2025-08-02,27.76,29.64,26.48,0.0,70.33,4.5,28.422857142857143,28.091333333333335,0.9361038810885209,-0.8655332277540487
2025-08-03,27.84,30.23,26.25,0.0,66.37,3.46,28.127142857142854,28.10533333333333,0.6799194630167714,-0.7832131741218961
2025-08-04,27.79,29.7,26.32,0.0,69.62,3.68,27.874285714285715,28.110999999999997,0.25389349097695463,-0.8833440936345399
2025-08-05,27.67,29.59,26.38,0.0,69.28,3.68,27.77857142857143,28.12366666666667,0.15678313805865945,-1.0749082556382081
2025-08-06,27.86,30.11,26.23,0.0,67.37,4.87,27.822857142857146,28.125999999999998,0.12120427463188264,-0.9148870022526464
2025-08-07,26.71,28.57,25.72,0.0,71.76,4.67,27.669999999999998,28.108,0.43992423589967167,-2.08371458252918
2025-08-08,27.15,29.06,25.76,0.0,72.04,3.83,27.54,28.112000000000002,0.4399242358996838,-1.6158902477838135
2025-08-09,28.8,31.6,26.79,0.0,64.76,3.36,27.68857142857143,28.149333333333335,0.6513941093630345,0.11039552989967594
2025-08-10,29.87,33.61,27.57,0.0,61.33,2.72,27.97857142857143,28.239333333333335,1.056163317096131,1.2787056936241326
2025-08-11,29.48,32.15,27.57,0.0,68.79,3.46,28.22,28.326333333333334,1.1904900951562745,0.9708025430513124
2025-08-12,29.76,31.87,28.23,0.0,70.91,4.61,28.518571428571427,28.427333333333333,1.287677865660814,1.3977397414048074
2025-08-13,29.71,32.15,28.05,0.0,72.46,4.66,28.782857142857143,28.51833333333333,1.3194407184569874,1.4266867323549877
2025-08-14,29.92,32.37,27.97,0.0,70.1,4.84,29.24142857142857,28.58966666666667,0.9974873194078199,1.6676995219039965
2025-08-15,29.61,31.73,27.68,0.0,67.74,5.3,29.592857142857145,28.634333333333338,0.3801628723616033,1.3174175950226492
2025-08-16,28.33,30.32,27.21,0.0,69.06,5.18,29.525714285714287,28.63266666666667,0.5479920055015948,-0.11436988476431426
2025-08-17,27.98,29.59,26.86,0.0,66.72,4.87,29.255714285714284,28.630666666666666,0.7705162153346825,-0.47864278074289546
2025-08-18,28.86,31.01,26.91,0.0,59.53,3.01,29.16714285714286,28.669,0.7760522810066312,0.47702512537398484
2025-08-19,29.34,32.42,27.12,0.0,60.16,3.05,29.107142857142858,28.726000000000003,0.7378733921585736,1.0047061249657911
2025-08-20,29.04,30.76,27.81,0.0,65.49,5.23,29.011428571428574,28.755,0.6884385368688225,0.6790690471672052
2025-08-21,28.75,30.72,27.13,0.0,68.73,4.25,28.844285714285714,28.745333333333335,0.5613928257115393,0.36212808174945554
2025-08-22,28.53,30.62,26.78,0.0,72.53,3.91,28.69,28.714666666666666,0.4540190891711834,0.1261057885430883
2025-08-23,29.22,32.02,26.94,0.0,67.77,3.79,28.81714285714286,28.695,0.4609668927254544,0.8823521215709469
2025-08-24,28.75,31.34,26.86,0.0,70.78,5.39,28.927142857142858,28.669666666666668,0.2869212601434109,0.34735759942955163
2025-08-25,28.35,30.88,26.54,0.0,66.47,5.82,28.854285714285712,28.609333333333336,0.36179446940731164,-0.044962373729604814
2025-08-26,27.85,30.12,26.17,0.0,65.91,5.4,28.64142857142857,28.540666666666667,0.4547683868880789,-0.45195132523525106
2025-08-27,27.76,29.9,25.99,0.0,62.58,5.05,28.458571428571428,28.480666666666668,0.5203981991828979,-0.42104000227790994
2025-08-28,27.5,29.46,26.27,0.0,60.69,4.23,28.28,28.45266666666667,0.6104096984800743,-0.6272553370547499
2025-08-29,27.8,31.08,25.91,0.0,59.34,2.96,28.175714285714285,28.461000000000002,0.6228123618665444,-0.21824429821918695
2025-08-30,26.96,29.33,25.27,0.0,65.84,3.23,27.852857142857143,28.433666666666667,0.5752018279314836,-1.1408637699077857
2025-08-31,27.61,30.06,25.41,0.0,65.38,3.62,27.689999999999998,28.41866666666667,0.41904653679346093,-0.29610900658814493
2025-09-01,27.94,30.49,25.23,0.0,64.65,3.81,27.631428571428575,28.424666666666667,0.3307783029657251,0.2058957251738487
2025-09-02,27.43,29.55,26.07,0.0,70.56,5.63,27.571428571428573,28.411,0.3225124582289663,-0.31671251830617514
2025-09-03,27.85,30.25,25.83,0.08,64.32,5.11,27.584285714285716,28.413,0.3329092540425622,0.2536418108455624
2025-09-04,27.78,30.06,25.95,0.79,71.13,3.94,27.624285714285715,28.416666666666668,0.3378785355131407,0.28308786282687515
2025-09-05,27.77,29.85,26.03,1.01,72.22,3.78,27.62,28.413666666666668,0.3354598833421571,0.37252942327246513
2025-09-06,27.19,29.35,26.02,3.99,73.65,2.91,27.65285714285714,28.429666666666666,0.26361046297344337,-0.3467049479558272
2025-09-07,27.63,29.93,25.7,15.51,73.65,3.41,27.655714285714282,28.445666666666668,0.26317656575102094,0.33816354078138783
2025-09-08,27.15,28.83,25.93,0.06,72.58,4.64,27.54285714285714,28.390666666666668,0.2890625241288657,-0.22939014562281954
2025-09-09,26.33,27.96,25.17,0.0,68.57,4.23,27.38571428571429,28.272666666666666,0.5457061829353436,-1.4808059105837812
2025-09-10,26.35,27.91,25.15,0.0,68.95,3.46,27.17142857142857,28.168333333333333,0.6221583017043152,-1.276881300834286
2025-09-11,27.29,29.24,25.55,0.0,71.23,3.01,27.101428571428567,28.086,0.5674336546060731,0.35301454079674877
2025-09-12,27.03,29.41,25.42,0.0,69.34,2.62,26.995714285714286,27.99666666666667,0.48507240500145987,0.030427330897736183
2025-09-13,27.31,30.07,25.13,0.0,68.66,2.77,27.012857142857143,27.909666666666666,0.4950997975383044,0.5193935487969916
2025-09-14,27.47,29.68,25.85,0.0,73.67,4.08,26.99,27.83833333333333,0.46461453557258536,0.8255176284871435
2025-09-15,26.38,28.59,24.88,0.0,73.67,4.08,26.88,27.773333333333333,0.509411425076699,-0.553817532163442
2025-09-16,25.97,27.82,24.73,0.0,71.04,3.86,26.828571428571426,27.706333333333337,0.5865273102873928,-1.004675830570132
2025-09-17,26.56,28.61,24.85,0.0,67.61,2.85,26.858571428571427,27.629666666666665,0.5628625815534031,-0.11582038843874748
2025-09-18,26.93,29.11,25.41,0.0,70.71,4.74,26.807142857142857,27.54933333333333,0.5325008383616155,0.38464214730528606
2025-09-19,27.07,29.12,25.42,0.0,70.46,4.14,26.812857142857144,27.483666666666668,0.5354970988304444,0.6178752833083434
2025-09-20,27.54,28.88,26.54,0.01,56.55,5.05,26.845714285714283,27.44333333333333,0.5765661899793014,1.3346465732822543
2025-09-21,26.97,28.85,25.55,0.0,59.17,5.14,26.774285714285714,27.391333333333332,0.5139019732341199,0.6958734389926651
2025-09-22,26.38,28.14,24.54,0.01,66.0,3.26,26.774285714285718,27.296666666666667,0.5139019732341199,0.05694637955752284
2025-09-23,26.37,28.45,24.83,0.0,68.29,3.6,26.83142857142857,27.217333333333332,0.4239272174713055,0.13977825171587901
2025-09-24,25.81,27.78,24.32,0.0,67.62,5.04,26.724285714285713,27.13266666666667,0.5726504792866762,-0.48058064884436097
2025-09-25,25.6,27.5,24.02,0.0,67.74,4.86,26.534285714285716,27.057666666666663,0.6995917176662954,-0.6104679446960135
2025-09-26,26.33,28.55,24.9,0.0,68.53,4.15,26.428571428571427,27.009999999999998,0.6599350617394122,0.2758470811365999
2025-09-27,25.86,27.99,24.55,0.0,70.14,3.6,26.18857142857143,26.955333333333332,0.46509599623413816,-0.09004191576157171
2025-09-28,25.39,27.34,23.94,0.0,71.2,3.82,25.962857142857143,26.875,0.4017343353377187,-0.45251803519971584
2025-09-29,25.16,27.27,23.28,0.0,69.72,2.84,25.78857142857143,26.814999999999998,0.4520851162997213,-0.599445594547322
2025-09-30,25.95,28.69,24.4,0.0,67.83,4.12,25.72857142857143,26.759666666666664,0.38494279104788875,0.278246990120098
2025-10-01,24.83,26.54,23.4,0.0,66.01,4.22,25.58857142857143,26.656000000000002,0.5087051723540402,-0.7021997981000665
2025-10-02,26.19,28.93,23.96,0.0,61.0,3.13,25.67285714285714,26.614666666666665,0.5574559559785288,0.6179984555738545
2025-10-03,26.9,30.19,25.25,0.0,65.31,4.11,25.754285714285714,26.583000000000002,0.6942827748312318,1.265893803710936
2025-10-04,25.96,27.91,24.83,0.0,66.46,3.88,25.76857142857143,26.522333333333332,0.6978402054766796,0.5757767440588775
2025-10-05,24.88,26.4,23.63,0.0,66.86,5.13,25.695714285714285,26.426,0.7671344328695127,-0.20242167666986655
2025-10-06,24.35,25.97,23.07,0.0,63.75,3.52,25.580000000000002,26.331333333333337,0.909322091816464,-0.5824540617708522
2025-10-07,25.27,28.21,22.57,0.0,58.47,2.31,25.482857142857146,26.252666666666666,0.8994760379554069,0.28144311222935375
2025-10-08,25.78,28.15,23.85,0.16,61.7,4.34,25.618571428571432,26.206999999999997,0.8551301766669319,0.7801504647578391
2025-10-09,24.4,26.23,23.03,0.02,62.83,4.97,25.36285714285714,26.142666666666667,0.9208820823116475,-0.49654429647189663
2025-10-10,23.85,25.5,22.86,0.02,62.19,4.0,24.927142857142858,26.05933333333333,0.7837030535791907,-1.0106931712341642
2025-10-11,24.06,25.99,22.79,0.16,66.02,4.29,24.655714285714282,25.951666666666668,0.689754959939256,-0.7927294889198356
2025-10-12,24.3,25.98,22.99,0.2,64.34,5.26,24.572857142857142,25.860666666666663,0.693150158952627,-0.5110118795661475
2025-10-13,24.7,26.35,23.44,0.0,55.68,3.61,24.622857142857146,25.773666666666667,0.6869913702922669,-0.021120739090222888
2025-10-14,24.4,26.65,23.13,0.0,64.92,4.06,24.498571428571427,25.671333333333333,0.6264297931238615,-0.22688023319691128
2025-10-15,23.55,25.22,22.48,0.0,63.37,3.39,24.18,25.576999999999998,0.3876854394982532,-0.9596068021364871
2025-10-16,23.77,26.01,22.13,0.0,60.66,2.53,24.09,25.503666666666664,0.40099875311397704,-0.6656327526388789
2025-10-17,22.68,24.4,21.41,0.0,67.48,3.43,23.92285714285714,25.374333333333333,0.6707884486603263,-1.6682894582379673
2025-10-18,22.79,24.24,21.49,0.0,69.1,3.1,23.74142857142857,25.236333333333334,0.7888689914765895,-1.5715228991177852
2025-10-19,23.86,25.8,22.39,0.0,67.92,3.03,23.678571428571427,25.12933333333333,0.7536893385517881,-0.4954323672190808
2025-10-20,24.3,26.82,22.62,0.0,70.07,2.43,23.621428571428574,25.021333333333335,0.6743250593840522,0.03696431958475877
2025-10-21,25.2,27.62,23.24,0.0,72.33,4.01,23.735714285714288,24.962333333333333,0.8681946237802396,1.0257354067298092
2025-10-22,25.81,28.38,23.79,0.0,68.56,4.0,24.05857142857143,24.94333333333333,1.1591006365770211,1.6176966140632962
2025-10-23,25.68,27.97,24.17,0.0,74.42,3.74,24.33142857142857,24.920333333333335,1.296513640131317,1.5403642719196147
2025-10-24,25.08,27.68,23.31,0.0,69.16,2.57,24.674285714285713,24.896,1.0875025998869168,0.9537923836599858
2025-10-25,24.93,27.54,22.66,0.0,69.13,2.96,24.98,24.87366666666667,0.7019734088023049,0.800034253293424
2025-10-26,24.34,26.33,22.98,0.0,72.36,3.14,25.048571428571428,24.807333333333336,0.5886263266112086,0.10755019210565539
2025-10-27,23.28,25.26,21.82,0.0,69.47,2.64,24.90285714285714,24.721333333333334,0.8658081828688603,-1.1084035737865197
2025-10-28,22.92,24.86,21.62,0.0,74.83,3.02,24.577142857142857,24.639,1.1253549704527517,-1.3227292591651305
2025-10-29,23.38,25.36,22.25,0.0,73.93,3.35,24.229999999999997,24.579666666666665,1.054213767063213,-0.7051739977262725
2025-10-30,23.1,24.56,21.99,0.0,74.56,3.78,23.861428571428572,24.484666666666666,0.9029290959870192,-0.8371619111727021
2025-10-31,24.34,26.34,22.98,0.0,72.37,5.58,23.755714285714287,24.468333333333337,0.7700185526515364,0.35047400745022533
2025-11-01,24.08,25.73,23.01,0.0,71.39,5.07,23.634285714285713,24.398000000000003,0.6028503723375976,0.1626559728979641
2025-11-02,24.25,26.14,23.39,0.0,68.53,4.05,23.62142857142857,24.309666666666665,0.586015601936754,0.3185203738972541
2025-11-03,24.72,26.13,23.62,0.02,69.22,5.17,23.827142857142857,24.26833333333333,0.6897515080491881,0.6996005092608232
2025-11-04,25.61,28.28,24.03,0.01,76.23,4.1,24.211428571428574,24.292666666666666,0.8343146602930432,1.3993423753406742
2025-11-05,25.54,28.47,23.82,0.01,78.3,2.92,24.520000000000003,24.33233333333333,0.8740518672627925,1.3645421709677352
2025-11-06,24.29,26.67,22.59,0.0,71.93,4.27,24.689999999999998,24.299666666666667,0.63482280992328,0.44995508770975334
2025-11-07,24.71,27.42,22.98,0.0,57.92,1.86,24.742857142857144,24.264,0.6159468127925972,0.8609917368575636
2025-11-08,23.72,25.5,22.64,0.0,62.28,2.49,24.69142857142857,24.241333333333333,0.6909758454870237,0.10554092052735164
2025-11-09,24.04,25.89,22.68,0.0,69.87,4.55,24.66142857142857,24.247666666666667,0.717389447264532,0.40777719908713483
2025-11-10,23.73,25.66,22.24,0.0,74.84,3.87,24.52,24.236666666666665,0.797077997019263,0.2145718244068058
2025-11-11,22.17,23.69,21.08,0.0,68.18,3.51,24.02857142857143,24.165666666666667,1.0372950170418787,-0.9956327168170954
2025-11-12,22.25,23.77,21.09,0.24,70.23,2.42,23.55857142857143,24.084,0.9822156682962402,-0.8100137421359135
2025-11-13,21.87,24.0,20.33,1.04,68.09,3.65,23.212857142857143,23.999666666666666,1.1006167102384874,-1.062997795218617
2025-11-14,21.52,22.87,20.51,1.11,69.56,5.95,22.757142857142856,23.932000000000002,1.0359168931545166,-1.248547989114041
2025-11-15,22.36,24.06,20.88,0.03,64.42,6.72,22.562857142857144,23.885,0.949134944492226,-0.5779601245229441
2025-11-16,21.77,23.23,20.72,0.03,61.72,3.55,22.23857142857143,23.854666666666667,0.7206115128001407,-0.8649100990279994
2025-11-17,21.66,23.16,20.66,0.0,57.66,1.88,21.942857142857147,23.817,0.3198809302271655,-0.8397259620930776
2025-11-18,22.42,24.26,20.81,0.0,67.25,3.95,21.978571428571428,23.769000000000002,0.3608059760870598,-0.23963171461673008
2025-11-19,23.73,25.94,22.27,0.0,71.7,4.18,22.189999999999998,23.75,0.7596051605927653,0.7002248729384849
2025-11-20,24.06,27.24,22.0,0.0,74.26,2.43,22.502857142857142,23.712,1.0141780626972108,1.07275038027767
2025-11-21,24.11,27.79,21.6,0.0,74.24,1.97,22.872857142857146,23.655333333333335,1.0669225883459827,1.2995110406856758
2025-11-22,23.93,27.52,21.6,0.0,68.33,2.0,23.09714285714286,23.596999999999998,1.1054669343115595,1.2397261214780233
2025-11-23,24.4,27.83,22.39,0.0,72.53,2.26,23.472857142857144,23.574333333333332,1.023095210389931,1.5584006074010743
2025-11-24,22.29,23.74,21.21,0.0,80.58,5.47,23.562857142857144,23.486333333333334,0.8501316424665102,0.296192133110612
2025-11-25,21.0,22.19,19.88,0.0,60.86,4.77,23.360000000000003,23.375,1.2456858887104556,-0.30747463531027974
2025-11-26,20.91,22.18,19.71,0.0,58.13,2.93,22.95714285714286,23.296,1.52970274111984,-0.25317400998704037
2025-11-27,21.98,24.09,20.21,0.17,58.82,3.0,22.66,23.264666666666667,1.4810131667203754,0.36853976007625955
2025-11-28,21.55,23.4,20.43,0.0,60.97,1.41,22.294285714285714,23.203666666666667,1.3756072252261542,0.19639197968076016
2025-11-29,21.67,23.96,19.26,0.57,59.88,2.21,21.971428571428568,23.156000000000002,1.178861436180474,0.3023043555589772
2025-11-30,20.36,22.49,18.43,10.29,64.89,5.64,21.39428571428572,23.02333333333333,0.6714873327878349,-0.3004601347017732
2025-12-01,20.76,21.91,19.49,4.23,65.8,2.79,21.17571428571429,22.912666666666667,0.5731450410625137,-0.047211526199452306
2025-12-02,20.49,21.43,19.31,1.08,67.27,3.31,21.102857142857143,22.787333333333333,0.6289068369187384,-0.11757973199122905
2025-12-03,21.15,22.43,20.31,0.0,63.71,3.56,21.13714285714286,22.668333333333337,0.6231563283182863,0.24835943993897716
2025-12-04,21.62,23.39,20.29,0.0,69.48,3.29,21.085714285714285,22.535333333333334,0.5528971315665904,0.5262874491271416
2025-12-05,21.09,24.15,19.29,0.0,65.21,4.87,21.02,22.387,0.5145224322929637,0.37349551885870913
2025-12-06,19.57,22.08,17.45,0.0,57.76,4.55,20.720000000000002,22.229666666666667,0.6631239200426314,-0.24730088099916528
2025-12-07,17.45,20.35,14.56,0.31,63.42,6.81,20.304285714285715,21.987666666666666,1.413740395108427,-1.2562891313155184
2025-12-08,17.69,20.84,14.46,1.03,67.53,6.7,19.865714285714287,21.78666666666667,1.696681635259854,-1.0562425282532444
2025-12-09,17.32,19.07,14.8,5.21,76.38,5.36,19.412857142857142,21.562666666666665,1.9117070407160583,-1.2652326315260611
2025-12-10,18.37,19.23,17.36,1.44,71.61,4.66,19.01571428571429,21.384000000000004,1.7745220684534084,-0.5800273094220778
2025-12-11,18.76,20.18,17.77,0.47,70.75,5.23,18.607142857142858,21.270333333333333,1.354507466273302,-0.2945698946448986
2025-12-12,19.12,20.64,17.85,0.12,65.71,3.23,18.325714285714287,21.166,0.8710311349744725,-0.00837320714007169
2025-12-13,18.92,20.16,17.83,0.04,71.39,2.44,18.232857142857146,21.067666666666664,0.7412537641434511,-0.05340598784365139
2025-12-14,18.66,20.15,17.04,0.4,73.28,2.42,18.405714285714286,20.97233333333333,0.6654787034620835,-0.13286860200308281
2025-12-15,18.9,21.01,17.11,0.72,71.67,4.56,18.57857142857143,20.856999999999996,0.6027832272444784,0.14688880886297842
2025-12-16,18.18,19.4,17.13,0.08,66.22,5.2,18.701428571428576,20.737333333333332,0.3289593982757138,-0.3234538893101628
2025-12-17,17.99,18.88,17.15,0.03,64.27,5.99,18.647142857142857,20.615000000000002,0.4133083709815839,-0.3726717140231599
2025-12-18,18.44,20.24,17.21,0.0,60.93,2.88,18.601428571428574,20.48233333333333,0.4164304092089484,0.03684363736555588
2025-12-19,18.38,19.97,16.85,0.0,64.41,1.88,18.495714285714286,20.304,0.3517507234224696,0.0738514606864475
2025-12-20,17.26,19.6,14.62,0.0,75.33,3.82,18.25857142857143,20.077333333333332,0.5316147907216027,-0.9620727960735085
2025-12-21,18.14,21.63,14.95,0.0,55.07,3.75,18.184285714285714,19.878333333333334,0.5016591519763213,0.10376001575530644
2025-12-22,16.89,21.42,12.85,0.0,57.83,4.03,17.897142857142857,19.643666666666668,0.5910080170270188,-1.556901388952976
2025-12-23,17.53,19.93,15.26,0.0,73.55,4.39,17.804285714285715,19.41466666666667,0.5902219114550468,-0.686068042380332
2025-12-24,18.34,20.16,16.89,0.0,70.25,1.86,17.854285714285716,19.283,0.6225179285998993,0.4130080410444338
2025-12-25,18.93,20.83,17.37,0.0,72.39,3.8,17.924285714285713,19.214,0.7193714187365012,1.174994954184795
2025-12-26,18.47,20.38,17.28,0.0,70.1,4.08,17.937142857142856,19.13266666666667,0.7296052422533271,0.5543664884159141
2025-12-27,17.89,19.69,16.37,0.3,70.3,6.57,18.02714285714286,18.996333333333332,0.6684488084539645,-0.17518969713038376
2025-12-28,17.0,17.61,16.51,0.24,63.65,7.8,17.864285714285717,18.84466666666667,0.7678510520243975,-1.3362015164970307
2025-12-29,17.6,20.19,15.37,0.82,67.49,7.45,17.965714285714284,18.709,0.6565276623481259,-0.4413760111400124
2025-12-30,17.06,18.6,15.55,0.04,62.07,3.16,17.898571428571426,18.599,0.7285929035115226,-1.1549187458635215
2025-12-31,16.72,19.81,13.55,0.05,59.51,7.29,17.667142857142856,18.464333333333332,0.8169397016856484,-1.623396632843239
