date,temperature_mean,temperature_max,temperature_min,precipitation
2022-01-01,12.2,18.29,7.63,0.51
2022-01-02,12.18,18.83,6.79,0.33
2022-01-03,12.91,19.76,8.35,0.4
2022-01-04,12.02,18.59,7.9,0.15
2022-01-05,12.67,19.56,7.71,0.0
2022-01-06,13.52,20.33,6.76,0.04
2022-01-07,12.99,19.52,6.94,2.3
2022-01-08,13.44,21.61,8.1,0.0
2022-01-09,11.02,15.94,6.75,0.0
2022-01-10,10.59,17.62,5.5,0.04
2022-01-11,11.45,18.99,5.96,0.0
2022-01-12,11.89,18.43,7.71,0.0
2022-01-13,12.09,18.44,7.24,0.44
2022-01-14,11.09,15.96,6.57,0.44
2022-01-15,9.82,15.73,5.51,0.03
2022-01-16,9.84,15.56,6.24,5.37
2022-01-17,9.88,15.15,5.04,5.84
2022-01-18,8.14,15.24,3.37,0.0
2022-01-19,8.49,14.7,4.45,7.16
2022-01-20,7.62,14.6,2.11,0.0
2022-01-21,8.15,15.83,2.34,0.0
2022-01-22,8.61,15.86,3.51,0.0
2022-01-23,9.29,15.95,3.96,0.7
2022-01-24,8.75,14.27,3.62,1.37
2022-01-25,7.71,15.31,1.14,0.0
2022-01-26,6.67,11.79,3.45,3.64
2022-01-27,7.09,13.03,2.77,2.25
2022-01-28,8.99,15.46,4.81,1.51
2022-01-29,9.3,15.81,4.34,0.06
2022-01-30,10.43,17.79,5.92,0.0
2022-01-31,10.01,15.48,5.01,0.8
2022-02-01,11.78,18.51,6.79,0.24
2022-02-02,11.76,19.27,5.95,0.0
2022-02-03,10.74,17.37,6.57,0.01
2022-02-04,9.8,14.69,5.59,0.93
2022-02-05,9.81,16.15,5.82,0.17
2022-02-06,11.57,19.02,6.59,0.01
2022-02-07,12.42,21.03,6.13,0.0
2022-02-08,13.55,22.64,6.6,0.0
2022-02-09,10.44,17.36,5.24,0.12
2022-02-10,9.88,16.44,5.12,0.0
2022-02-11,11.17,18.55,5.63,0.0
2022-02-12,12.27,21.13,5.69,0.0
2022-02-13,12.69,21.83,5.75,0.0
2022-02-14,11.99,19.54,5.65,0.0
2022-02-15,11.97,19.37,6.96,0.24
2022-02-16,11.97,19.55,5.4,0.0
2022-02-17,11.39,16.84,7.0,0.17
2022-02-18,12.63,18.71,6.92,2.82
2022-02-19,11.38,16.65,6.67,4.22
2022-02-20,12.61,20.46,6.37,0.0
2022-02-21,15.11,22.7,8.96,0.0
2022-02-22,16.82,23.75,9.18,0.0
2022-02-23,16.41,25.15,9.76,0.01
2022-02-24,11.5,17.01,6.94,1.83
2022-02-25,12.18,17.98,7.81,0.02
2022-02-26,12.24,19.81,6.1,0.0
2022-02-27,12.8,21.14,5.94,0.0
2022-02-28,13.88,22.84,6.82,0.0
2022-03-01,15.81,24.91,8.42,0.0
2022-03-02,18.38,28.34,10.99,0.0
2022-03-03,13.13,19.35,7.8,0.0
2022-03-04,12.87,19.95,6.87,0.0
2022-03-05,16.14,24.96,8.53,0.0
2022-03-06,19.74,27.64,12.26,0.0
2022-03-07,16.44,24.2,9.68,0.17
2022-03-08,16.55,23.31,12.12,0.59
2022-03-09,15.57,22.44,10.6,0.04
2022-03-10,12.81,18.78,8.58,0.01
2022-03-11,11.08,17.27,6.68,0.01
2022-03-12,9.54,16.14,4.78,0.12
2022-03-13,9.1,16.32,3.64,0.86
2022-03-14,8.9,16.29,2.39,0.0
2022-03-15,9.59,17.14,3.4,0.03
2022-03-16,10.43,18.71,3.13,0.0
2022-03-17,11.39,19.91,3.71,0.01
2022-03-18,13.12,21.07,6.35,0.37
2022-03-19,12.83,19.76,6.82,0.01
2022-03-20,11.77,17.96,7.6,24.88
2022-03-21,11.6,18.63,6.75,10.68
2022-03-22,10.58,17.27,4.26,0.94
2022-03-23,10.56,17.55,4.05,0.17
2022-03-24,10.22,16.35,4.59,0.64
2022-03-25,11.58,18.83,6.04,0.74
2022-03-26,13.51,22.64,5.63,0.0
2022-03-27,14.05,23.46,7.03,0.05
2022-03-28,14.33,23.75,7.15,0.0
2022-03-29,16.95,27.47,8.21,0.0
2022-03-30,17.28,27.11,8.71,0.0
2022-03-31,19.09,28.97,11.1,0.0
2022-04-01,20.65,30.5,11.05,0.0
2022-04-02,23.87,33.65,16.44,0.0
2022-04-03,20.45,28.11,14.74,0.0
2022-04-04,21.5,32.61,13.08,0.0
2022-04-05,26.88,38.36,15.28,0.0
2022-04-06,25.74,36.23,18.47,0.0
2022-04-07,25.69,35.82,15.82,0.0
2022-04-08,21.72,29.44,13.8,0.0
2022-04-09,19.28,28.83,10.77,0.0
2022-04-10,20.98,31.79,12.77,0.0
2022-04-11,19.05,28.45,12.52,0.0
2022-04-12,16.58,24.93,10.01,0.0
2022-04-13,17.14,26.73,8.52,0.0
2022-04-14,17.75,27.15,10.03,0.0
2022-04-15,19.13,29.1,10.07,0.0
2022-04-16,22.5,33.45,13.58,0.0
2022-04-17,28.91,40.0,18.94,0.0
2022-04-18,22.41,26.74,17.42,0.0
2022-04-19,20.46,28.2,14.19,0.0
2022-04-20,18.33,26.34,10.81,0.0
2022-04-21,18.88,28.16,10.99,0.0
2022-04-22,18.79,27.8,12.41,0.0
2022-04-23,20.44,31.26,11.6,0.0
2022-04-24,22.63,34.69,11.95,0.0
2022-04-25,24.15,34.26,15.16,0.0
2022-04-26,23.89,33.28,15.44,0.0
2022-04-27,23.01,33.24,13.67,0.0
2022-04-28,22.72,32.88,13.17,0.0
2022-04-29,27.22,37.77,16.01,0.0
2022-04-30,24.01,33.04,16.52,0.0
2022-05-01,22.95,32.92,13.86,0.0
2022-05-02,23.95,29.57,17.58,0.0
2022-05-03,24.9,32.77,18.09,0.0
2022-05-04,21.48,28.87,15.34,0.0
2022-05-05,19.63,27.96,12.61,0.0
2022-05-06,20.44,29.35,11.75,0.0
2022-05-07,21.28,29.02,13.17,0.0
2022-05-08,25.51,34.21,17.69,0.0
2022-05-09,26.32,36.0,18.57,0.0
2022-05-10,23.99,32.76,14.92,0.0
2022-05-11,22.96,29.35,15.49,0.0
2022-05-12,23.45,31.87,15.57,0.0
2022-05-13,25.0,33.78,16.95,0.0
2022-05-14,25.26,34.79,17.72,0.0
2022-05-15,23.5,32.01,15.96,0.0
2022-05-16,21.37,26.97,16.47,0.0
2022-05-17,24.51,34.18,13.86,0.0
2022-05-18,25.69,35.12,15.7,0.0
2022-05-19,27.23,36.54,16.7,0.0
2022-05-20,28.9,38.06,21.08,0.0
2022-05-21,24.56,32.0,18.03,0.0
2022-05-22,22.53,29.96,15.26,0.0
2022-05-23,24.73,33.72,15.18,0.0
2022-05-24,26.22,36.11,16.32,0.0
2022-05-25,26.66,35.91,16.65,0.0
2022-05-26,26.71,35.72,17.45,0.0
2022-05-27,28.12,37.75,18.32,0.0
2022-05-28,28.9,38.05,18.84,0.0
2022-05-29,29.83,38.95,20.06,0.0
2022-05-30,31.34,41.25,21.04,0.0
2022-05-31,28.96,37.73,20.92,0.0
2022-06-01,26.29,34.34,18.33,0.0
2022-06-02,26.61,35.4,17.35,0.0
2022-06-03,28.04,36.42,18.9,0.0
2022-06-04,29.6,37.63,20.78,0.0
2022-06-05,30.6,38.98,21.62,0.0
2022-06-06,29.09,36.28,21.54,0.0
2022-06-07,28.98,37.16,20.36,0.0
2022-06-08,30.38,38.72,21.23,0.0
2022-06-09,33.22,41.39,24.63,0.0
2022-06-10,32.89,41.73,23.35,0.0
2022-06-11,34.32,44.3,24.85,0.0
2022-06-12,29.08,35.99,23.03,0.0
2022-06-13,27.61,34.53,19.94,0.0
2022-06-14,29.2,35.9,21.72,0.0
2022-06-15,28.76,36.54,21.27,0.0
2022-06-16,29.12,37.93,20.26,0.0
2022-06-17,29.35,37.84,22.41,0.0
2022-06-18,28.69,37.27,21.02,0.0
2022-06-19,27.92,36.61,19.24,0.0
2022-06-20,27.57,36.26,19.52,0.0
2022-06-21,26.88,35.47,18.92,0.0
2022-06-22,27.76,36.49,19.12,0.0
2022-06-23,29.79,38.56,19.66,0.0
2022-06-24,31.52,40.47,21.55,0.0
2022-06-25,29.32,37.21,22.56,0.0
2022-06-26,29.13,38.5,19.68,0.0
2022-06-27,28.98,36.94,21.51,0.0
2022-06-28,28.29,35.9,19.98,0.0
2022-06-29,29.17,36.47,21.77,0.0
2022-06-30,28.98,35.86,22.24,0.0
2022-07-01,29.11,36.42,21.88,0.0
2022-07-02,29.83,37.61,21.47,0.0
2022-07-03,30.48,38.12,22.29,0.0
2022-07-04,31.02,38.41,22.77,0.0
2022-07-05,30.53,37.91,23.16,0.0
2022-07-06,29.53,37.77,21.04,0.0
2022-07-07,29.07,37.53,20.01,0.0
2022-07-08,28.97,37.85,20.46,0.0
2022-07-09,29.83,38.86,22.03,0.0
2022-07-10,29.38,37.25,21.6,0.0
2022-07-11,28.89,36.24,21.45,0.0
2022-07-12,29.75,38.56,21.63,0.0
2022-07-13,28.23,36.74,20.97,0.0
2022-07-14,27.26,36.11,19.35,0.0
2022-07-15,27.69,35.78,19.26,0.0
2022-07-16,27.81,35.75,20.94,0.0
2022-07-17,29.36,38.67,19.91,0.0
2022-07-18,30.97,39.95,20.71,0.0
2022-07-19,32.0,40.14,22.52,0.0
2022-07-20,31.79,40.17,23.65,0.01
2022-07-21,30.12,38.68,22.41,0.0
2022-07-22,29.96,38.79,20.69,0.18
2022-07-23,29.99,39.78,20.34,0.24
2022-07-24,30.82,40.61,21.65,1.32
2022-07-25,30.78,39.82,21.0,0.08
2022-07-26,30.85,39.56,21.87,0.03
2022-07-27,30.14,38.88,21.1,0.03
2022-07-28,31.06,39.9,21.38,0.0
2022-07-29,30.97,39.14,22.24,0.01
2022-07-30,30.21,38.37,21.85,0.0
2022-07-31,30.72,39.72,22.05,0.0
2022-08-01,30.93,40.58,22.66,0.18
2022-08-02,30.01,38.79,21.79,0.06
2022-08-03,29.69,38.35,21.44,0.02
2022-08-04,30.06,38.95,21.37,0.0
2022-08-05,30.28,38.49,22.67,0.0
2022-08-06,30.0,38.4,22.85,0.0
2022-08-07,29.72,37.31,21.85,0.0
2022-08-08,30.91,38.16,23.71,0.0
2022-08-09,31.05,38.3,24.45,0.0
2022-08-10,30.37,37.42,23.31,0.0
2022-08-11,30.13,37.7,22.87,0.0
2022-08-12,29.63,37.12,22.62,0.0
2022-08-13,29.16,37.26,21.89,0.0
2022-08-14,29.84,38.27,21.69,0.03
2022-08-15,29.46,37.17,21.84,0.0
2022-08-16,29.64,37.93,21.73,0.27
2022-08-17,29.03,37.51,21.57,0.15
2022-08-18,29.52,38.87,21.25,0.03
2022-08-19,29.88,38.14,21.55,0.0
2022-08-20,31.17,39.88,23.03,0.0
2022-08-21,31.08,38.81,23.33,0.0
2022-08-22,31.55,39.58,23.65,0.0
2022-08-23,32.51,40.3,25.0,0.0
2022-08-24,33.35,41.9,25.14,0.0
2022-08-25,31.06,38.72,24.42,0.0
2022-08-26,29.86,37.06,22.76,0.0
2022-08-27,30.15,38.54,21.99,0.0
2022-08-28,30.15,38.49,23.04,0.0
2022-08-29,30.08,38.77,22.75,0.13
2022-08-30,30.04,38.22,23.06,0.58
2022-08-31,29.58,37.07,23.28,0.29
2022-09-01,29.44,37.86,22.04,0.0
2022-09-02,29.5,37.54,22.04,0.0
2022-09-03,29.45,37.61,22.84,0.0
2022-09-04,29.11,37.84,21.94,0.0
2022-09-05,28.73,36.81,21.66,0.0
2022-09-06,28.26,35.92,21.64,0.0
2022-09-07,28.55,35.85,22.05,0.0
2022-09-08,29.25,36.74,21.75,0.0
2022-09-09,29.14,37.39,21.62,0.0
2022-09-10,28.5,37.2,20.82,0.0
2022-09-11,28.36,37.85,19.21,0.0
2022-09-12,29.26,37.79,21.5,0.0
2022-09-13,28.49,36.29,21.58,0.0
2022-09-14,27.31,34.48,20.46,0.0
2022-09-15,26.38,33.6,19.45,0.0
2022-09-16,26.32,33.18,20.57,0.0
2022-09-17,27.05,34.2,20.21,0.0
2022-09-18,27.53,34.64,20.89,0.04
2022-09-19,27.68,35.34,20.35,0.58
2022-09-20,26.9,33.94,21.55,3.32
2022-09-21,25.51,33.22,18.86,0.0
2022-09-22,28.25,36.43,20.56,0.0
2022-09-23,28.77,36.62,22.29,0.0
2022-09-24,28.54,37.64,21.25,0.0
2022-09-25,29.02,38.53,21.23,0.0
2022-09-26,29.68,39.03,22.12,0.0
2022-09-27,29.25,38.11,21.32,0.0
2022-09-28,28.8,37.09,21.62,0.0
2022-09-29,29.79,38.72,22.14,0.0
2022-09-30,30.2,39.49,22.41,0.0
2022-10-01,29.75,39.56,22.27,0.0
2022-10-02,28.7,38.09,20.6,0.0
2022-10-03,27.13,34.14,22.27,0.0
2022-10-04,25.4,32.9,18.79,0.0
2022-10-05,25.75,33.52,19.11,0.0
2022-10-06,25.11,32.22,19.43,0.0
2022-10-07,23.51,30.11,17.56,0.0
2022-10-08,23.36,30.3,17.18,0.0
2022-10-09,23.37,30.18,17.01,0.0
2022-10-10,23.56,30.74,17.14,0.0
2022-10-11,24.07,31.56,17.37,0.0
2022-10-12,23.76,30.55,17.82,0.0
2022-10-13,23.56,31.04,16.98,0.0
2022-10-14,22.82,29.62,16.7,0.0
2022-10-15,25.02,33.04,17.56,0.0
2022-10-16,24.67,30.93,19.63,0.01
2022-10-17,23.82,30.37,18.06,0.01
2022-10-18,22.85,29.7,16.75,0.0
2022-10-19,22.92,29.58,16.93,0.01
2022-10-20,23.57,30.03,17.51,0.06
2022-10-21,23.12,29.31,17.85,0.08
2022-10-22,23.15,29.15,17.26,0.31
2022-10-23,22.45,27.92,17.88,0.86
2022-10-24,21.79,28.04,15.84,0.09
2022-10-25,21.45,26.21,16.64,3.42
2022-10-26,22.57,28.88,17.09,0.51
2022-10-27,22.68,29.83,16.78,0.27
2022-10-28,22.87,29.58,16.96,0.01
2022-10-29,22.23,28.57,15.76,0.02
2022-10-30,21.7,28.16,16.52,0.04
2022-10-31,21.14,27.79,15.85,0.01
2022-11-01,20.43,26.39,16.32,0.19
2022-11-02,19.96,26.84,14.36,0.0
2022-11-03,20.45,27.66,14.34,0.0
2022-11-04,20.28,27.08,14.25,0.0
2022-11-05,19.57,26.47,14.11,0.0
2022-11-06,19.46,26.59,13.68,0.0
2022-11-07,19.78,27.57,12.83,0.0
2022-11-08,19.56,25.42,14.73,0.2
2022-11-09,19.09,25.83,13.96,0.03
2022-11-10,18.45,25.57,13.14,0.0
2022-11-11,19.4,26.68,13.35,0.01
2022-11-12,19.96,27.21,13.83,0.03
2022-11-13,20.8,28.49,15.03,0.18
2022-11-14,20.26,26.15,15.65,0.12
2022-11-15,18.28,24.62,13.27,0.0
2022-11-16,17.94,24.35,12.78,0.03
2022-11-17,18.39,24.65,12.98,0.0
2022-11-18,19.0,26.27,14.33,0.0
2022-11-19,18.78,26.83,12.98,0.0
2022-11-20,19.54,28.25,12.9,0.0
2022-11-21,19.54,26.49,13.92,0.0
2022-11-22,18.89,25.7,13.47,0.02
2022-11-23,17.97,25.15,12.39,0.01
2022-11-24,17.14,23.85,11.86,0.0
2022-11-25,17.42,24.26,13.07,0.0
2022-11-26,16.44,23.36,11.31,0.0
2022-11-27,15.46,20.69,11.96,0.0
2022-11-28,16.2,21.79,11.29,0.0
2022-11-29,16.33,23.47,10.0,0.0
2022-11-30,18.02,24.98,12.62,0.0
2022-12-01,17.22,24.65,12.18,0.0
2022-12-02,18.07,25.58,12.33,0.0
2022-12-03,18.75,26.24,13.58,0.03
2022-12-04,17.63,24.18,13.13,0.0
2022-12-05,16.81,23.0,12.48,0.03
2022-12-06,16.65,22.28,12.45,0.08
2022-12-07,15.91,22.14,10.87,0.0
2022-12-08,17.27,23.73,11.49,0.0
2022-12-09,18.51,25.89,11.84,0.0
2022-12-10,16.39,24.87,9.33,0.0
2022-12-11,16.72,24.25,11.51,0.0
2022-12-12,17.25,25.34,12.15,0.0
2022-12-13,17.12,23.03,13.49,0.0
2022-12-14,17.64,24.09,12.52,0.0
2022-12-15,17.73,24.92,12.82,0.0
2022-12-16,17.44,24.77,11.97,0.0
2022-12-17,18.06,26.34,12.43,0.24
2022-12-18,17.86,27.33,12.65,0.26
2022-12-19,17.02,25.35,11.82,0.26
2022-12-20,16.22,22.4,10.54,0.18
2022-12-21,15.39,20.69,12.44,0.27
2022-12-22,15.38,20.85,11.19,7.8
2022-12-23,14.65,20.02,10.27,7.8
2022-12-24,14.09,19.38,9.38,0.98
2022-12-25,14.47,19.66,9.74,5.91
2022-12-26,14.39,20.31,9.86,0.44
2022-12-27,13.45,21.19,7.92,0.0
2022-12-28,12.59,19.61,8.1,0.0
2022-12-29,13.11,20.49,7.62,0.0
2022-12-30,14.69,21.07,10.06,0.63
2022-12-31,13.78,21.01,8.19,0.01
2023-01-01,14.71,21.2,10.54,0.06
2023-01-02,14.61,22.84,9.76,0.18
2023-01-03,13.95,20.4,8.92,0.38
2023-01-04,14.35,19.92,9.61,0.39
2023-01-05,13.09,19.47,7.82,0.05
2023-01-06,13.45,20.97,7.95,0.0
2023-01-07,14.29,20.43,9.62,0.02
2023-01-08,13.47,19.75,9.11,0.7
2023-01-09,12.56,18.09,7.97,1.15
2023-01-10,14.28,21.31,8.75,0.01
2023-01-11,13.18,19.87,8.48,0.0
2023-01-12,11.78,18.81,7.46,0.34
2023-01-13,12.42,19.69,7.08,0.01
2023-01-14,13.17,19.03,9.7,0.31
2023-01-15,12.74,19.08,7.51,0.01
2023-01-16,11.2,16.88,8.0,0.36
2023-01-17,12.21,19.52,5.8,0.0
2023-01-18,12.78,22.0,6.27,0.0
2023-01-19,13.9,23.86,6.77,0.01
2023-01-20,13.48,22.41,6.84,0.0
2023-01-21,13.06,20.06,8.88,2.45
2023-01-22,13.02,20.64,7.72,9.47
2023-01-23,13.76,21.74,7.82,20.53
2023-01-24,14.2,21.97,9.62,34.09
2023-01-25,12.82,20.66,7.94,5.16
2023-01-26,12.71,21.28,7.13,3.02
2023-01-27,15.33,23.96,9.72,0.0
2023-01-28,14.76,21.9,9.66,0.0
2023-01-29,13.92,20.88,9.55,0.12
2023-01-30,12.87,20.4,8.48,0.03
2023-01-31,10.62,15.75,5.91,1.74
2023-02-01,10.3,16.25,6.27,3.23
2023-02-02,10.73,17.7,4.34,0.01
2023-02-03,11.64,17.84,7.38,0.01
2023-02-04,11.26,18.69,5.26,0.09
2023-02-05,11.25,18.76,5.64,0.0
2023-02-06,9.73,13.8,6.03,0.46
2023-02-07,8.32,14.07,3.41,0.16
2023-02-08,8.57,13.75,3.82,2.04
2023-02-09,9.23,15.41,3.96,0.0
2023-02-10,10.19,18.11,3.93,0.0
2023-02-11,10.28,15.96,5.28,3.33
2023-02-12,10.43,16.59,5.04,0.26
2023-02-13,9.82,16.43,4.43,0.26
2023-02-14,9.66,16.07,4.14,0.56
2023-02-15,10.08,16.41,4.37,0.06
2023-02-16,11.44,17.54,6.29,0.06
2023-02-17,11.59,18.75,5.95,0.02
2023-02-18,12.09,20.18,6.33,0.0
2023-02-19,12.32,20.65,6.27,0.01
2023-02-20,12.7,20.18,7.58,0.0
2023-02-21,13.42,20.77,7.48,0.0
2023-02-22,13.12,20.57,7.59,0.0
2023-02-23,13.85,20.38,8.83,0.0
2023-02-24,14.45,20.93,9.37,0.0
2023-02-25,15.9,22.75,10.35,0.0
2023-02-26,15.7,23.24,10.48,0.0
2023-02-27,15.95,26.19,8.39,0.0
2023-02-28,19.18,30.74,10.47,0.0
2023-03-01,21.64,31.07,12.99,0.0
2023-03-02,21.26,32.39,13.52,0.0
2023-03-03,18.09,27.29,11.4,0.0
2023-03-04,19.88,29.96,11.07,0.0
2023-03-05,21.14,32.65,13.18,0.0
2023-03-06,15.84,23.15,10.2,0.0
2023-03-07,15.02,22.45,9.66,0.0
2023-03-08,14.64,22.44,8.34,0.0
2023-03-09,17.32,25.64,9.95,0.0
2023-03-10,18.93,27.8,11.07,0.0
2023-03-11,18.65,27.16,11.96,0.0
2023-03-12,19.21,28.28,12.34,0.0
2023-03-13,18.46,26.86,12.45,0.11
2023-03-14,14.65,20.26,10.15,3.79
2023-03-15,14.51,21.63,8.74,0.06
2023-03-16,16.62,25.4,8.33,0.0
2023-03-17,16.7,25.13,9.75,0.01
2023-03-18,14.87,21.08,10.48,0.1
2023-03-19,14.09,20.87,8.31,0.18
2023-03-20,14.73,21.9,9.74,0.42
2023-03-21,16.28,23.76,10.84,0.03
2023-03-22,18.3,25.93,10.33,0.0
2023-03-23,21.07,28.68,15.84,0.03
2023-03-24,21.52,30.29,14.97,0.17
2023-03-25,18.3,23.98,12.76,0.96
2023-03-26,16.47,24.29,9.44,0.04
2023-03-27,18.32,27.49,10.26,0.0
2023-03-28,19.7,29.59,10.71,0.01
2023-03-29,16.68,24.57,10.47,0.02
2023-03-30,14.09,21.06,9.13,0.01
2023-03-31,14.26,22.19,6.97,0.05
2023-04-01,15.82,23.81,8.64,0.0
2023-04-02,18.6,27.81,10.2,0.0
2023-04-03,20.6,31.11,11.17,0.0
2023-04-04,21.31,31.56,13.17,0.0
2023-04-05,18.75,26.27,12.62,0.0
2023-04-06,18.67,27.2,10.34,0.0
2023-04-07,23.15,33.8,15.18,0.0
2023-04-08,23.91,34.16,15.77,0.0
2023-04-09,23.69,30.97,17.17,0.0
2023-04-10,22.05,29.91,14.84,0.0
2023-04-11,17.73,23.63,12.5,1.22
2023-04-12,14.59,19.8,10.29,1.88
2023-04-13,17.05,25.07,9.64,0.0
2023-04-14,20.0,28.16,11.3,0.0
2023-04-15,21.73,30.48,13.83,0.0
2023-04-16,21.2,31.43,11.47,0.0
2023-04-17,24.36,34.62,13.75,0.0
2023-04-18,27.04,36.59,19.37,0.0
2023-04-19,24.86,35.82,17.8,0.0
2023-04-20,20.4,27.95,13.84,0.0
2023-04-21,20.1,27.66,12.04,0.0
2023-04-22,21.81,30.73,13.15,0.0
2023-04-23,22.01,30.78,14.2,0.0
2023-04-24,22.62,31.9,13.69,0.0
2023-04-25,23.02,31.42,14.3,0.0
2023-04-26,24.3,32.61,16.34,0.0
2023-04-27,24.53,33.67,16.06,0.0
2023-04-28,20.37,27.36,14.68,0.0
2023-04-29,18.24,25.35,12.23,0.0
2023-04-30,18.54,26.16,10.83,0.0
2023-05-01,20.37,28.89,11.68,0.0
2023-05-02,22.05,31.47,13.09,0.24
2023-05-03,23.05,33.1,14.35,0.03
2023-05-04,26.12,36.93,15.28,0.15
2023-05-05,24.65,31.08,17.77,0.0
2023-05-06,22.82,30.02,16.03,0.0
2023-05-07,21.74,28.71,14.99,0.0
2023-05-08,21.61,28.54,14.87,0.0
2023-05-09,22.37,30.25,14.53,0.0
2023-05-10,24.09,33.32,15.16,0.0
2023-05-11,27.8,38.04,17.98,0.0
2023-05-12,24.63,32.93,17.87,0.05
2023-05-13,22.92,31.29,14.7,0.08
2023-05-14,23.38,32.91,14.48,0.07
2023-05-15,24.45,34.95,15.21,0.03
2023-05-16,26.92,37.7,16.34,0.01
2023-05-17,28.2,38.39,19.34,0.0
2023-05-18,23.11,31.28,15.93,0.0
2023-05-19,22.27,30.1,14.54,0.0
2023-05-20,23.8,32.23,15.21,0.0
2023-05-21,28.74,38.14,18.55,0.0
2023-05-22,25.93,33.76,19.31,0.0
2023-05-23,26.75,35.01,17.88,0.0
2023-05-24,26.76,34.53,19.11,0.0
2023-05-25,26.72,35.33,17.91,0.0
2023-05-26,27.04,34.15,20.85,0.0
2023-05-27,29.15,36.86,22.8,0.15
2023-05-28,26.87,33.33,21.43,0.0
2023-05-29,25.99,33.01,18.26,0.0
2023-05-30,27.66,34.81,19.87,0.0
2023-05-31,29.56,38.35,21.1,0.0
2023-06-01,31.35,41.87,24.9,0.38
2023-06-02,33.9,42.56,25.55,0.0
2023-06-03,28.56,36.21,22.44,0.0
2023-06-04,26.92,35.94,19.27,0.0
2023-06-05,26.21,34.78,18.58,0.0
2023-06-06,26.87,35.52,18.42,0.0
2023-06-07,29.98,38.35,20.9,0.01
2023-06-08,31.46,40.39,24.74,0.01
2023-06-09,31.49,39.14,24.76,0.0
2023-06-10,28.98,36.83,21.43,0.16
2023-06-11,28.96,36.47,21.68,0.0
2023-06-12,29.62,36.79,22.35,0.45
2023-06-13,31.59,40.47,23.4,0.03
2023-06-14,27.84,35.45,21.18,0.07
2023-06-15,28.31,36.76,19.83,0.0
2023-06-16,31.38,40.65,20.0,0.0
2023-06-17,30.02,37.63,24.13,0.0
2023-06-18,28.57,36.31,21.41,0.0
2023-06-19,26.74,34.07,19.72,0.0
2023-06-20,27.36,35.46,19.67,0.0
2023-06-21,28.37,36.8,20.2,0.0
2023-06-22,28.18,36.32,20.72,0.0
2023-06-23,29.92,38.88,20.15,0.0
2023-06-24,30.53,39.06,21.12,0.0
2023-06-25,29.34,38.23,20.98,0.0
2023-06-26,28.56,37.11,19.84,0.0
2023-06-27,29.48,37.82,21.4,0.0
2023-06-28,29.64,38.03,21.08,0.0
2023-06-29,29.47,37.59,21.37,0.0
2023-06-30,29.38,38.36,20.4,0.0
2023-07-01,29.33,38.4,21.6,0.0
2023-07-02,29.66,38.9,20.91,0.0
2023-07-03,31.39,41.27,20.49,0.0
2023-07-04,31.83,39.95,24.08,0.0
2023-07-05,29.06,36.9,21.87,0.0
2023-07-06,29.48,37.36,21.13,0.0
2023-07-07,30.43,38.88,22.28,0.0
2023-07-08,30.48,39.71,22.73,0.0
2023-07-09,29.39,38.33,22.03,0.0
2023-07-10,30.04,38.51,21.9,0.0
2023-07-11,30.42,38.53,23.11,0.0
2023-07-12,30.26,38.57,22.37,0.0
2023-07-13,30.57,40.54,20.63,0.0
2023-07-14,31.84,42.26,20.9,0.0
2023-07-15,31.9,40.94,21.82,0.0
2023-07-16,33.25,43.13,22.49,0.0
2023-07-17,33.51,42.13,24.16,0.0
2023-07-18,32.07,41.31,23.28,0.0
2023-07-19,31.27,40.07,22.61,0.0
2023-07-20,32.47,40.74,24.3,0.0
2023-07-21,31.99,40.23,24.01,0.0
2023-07-22,32.77,42.84,22.34,0.0
2023-07-23,33.87,43.25,24.11,0.0
2023-07-24,33.83,43.27,24.21,0.0
2023-07-25,32.68,41.57,23.66,0.0
2023-07-26,33.61,42.32,24.51,0.0
2023-07-27,34.96,43.54,26.48,0.0
2023-07-28,33.82,43.89,24.1,0.0
2023-07-29,30.65,39.8,23.41,0.0
2023-07-30,29.75,38.93,21.86,0.0
2023-07-31,30.41,39.59,21.45,0.0
2023-08-01,30.94,38.97,22.6,0.0
2023-08-02,31.95,40.27,23.35,0.0
2023-08-03,31.2,39.13,22.69,0.0
2023-08-04,31.43,40.7,22.53,0.0
2023-08-05,32.48,41.1,23.95,0.0
2023-08-06,35.05,43.53,27.51,0.0
2023-08-07,33.39,42.69,25.24,0.0
2023-08-08,30.71,38.66,24.33,0.0
2023-08-09,29.58,37.32,22.53,0.0
2023-08-10,30.09,38.57,22.71,0.0
2023-08-11,29.91,38.15,22.56,0.0
2023-08-12,29.92,38.63,23.68,0.0
2023-08-13,30.15,38.6,23.6,0.0
2023-08-14,30.05,38.87,22.94,0.0
2023-08-15,29.8,38.48,22.63,0.0
2023-08-16,29.71,38.45,23.16,0.0
2023-08-17,30.47,39.65,22.26,0.0
2023-08-18,30.68,38.72,23.04,0.0
2023-08-19,30.27,39.2,22.41,0.0
2023-08-20,29.8,38.4,21.68,0.0
2023-08-21,29.99,38.39,23.38,0.0
2023-08-22,30.2,39.1,22.19,0.0
2023-08-23,30.28,39.32,22.06,0.0
2023-08-24,30.28,40.87,20.66,0.0
2023-08-25,31.07,41.12,22.13,0.0
2023-08-26,31.7,41.22,22.47,0.0
2023-08-27,32.22,40.17,24.22,0.0
2023-08-28,30.87,38.45,24.4,0.0
2023-08-29,29.66,38.16,22.56,0.0
2023-08-30,30.83,40.37,21.62,0.0
2023-08-31,31.96,41.46,23.32,0.0
2023-09-01,30.02,38.37,23.97,0.0
2023-09-02,29.43,38.74,21.62,0.0
2023-09-03,28.91,36.59,22.08,0.0
2023-09-04,28.34,35.25,21.9,0.0
2023-09-05,30.44,38.06,22.88,0.0
2023-09-06,31.84,40.08,23.98,0.0
2023-09-07,34.25,43.49,25.16,0.0
2023-09-08,32.67,41.29,25.25,0.0
2023-09-09,31.68,39.25,25.42,0.0
2023-09-10,31.85,39.25,25.18,0.0
2023-09-11,31.78,38.66,26.49,0.0
2023-09-12,29.85,36.11,26.13,0.0
2023-09-13,28.97,35.84,23.55,0.0
2023-09-14,27.86,36.01,20.15,0.0
2023-09-15,28.17,36.44,20.76,0.0
2023-09-16,27.62,35.89,19.82,0.0
2023-09-17,29.01,38.58,20.19,0.0
2023-09-18,28.39,36.71,21.66,0.0
2023-09-19,27.76,35.18,20.87,0.0
2023-09-20,27.81,35.24,20.75,0.0
2023-09-21,28.66,36.73,20.77,0.0
2023-09-22,29.22,37.46,21.45,0.0
2023-09-23,28.54,37.38,20.22,0.0
2023-09-24,29.43,38.81,20.93,0.0
2023-09-25,29.03,38.0,20.52,0.0
2023-09-26,28.71,37.29,20.47,0.0
2023-09-27,29.32,38.7,20.62,0.0
2023-09-28,29.91,39.92,21.15,0.01
2023-09-29,29.91,38.61,22.69,0.02
2023-09-30,29.27,36.73,22.72,0.0
2023-10-01,26.59,30.7,23.38,0.0
2023-10-02,24.37,27.81,21.37,0.01
2023-10-03,25.42,32.14,19.17,0.0
2023-10-04,25.64,30.85,20.85,0.15
2023-10-05,27.29,34.64,20.92,0.0
2023-10-06,26.61,33.47,20.78,0.0
2023-10-07,25.66,32.05,19.41,0.0
2023-10-08,26.13,32.72,20.03,0.0
2023-10-09,26.46,33.31,20.67,0.0
2023-10-10,24.93,31.52,19.36,0.0
2023-10-11,24.74,31.98,18.46,0.0
2023-10-12,24.91,32.01,18.37,0.0
2023-10-13,25.34,31.9,19.32,0.03
2023-10-14,24.24,30.62,18.36,0.01
2023-10-15,24.0,30.23,19.76,0.0
2023-10-16,23.44,30.3,17.18,0.0
2023-10-17,23.66,30.05,17.98,0.0
2023-10-18,23.65,30.86,17.47,0.0
2023-10-19,24.12,31.74,17.92,0.0
2023-10-20,24.61,32.47,18.02,0.0
2023-10-21,23.89,31.18,17.92,0.0
2023-10-22,24.26,32.05,17.83,0.0
2023-10-23,24.86,32.75,19.34,0.0
2023-10-24,24.91,33.19,19.1,0.0
2023-10-25,25.61,34.59,18.25,0.0
2023-10-26,26.93,35.81,20.2,0.0
2023-10-27,25.8,33.16,20.3,0.0
2023-10-28,25.63,33.51,19.19,8.9
2023-10-29,25.28,32.06,20.46,11.9
2023-10-30,25.02,31.74,20.34,20.43
2023-10-31,24.02,30.03,19.73,11.63
2023-11-01,23.71,30.04,18.69,2.21
2023-11-02,22.83,29.56,18.34,2.1
2023-11-03,22.86,31.5,17.44,0.0
2023-11-04,23.23,31.87,16.54,0.0
2023-11-05,22.74,31.66,16.38,0.0
2023-11-06,22.6,31.79,15.68,0.0
2023-11-07,21.92,30.28,15.64,0.0
2023-11-08,21.69,29.01,16.19,0.0
2023-11-09,21.63,28.99,16.31,0.0
2023-11-10,21.35,28.11,16.83,0.0
2023-11-11,21.5,26.28,17.66,0.1
2023-11-12,23.0,29.04,18.57,0.33
2023-11-13,23.15,30.29,17.88,0.07
2023-11-14,20.88,26.27,16.78,0.05
2023-11-15,20.63,26.15,15.55,0.04
2023-11-16,20.03,26.18,15.15,0.02
2023-11-17,21.04,27.13,16.52,0.05
2023-11-18,20.35,26.76,16.51,0.0
2023-11-19,18.29,22.84,14.77,0.32
2023-11-20,16.95,21.89,13.76,0.04
2023-11-21,17.55,23.63,13.67,0.0
2023-11-22,16.53,24.31,12.61,0.17
2023-11-23,17.61,24.64,11.73,0.0
2023-11-24,17.48,24.91,11.75,0.0
2023-11-25,18.18,25.51,13.52,0.0
2023-11-26,16.29,23.01,11.05,0.0
2023-11-27,15.67,21.3,11.22,0.0
2023-11-28,15.09,20.64,10.05,0.0
2023-11-29,15.83,23.71,9.75,0.0
2023-11-30,16.93,24.69,10.95,0.01
2023-12-01,18.25,26.88,12.17,0.02
2023-12-02,17.62,24.61,13.63,0.0
2023-12-03,18.77,26.99,13.61,0.0
2023-12-04,18.48,25.71,14.07,0.0
2023-12-05,17.75,23.84,13.8,0.0
2023-12-06,16.18,22.69,11.67,0.0
2023-12-07,15.54,21.4,10.95,0.0
2023-12-08,14.77,20.27,11.69,0.0
2023-12-09,14.58,21.24,9.01,0.0
2023-12-10,15.84,23.33,9.33,0.0
2023-12-11,15.92,23.52,10.35,0.0
2023-12-12,14.16,21.6,8.09,0.74
2023-12-13,15.65,20.19,12.62,14.47
2023-12-14,17.1,22.42,12.57,1.6
2023-12-15,17.97,25.29,12.11,0.0
2023-12-16,17.22,24.84,11.53,0.0
2023-12-17,16.89,23.97,11.68,0.0
2023-12-18,17.93,23.43,13.74,0.0
2023-12-19,16.04,22.3,11.54,0.0
2023-12-20,14.51,19.38,10.46,0.0
2023-12-21,13.73,19.58,10.34,0.0
2023-12-22,13.45,20.0,8.04,0.0
2023-12-23,14.79,20.73,9.69,0.02
2023-12-24,16.3,21.74,12.25,0.17
2023-12-25,16.17,22.16,12.25,0.12
2023-12-26,15.73,22.09,10.62,0.02
2023-12-27,15.97,21.62,11.83,1.04
2023-12-28,16.3,21.23,12.97,5.97
2023-12-29,16.42,21.91,12.7,0.79
2023-12-30,16.1,22.57,10.42,0.5
2023-12-31,15.29,20.71,11.36,0.61
2024-01-01,14.91,20.61,9.47,0.01
2024-01-02,15.59,21.62,10.28,0.0
2024-01-03,14.39,20.92,10.22,0.0
2024-01-04,14.18,21.03,9.94,0.0
2024-01-05,13.86,21.08,8.51,0.0
2024-01-06,15.4,22.51,10.75,0.01
2024-01-07,14.6,22.89,9.36,0.0
2024-01-08,13.45,21.88,7.03,0.0
2024-01-09,10.95,19.41,4.86,0.0
2024-01-10,11.74,19.63,4.36,0.01
2024-01-11,13.03,17.77,8.8,0.29
2024-01-12,12.28,18.4,8.16,0.02
2024-01-13,12.1,19.96,6.87,0.02
2024-01-14,12.28,18.64,7.95,0.25
2024-01-15,11.71,18.77,6.53,0.01
2024-01-16,11.99,18.43,5.54,0.0
2024-01-17,13.8,21.06,8.79,0.0
2024-01-18,14.62,21.96,9.6,0.0
2024-01-19,15.49,22.6,9.36,0.0
2024-01-20,16.45,24.06,10.88,0.0
2024-01-21,16.35,25.25,11.61,0.0
2024-01-22,14.28,22.37,7.87,0.05
2024-01-23,14.53,19.56,10.45,0.08
2024-01-24,12.49,16.87,9.33,0.2
2024-01-25,11.91,16.22,8.23,0.52
2024-01-26,13.11,18.54,8.11,0.76
2024-01-27,13.18,18.44,9.76,0.4
2024-01-28,12.19,16.75,9.02,0.46
2024-01-29,11.17,17.25,6.58,0.71
2024-01-30,9.4,15.3,4.39,0.03
2024-01-31,8.49,15.78,3.32,42.54
2024-02-01,8.91,15.62,4.44,1.96
2024-02-02,10.76,14.33,8.11,31.46
2024-02-03,9.73,17.36,3.61,0.0
2024-02-04,10.23,16.93,4.58,0.25
2024-02-05,11.23,17.51,5.62,0.02
2024-02-06,12.53,20.27,6.73,0.02
2024-02-07,13.46,21.31,8.75,0.06
2024-02-08,13.08,21.62,6.51,0.01
2024-02-09,13.34,20.58,8.93,0.0
2024-02-10,13.56,20.81,7.78,0.0
2024-02-11,13.97,22.16,7.83,0.03
2024-02-12,14.13,20.69,9.46,0.0
2024-02-13,14.8,21.48,10.02,0.01
2024-02-14,12.68,18.88,7.01,0.04
2024-02-15,12.21,17.32,8.45,1.06
2024-02-16,12.35,18.7,8.34,0.27
2024-02-17,12.33,19.03,6.61,0.08
2024-02-18,13.42,19.27,8.71,0.03
2024-02-19,12.78,19.89,7.45,0.03
2024-02-20,12.98,19.97,7.22,0.0
2024-02-21,13.63,20.66,8.71,0.01
2024-02-22,13.38,21.67,6.61,0.02
2024-02-23,13.22,18.53,9.48,0.1
2024-02-24,15.37,23.48,9.92,0.16
2024-02-25,14.86,23.13,8.14,0.04
2024-02-26,15.96,25.0,9.08,0.0
2024-02-27,14.49,21.3,8.33,0.0
2024-02-28,15.25,23.62,8.39,0.0
2024-02-29,17.37,27.83,8.82,0.0
2024-03-01,20.73,29.12,13.14,0.0
2024-03-02,16.1,24.27,9.91,0.0
2024-03-03,14.82,22.32,8.9,0.0
2024-03-04,14.9,22.86,8.38,0.0
2024-03-05,17.41,26.7,9.06,0.0
2024-03-06,15.62,23.2,9.78,0.0
2024-03-07,15.14,22.26,9.29,0.0
2024-03-08,15.03,22.75,8.53,0.0
2024-03-09,14.94,22.51,8.91,0.0
2024-03-10,14.99,23.19,8.87,0.0
2024-03-11,14.9,24.29,7.21,0.0
2024-03-12,17.2,28.72,7.73,0.0
2024-03-13,16.93,26.19,9.32,0.0
2024-03-14,15.97,24.0,10.38,0.0
2024-03-15,15.47,23.32,8.2,0.0
2024-03-16,15.85,22.35,10.06,0.0
2024-03-17,17.25,25.94,10.16,0.0
2024-03-18,14.67,20.36,10.46,1.25
2024-03-19,14.74,21.8,9.25,0.07
2024-03-20,16.98,24.84,9.03,0.0
2024-03-21,17.32,26.33,10.53,0.05
2024-03-22,14.22,22.37,7.02,0.0
2024-03-23,14.78,22.19,7.67,0.0
2024-03-24,12.81,16.03,8.35,4.02
2024-03-25,14.32,22.21,6.74,0.0
2024-03-26,18.49,26.99,9.29,0.0
2024-03-27,22.76,31.21,13.38,0.0
2024-03-28,21.3,28.65,14.86,0.02
2024-03-29,20.15,27.2,14.39,0.53
2024-03-30,20.48,30.09,12.4,0.38
2024-03-31,23.09,32.58,14.56,0.05
2024-04-01,23.84,32.73,16.78,0.0
2024-04-02,22.82,32.67,14.64,0.0
2024-04-03,22.2,32.45,12.69,0.0
2024-04-04,22.63,32.92,13.36,0.0
2024-04-05,20.62,30.44,12.7,0.0
2024-04-06,18.76,27.86,11.12,0.0
2024-04-07,18.49,26.66,11.33,0.06
2024-04-08,18.24,24.9,12.08,0.3
2024-04-09,17.99,24.71,11.4,0.08
2024-04-10,18.76,26.14,11.66,0.0
2024-04-11,20.5,28.57,13.29,0.0
2024-04-12,20.64,29.07,12.61,0.01
2024-04-13,21.1,30.06,12.88,0.19
2024-04-14,21.31,30.02,14.51,0.36
2024-04-15,21.88,30.58,14.87,0.22
2024-04-16,22.26,31.49,13.06,0.0
2024-04-17,26.22,36.71,16.26,0.0
2024-04-18,23.59,30.68,16.85,0.0
2024-04-19,21.82,29.9,14.68,0.0
2024-04-20,23.13,33.74,13.64,0.0
2024-04-21,21.49,30.31,13.97,0.0
2024-04-22,23.21,33.46,13.91,0.0
2024-04-23,27.56,37.98,18.2,0.0
2024-04-24,30.84,41.63,21.85,0.0
2024-04-25,26.74,33.86,20.02,0.0
2024-04-26,23.36,31.39,17.22,0.0
2024-04-27,22.46,31.31,15.05,0.0
2024-04-28,22.62,32.39,14.42,0.0
2024-04-29,21.91,31.36,13.84,0.0
2024-04-30,21.97,31.2,14.69,0.0
2024-05-01,23.74,32.39,16.85,0.0
2024-05-02,23.3,32.19,15.19,0.0
2024-05-03,24.42,33.11,17.13,0.0
2024-05-04,23.28,32.12,15.11,0.0
2024-05-05,21.57,28.6,16.2,0.0
2024-05-06,20.95,28.39,14.04,0.0
2024-05-07,21.14,29.5,12.75,0.0
2024-05-08,22.35,31.3,13.37,0.0
2024-05-09,26.75,36.78,14.72,0.0
2024-05-10,28.19,37.29,21.67,0.0
2024-05-11,24.41,31.78,18.19,0.0
2024-05-12,22.91,30.22,16.43,0.0
2024-05-13,21.43,29.23,14.91,0.0
2024-05-14,22.06,30.68,13.67,0.0
2024-05-15,22.86,31.68,13.92,0.0
2024-05-16,24.86,34.39,15.22,0.0
2024-05-17,27.85,37.53,18.05,0.0
2024-05-18,31.17,40.82,22.36,0.0
2024-05-19,30.74,39.27,22.94,0.0
2024-05-20,32.68,42.58,23.48,0.0
2024-05-21,30.81,39.82,22.32,0.0
2024-05-22,31.13,40.47,21.37,0.0
2024-05-23,31.1,40.54,22.51,0.0
2024-05-24,25.73,34.19,18.24,0.0
2024-05-25,25.38,34.31,16.48,1.16
2024-05-26,28.81,37.72,18.67,0.0
2024-05-27,28.22,34.74,20.67,0.0
2024-05-28,25.66,33.62,18.26,0.0
2024-05-29,24.96,32.39,17.31,0.0
2024-05-30,25.16,32.5,17.43,0.0
2024-05-31,27.75,36.45,18.1,0.0
2024-06-01,30.5,39.07,21.56,0.0
2024-06-02,29.89,39.09,21.67,0.0
2024-06-03,28.92,39.19,18.36,0.0
2024-06-04,30.07,41.01,19.07,0.0
2024-06-05,31.25,42.33,19.85,0.0
2024-06-06,32.85,43.66,21.51,0.0
2024-06-07,33.93,44.09,23.22,0.0
2024-06-08,31.16,40.87,23.38,0.0
2024-06-09,28.86,37.54,20.29,0.0
2024-06-10,29.84,38.7,20.73,0.0
2024-06-11,30.23,38.93,21.22,0.0
2024-06-12,30.81,40.5,20.15,0.0
2024-06-13,32.61,43.26,21.91,0.0
2024-06-14,34.73,45.49,23.3,0.0
2024-06-15,34.82,45.27,24.71,0.0
2024-06-16,31.85,41.24,23.3,0.0
2024-06-17,29.77,37.9,21.59,0.0
2024-06-18,29.98,39.28,22.05,0.0
2024-06-19,30.07,39.89,20.58,0.0
2024-06-20,30.53,39.32,21.35,0.02
2024-06-21,31.65,39.74,23.97,0.01
2024-06-22,31.75,39.66,23.72,0.0
2024-06-23,32.16,41.16,22.98,0.0
2024-06-24,32.31,40.99,22.76,0.0
2024-06-25,31.91,40.06,23.66,0.0
2024-06-26,30.47,39.87,21.91,0.0
2024-06-27,31.53,42.28,21.24,0.0
2024-06-28,31.09,41.35,21.68,0.0
2024-06-29,29.95,38.19,23.34,0.0
2024-06-30,30.03,37.5,22.57,0.0
2024-07-01,30.86,39.27,23.97,0.0
2024-07-02,29.94,38.52,21.22,0.0
2024-07-03,31.16,39.36,23.0,0.0
2024-07-04,33.35,42.42,23.74,0.0
2024-07-05,31.48,39.27,24.54,0.0
2024-07-06,29.89,36.77,24.14,0.0
2024-07-07,30.53,38.94,23.1,0.0
2024-07-08,31.26,39.23,22.82,0.0
2024-07-09,32.45,40.64,23.72,0.0
2024-07-10,33.3,40.88,25.06,0.0
2024-07-11,34.1,41.61,26.33,0.0
2024-07-12,34.97,43.58,26.61,0.0
2024-07-13,32.63,40.22,25.74,0.0
2024-07-14,31.04,38.25,23.76,0.0
2024-07-15,31.13,39.1,23.19,0.0
2024-07-16,30.85,39.0,22.7,0.0
2024-07-17,31.3,39.67,23.05,0.0
2024-07-18,31.03,39.51,22.79,0.0
2024-07-19,31.56,40.09,22.73,0.0
2024-07-20,33.0,41.09,24.26,0.0
2024-07-21,33.57,41.75,25.31,0.0
2024-07-22,33.16,41.32,24.53,0.0
2024-07-23,32.41,40.75,25.03,0.0
2024-07-24,31.59,40.49,22.72,0.0
2024-07-25,33.82,42.63,25.21,0.0
2024-07-26,31.39,38.93,25.72,0.0
2024-07-27,30.53,38.56,23.31,0.0
2024-07-28,31.76,39.93,23.48,0.0
2024-07-29,31.54,39.25,23.98,0.0
2024-07-30,31.08,39.19,22.92,0.0
2024-07-31,31.83,39.93,24.01,0.0
2024-08-01,31.41,39.54,23.82,0.0
2024-08-02,31.21,38.76,23.51,0.0
2024-08-03,31.29,38.91,24.27,0.0
2024-08-04,31.0,38.88,23.62,0.01
2024-08-05,30.45,38.88,22.1,0.0
2024-08-06,30.76,39.29,22.62,0.0
2024-08-07,31.26,39.76,23.44,1.77
2024-08-08,31.44,39.75,23.43,0.0
2024-08-09,31.53,40.0,23.28,0.0
2024-08-10,31.08,39.93,23.06,0.0
2024-08-11,30.76,40.01,22.72,0.0
2024-08-12,30.54,38.73,22.44,0.0
2024-08-13,30.82,38.34,23.71,0.0
2024-08-14,30.6,39.19,23.07,0.0
2024-08-15,30.82,40.1,22.12,0.0
2024-08-16,30.44,39.37,21.95,0.0
2024-08-17,31.58,40.85,23.46,0.0
2024-08-18,30.8,39.57,23.1,0.0
2024-08-19,31.01,39.16,23.93,0.0
2024-08-20,30.97,40.71,22.18,0.0
2024-08-21,31.05,40.56,21.77,0.0
2024-08-22,31.27,39.35,22.97,0.0
2024-08-23,31.26,38.94,24.38,0.0
2024-08-24,30.71,38.39,23.75,0.0
2024-08-25,31.3,39.46,23.79,0.0
2024-08-26,32.17,40.4,24.02,0.0
2024-08-27,31.64,39.11,24.47,0.0
2024-08-28,31.11,39.41,23.65,0.0
2024-08-29,30.65,38.6,23.72,0.0
2024-08-30,29.95,38.27,22.46,0.0
2024-08-31,30.07,37.94,23.24,0.0
2024-09-01,29.99,37.51,22.77,0.0
2024-09-02,31.18,38.54,23.8,0.0
2024-09-03,30.85,37.79,24.04,0.0
2024-09-04,29.32,36.55,22.53,0.0
2024-09-05,29.2,36.57,22.58,0.0
2024-09-06,29.56,36.65,22.64,0.0
2024-09-07,30.15,37.45,23.05,0.0
2024-09-08,30.4,38.25,23.18,0.0
2024-09-09,29.51,36.71,22.45,0.0
2024-09-10,30.22,37.83,22.72,0.0
2024-09-11,32.35,40.26,23.65,0.0
2024-09-12,33.0,41.94,26.17,0.0
2024-09-13,29.93,37.31,24.41,0.0
2024-09-14,28.28,36.95,20.44,0.0
2024-09-15,28.87,37.18,21.75,0.0
2024-09-16,28.58,35.57,22.69,0.0
2024-09-17,28.48,35.37,22.55,0.0
2024-09-18,27.62,35.45,20.75,0.0
2024-09-19,29.88,38.46,21.37,0.0
2024-09-20,32.23,40.91,25.83,0.0
2024-09-21,27.92,34.14,22.74,0.0
2024-09-22,26.98,33.59,21.41,0.0
2024-09-23,26.34,33.29,20.56,0.0
2024-09-24,26.06,34.04,18.63,0.0
2024-09-25,26.24,34.26,19.31,0.0
2024-09-26,26.46,34.7,19.35,0.0
2024-09-27,26.6,35.02,19.09,0.0
2024-09-28,26.8,34.94,19.48,0.0
2024-09-29,26.24,34.3,19.43,0.0
2024-09-30,26.16,34.25,19.32,0.0
2024-10-01,25.69,32.56,19.69,0.0
2024-10-02,24.6,31.64,18.52,0.0
2024-10-03,24.52,32.02,18.24,0.0
2024-10-04,24.09,31.99,17.3,0.0
2024-10-05,24.23,32.43,17.14,0.0
2024-10-06,23.93,32.26,17.0,0.0
2024-10-07,25.11,34.34,16.94,0.0
2024-10-08,26.6,35.59,18.74,0.0
2024-10-09,27.18,35.46,19.94,0.0
2024-10-10,25.77,33.69,19.24,0.0
2024-10-11,25.69,34.52,17.83,0.0
2024-10-12,26.6,34.75,19.38,0.0
2024-10-13,26.61,35.71,18.78,0.0
2024-10-14,26.27,33.48,20.49,0.0
2024-10-15,25.07,31.51,19.99,0.0
2024-10-16,24.45,30.88,18.8,0.0
2024-10-17,24.62,31.02,18.79,0.0
2024-10-18,24.35,31.63,18.91,0.0
2024-10-19,23.27,30.47,16.99,0.0
2024-10-20,22.98,30.98,17.03,0.0
2024-10-21,23.25,31.28,17.68,0.0
2024-10-22,22.1,29.4,17.03,0.0
2024-10-23,21.43,28.46,16.71,0.0
2024-10-24,21.07,28.73,15.95,0.0
2024-10-25,20.75,29.18,14.86,0.0
2024-10-26,21.46,29.78,14.73,0.0
2024-10-27,22.44,30.87,16.01,0.0
2024-10-28,22.17,30.67,15.52,0.0
2024-10-29,21.07,28.08,15.57,0.0
2024-10-30,19.82,26.72,14.09,0.0
2024-10-31,19.37,26.38,13.1,0.0
2024-11-01,20.19,26.91,14.25,0.0
2024-11-02,20.17,26.99,14.58,0.01
2024-11-03,20.78,26.89,14.57,0.0
2024-11-04,21.06,27.17,15.89,0.0
2024-11-05,19.57,26.21,14.02,0.0
2024-11-06,20.62,28.06,14.15,0.0
2024-11-07,22.18,29.95,16.63,0.04
2024-11-08,21.47,28.3,16.91,0.12
2024-11-09,20.48,27.0,15.61,0.14
2024-11-10,18.57,24.07,14.49,0.01
2024-11-11,17.95,24.31,12.32,0.0
2024-11-12,18.95,26.21,12.58,0.0
2024-11-13,19.93,27.05,14.94,0.0
2024-11-14,19.34,26.75,13.28,0.0
2024-11-15,20.12,27.3,15.18,0.0
2024-11-16,19.07,26.88,13.28,0.0
2024-11-17,18.48,25.59,12.42,0.0
2024-11-18,17.99,24.56,12.13,0.23
2024-11-19,18.15,25.14,12.54,0.19
2024-11-20,18.67,25.57,12.97,0.03
2024-11-21,18.74,25.18,14.17,0.0
2024-11-22,20.13,28.43,14.5,0.0
2024-11-23,19.04,27.05,13.01,0.09
2024-11-24,16.81,22.88,13.35,0.49
2024-11-25,15.55,19.91,12.35,0.05
2024-11-26,14.44,19.49,10.24,0.15
2024-11-27,15.07,21.27,9.82,0.08
2024-11-28,15.64,22.8,10.28,0.0
2024-11-29,15.75,22.78,11.18,0.0
2024-11-30,15.65,23.03,10.38,0.1
2024-12-01,15.42,23.38,9.75,0.13
2024-12-02,15.41,22.97,9.93,0.02
2024-12-03,15.35,22.51,10.57,0.0
2024-12-04,14.98,22.19,9.22,0.0
2024-12-05,15.8,22.59,11.17,0.0
2024-12-06,16.51,23.79,11.55,0.0
2024-12-07,17.25,23.75,13.26,0.0
2024-12-08,16.27,23.7,10.71,0.0
2024-12-09,16.27,24.61,11.53,0.0
2024-12-10,15.47,24.1,9.09,0.0
2024-12-11,15.45,23.65,10.47,0.0
2024-12-12,16.23,21.22,13.01,0.03
2024-12-13,15.19,22.38,10.07,0.01
2024-12-14,15.0,21.8,9.99,0.0
2024-12-15,13.66,21.75,7.99,0.0
2024-12-16,13.63,21.79,7.02,0.0
2024-12-17,14.35,21.6,9.35,0.04
2024-12-18,14.47,22.06,8.76,0.03
2024-12-19,14.81,21.44,9.4,0.15
2024-12-20,14.26,21.04,9.84,0.1
2024-12-21,14.38,21.82,8.78,0.0
2024-12-22,14.5,21.75,8.65,0.0
2024-12-23,13.61,20.9,7.94,0.0
2024-12-24,12.13,19.76,6.24,0.0
2024-12-25,12.78,20.55,8.35,0.0
2024-12-26,9.92,15.32,5.16,0.0
2024-12-27,10.05,16.6,4.4,0.0
2024-12-28,11.4,18.75,5.33,0.0
2024-12-29,12.28,19.13,6.59,0.01
2024-12-30,12.29,17.75,7.49,0.13
2024-12-31,12.22,18.72,7.16,0.13
2025-01-01,12.9,20.31,7.23,0.01
2025-01-02,12.6,19.98,7.67,0.03
2025-01-03,13.11,20.53,7.29,0.02
2025-01-04,14.43,22.02,8.44,0.0
2025-01-05,14.36,20.33,10.38,0.01
2025-01-06,15.63,21.21,11.44,0.1
2025-01-07,14.82,21.55,10.23,0.06
2025-01-08,14.27,23.05,6.94,0.0
2025-01-09,14.94,22.65,8.89,0.0
2025-01-10,13.7,20.54,7.93,0.03
2025-01-11,13.96,21.11,8.3,0.01
2025-01-12,15.06,22.21,8.79,0.0
2025-01-13,15.69,24.04,11.1,0.0
2025-01-14,15.88,22.64,10.16,0.0
2025-01-15,14.95,22.18,10.26,0.0
2025-01-16,15.77,23.37,10.08,0.0
2025-01-17,15.77,21.85,11.59,0.0
2025-01-18,15.02,22.4,10.18,0.0
2025-01-19,13.52,19.12,9.45,0.0
2025-01-20,14.37,21.49,9.11,0.0
2025-01-21,16.06,24.82,10.17,0.03
2025-01-22,15.89,22.12,10.97,0.02
2025-01-23,14.48,20.83,9.45,0.0
2025-01-24,14.38,21.77,9.4,0.0
2025-01-25,14.69,22.49,9.14,0.0
2025-01-26,15.01,22.59,10.43,0.0
2025-01-27,14.43,21.69,8.41,0.03
2025-01-28,14.89,20.88,10.62,0.08
2025-01-29,14.47,22.2,8.45,0.0
2025-01-30,14.99,23.99,8.25,0.03
2025-01-31,14.1,21.95,7.87,0.0
2025-02-01,13.49,20.72,7.29,0.0
2025-02-02,13.94,22.08,8.77,0.0
2025-02-03,15.59,23.76,10.2,0.0
2025-02-04,14.26,21.79,8.47,0.0
2025-02-05,14.29,20.58,8.66,0.1
2025-02-06,13.15,18.3,9.78,0.02
2025-02-07,12.76,19.4,8.2,0.09
2025-02-08,11.55,18.32,5.94,0.06
2025-02-09,11.13,16.27,6.51,0.13
2025-02-10,11.98,18.51,6.43,0.02
2025-02-11,11.83,19.14,5.87,0.0
2025-02-12,11.61,18.86,6.3,0.0
2025-02-13,11.25,19.01,5.66,0.0
2025-02-14,11.91,20.44,5.86,0.0
2025-02-15,12.87,22.14,6.1,0.01
2025-02-16,13.6,21.97,6.88,0.0
2025-02-17,14.76,22.77,7.78,0.0
2025-02-18,14.49,23.31,7.0,0.0
2025-02-19,15.02,22.49,9.88,0.0
2025-02-20,12.9,18.97,8.31,0.37
2025-02-21,11.96,18.48,6.82,0.01
2025-02-22,11.33,17.94,6.15,0.01
2025-02-23,10.28,17.45,5.38,0.0
2025-02-24,9.27,15.36,3.82,0.17
2025-02-25,9.57,16.49,2.65,0.0
2025-02-26,11.61,18.47,6.22,0.0
2025-02-27,12.64,21.38,5.3,0.0
2025-02-28,13.12,21.53,6.2,0.0
2025-03-01,13.84,21.56,7.38,0.0
2025-03-02,14.54,23.4,7.23,1.0
2025-03-03,14.46,21.56,8.13,0.75
2025-03-04,14.23,20.46,8.19,2.09
2025-03-05,13.99,20.8,8.14,13.86
2025-03-06,14.34,20.54,9.1,14.4
2025-03-07,15.05,22.61,8.2,0.01
2025-03-08,15.7,23.53,9.0,0.01
2025-03-09,16.67,24.62,10.54,0.0
2025-03-10,17.53,25.82,10.62,0.0
2025-03-11,17.31,26.18,10.24,0.0
2025-03-12,18.33,29.22,9.43,0.0
2025-03-13,21.78,31.84,12.61,0.0
2025-03-14,23.69,32.91,16.09,0.0
2025-03-15,21.09,31.5,12.76,0.0
2025-03-16,22.97,34.68,13.73,0.0
2025-03-17,24.55,34.75,15.96,0.0
2025-03-18,20.86,29.51,13.83,0.04
2025-03-19,17.33,25.52,11.51,0.02
2025-03-20,14.24,20.59,9.74,0.01
2025-03-21,13.78,20.26,9.06,0.09
2025-03-22,13.93,20.67,8.85,0.01
2025-03-23,14.96,23.75,7.15,0.0
2025-03-24,16.88,26.94,8.53,0.0
2025-03-25,20.22,31.22,11.41,0.0
2025-03-26,22.57,33.84,13.31,0.0
2025-03-27,26.39,35.59,17.39,0.0
2025-03-28,23.12,32.76,14.35,0.0
2025-03-29,18.14,25.72,11.35,0.0
2025-03-30,20.09,27.46,11.55,0.0
2025-03-31,22.59,31.06,14.33,0.0
2025-04-01,21.63,28.34,15.07,0.0
2025-04-02,19.68,28.26,11.57,0.0
2025-04-03,19.72,28.04,12.04,0.0
2025-04-04,18.37,25.8,11.94,0.0
2025-04-05,20.59,29.31,11.36,0.0
2025-04-06,22.38,31.05,16.27,0.0
2025-04-07,22.21,29.74,13.12,0.01
2025-04-08,26.23,36.74,18.93,0.0
2025-04-09,20.84,28.42,15.19,0.18
2025-04-10,16.9,23.14,11.47,0.38
2025-04-11,15.29,22.2,8.83,0.02
2025-04-12,16.99,24.52,9.95,0.0
2025-04-13,16.38,22.15,10.44,0.41
2025-04-14,18.13,25.47,11.64,0.01
2025-04-15,18.43,27.51,9.92,0.0
2025-04-16,18.6,28.02,9.8,0.0
2025-04-17,20.89,31.4,11.34,0.0
2025-04-18,22.18,32.61,13.52,0.0
2025-04-19,22.72,33.78,12.09,0.0
2025-04-20,23.45,33.54,14.13,0.0
2025-04-21,27.21,37.06,16.36,0.0
2025-04-22,30.76,39.85,23.12,0.0
2025-04-23,26.84,34.79,19.68,0.0
2025-04-24,20.41,24.08,16.1,0.0
2025-04-25,21.47,29.11,14.46,0.0
2025-04-26,21.87,28.75,14.88,0.0
2025-04-27,22.29,29.99,15.09,0.0
2025-04-28,21.63,30.07,13.75,0.0
2025-04-29,23.14,31.65,14.1,0.0
2025-04-30,23.2,31.49,15.7,0.0
2025-05-01,20.88,28.06,13.45,0.0
2025-05-02,21.0,27.93,14.9,0.0
2025-05-03,20.28,26.27,14.33,0.01
2025-05-04,20.1,26.43,13.93,0.01
2025-05-05,21.98,29.96,13.97,0.0
2025-05-06,25.5,33.56,17.32,0.0
2025-05-07,26.63,36.0,17.33,0.0
2025-05-08,26.38,36.19,16.97,0.0
2025-05-09,28.16,38.18,18.29,0.0
2025-05-10,28.88,38.1,20.25,0.0
2025-05-11,31.67,41.74,22.06,0.0
2025-05-12,25.62,33.4,19.06,0.0
2025-05-13,28.29,37.11,20.88,0.0
2025-05-14,24.23,31.41,18.04,0.0
2025-05-15,23.65,31.74,15.09,0.0
2025-05-16,29.17,39.46,18.39,0.0
2025-05-17,32.46,43.09,21.68,0.0
2025-05-18,26.93,36.08,20.1,0.0
2025-05-19,24.35,33.42,17.07,0.0
2025-05-20,22.93,32.42,14.63,0.0
2025-05-21,23.47,32.71,15.45,0.66
2025-05-22,24.22,34.34,14.87,6.19
2025-05-23,26.18,36.7,15.61,0.0
2025-05-24,28.7,39.02,19.23,0.0
2025-05-25,30.33,39.88,20.97,0.0
2025-05-26,29.23,39.98,19.61,0.0
2025-05-27,24.1,31.47,18.15,1.18
2025-05-28,23.84,32.59,15.32,0.0
2025-05-29,25.42,33.02,17.84,0.0
2025-05-30,26.44,33.42,18.23,0.0
2025-05-31,26.08,32.7,19.82,0.0
2025-06-01,25.73,32.94,18.87,0.0
2025-06-02,24.85,32.07,18.11,0.0
2025-06-03,25.08,33.53,16.57,0.0
2025-06-04,26.62,35.67,17.09,0.0
2025-06-05,27.24,36.81,17.57,0.0
2025-06-06,28.19,38.0,17.9,0.0
2025-06-07,28.35,38.35,18.51,0.0
2025-06-08,27.89,37.54,18.28,0.0
2025-06-09,28.56,37.74,18.6,0.0
2025-06-10,29.4,39.25,19.96,0.0
2025-06-11,29.06,38.38,18.82,0.0
2025-06-12,29.42,38.65,20.27,0.0
2025-06-13,29.56,39.67,19.67,0.0
2025-06-14,28.65,38.78,19.43,0.0
2025-06-15,27.19,36.45,18.65,0.0
2025-06-16,26.46,35.97,17.55,0.0
2025-06-17,27.88,36.53,20.08,0.0
2025-06-18,28.57,36.98,19.73,0.0
2025-06-19,28.28,37.09,18.67,0.0
2025-06-20,28.67,38.18,18.61,0.0
2025-06-21,28.91,37.9,19.57,0.0
2025-06-22,28.27,37.85,19.61,0.0
2025-06-23,27.55,36.1,19.8,0.0
2025-06-24,28.37,37.43,19.18,0.0
2025-06-25,28.64,37.18,19.75,0.42
2025-06-26,28.09,36.38,18.72,0.78
2025-06-27,29.1,37.46,20.06,0.74
2025-06-28,29.55,38.82,20.4,1.99
2025-06-29,29.53,38.93,20.21,0.82
2025-06-30,29.92,38.37,20.9,0.0
2025-07-01,31.27,38.45,24.64,0.09
2025-07-02,30.01,37.86,22.55,0.61
2025-07-03,30.81,39.33,21.56,0.66
2025-07-04,30.51,38.81,23.08,0.48
2025-07-05,29.81,38.9,20.67,0.0
2025-07-06,29.76,39.12,20.41,0.0
2025-07-07,30.07,39.98,19.93,0.0
2025-07-08,29.75,39.44,19.96,0.0
2025-07-09,29.31,38.64,19.51,0.0
2025-07-10,30.62,40.27,20.31,0.0
2025-07-11,30.24,39.01,21.38,0.0
2025-07-12,30.06,38.45,22.53,0.0
2025-07-13,29.38,38.07,21.87,0.0
2025-07-14,28.64,37.27,20.34,0.0
2025-07-15,29.19,37.49,20.44,0.0
2025-07-16,31.36,39.72,22.62,0.0
2025-07-17,32.55,40.74,24.23,0.0
2025-07-18,32.4,40.05,24.42,0.0
2025-07-19,30.66,38.75,22.61,0.0
2025-07-20,30.01,38.7,21.26,0.0
2025-07-21,30.74,38.98,22.32,0.0
2025-07-22,32.28,40.96,23.11,0.0
2025-07-23,33.45,42.14,24.24,0.0
2025-07-24,33.08,41.72,23.86,0.0
2025-07-25,33.12,42.03,24.88,0.0
2025-07-26,33.2,43.04,23.2,0.0
2025-07-27,33.87,42.66,25.08,0.0
2025-07-28,32.88,41.39,24.69,0.0
2025-07-29,31.41,40.13,23.98,0.0
2025-07-30,30.0,38.03,22.83,0.0
2025-07-31,29.49,37.0,23.09,0.0
2025-08-01,29.31,36.83,22.29,0.0
2025-08-02,29.7,36.61,22.69,0.0
2025-08-03,30.26,37.24,23.71,0.0
2025-08-04,30.02,36.93,23.16,0.0
2025-08-05,29.66,37.22,22.39,0.0
2025-08-06,29.63,38.86,21.33,0.0
2025-08-07,28.73,37.25,21.5,0.0
2025-08-08,29.91,37.91,22.28,0.0
2025-08-09,31.41,39.67,23.62,0.0
2025-08-10,33.12,41.7,24.51,0.0
2025-08-11,33.57,42.28,25.02,0.0
2025-08-12,34.12,43.33,26.29,0.0
2025-08-13,34.41,44.52,25.53,0.0
2025-08-14,33.69,43.94,25.19,0.0
2025-08-15,32.52,41.58,24.66,0.0
2025-08-16,30.23,37.94,23.99,0.0
2025-08-17,29.48,37.87,23.04,0.0
2025-08-18,30.7,39.77,21.52,0.0
2025-08-19,33.45,41.49,25.55,0.0
2025-08-20,30.87,38.12,25.05,0.0
2025-08-21,30.53,38.54,22.68,0.0
2025-08-22,30.73,39.32,22.58,0.0
2025-08-23,31.08,40.8,21.83,0.0
2025-08-24,30.59,40.14,22.02,0.0
2025-08-25,29.3,37.34,22.52,0.0
2025-08-26,28.56,36.54,21.12,0.0
2025-08-27,27.93,36.45,20.82,0.0
2025-08-28,28.32,35.53,20.97,0.0
2025-08-29,29.35,36.79,22.05,0.0
2025-08-30,29.33,37.43,21.98,0.0
2025-08-31,29.35,38.69,20.41,0.0
2025-09-01,30.67,39.27,23.03,0.0
2025-09-02,29.23,38.34,22.26,0.0
2025-09-03,28.18,36.33,20.4,0.38
2025-09-04,29.12,37.26,21.23,0.0
2025-09-05,29.72,38.44,20.86,1.66
2025-09-06,29.13,36.68,22.54,1.61
2025-09-07,28.28,35.57,20.95,1.06
2025-09-08,27.9,34.78,22.57,0.0
2025-09-09,26.99,34.55,19.88,0.0
2025-09-10,27.12,34.46,20.18,0.0
2025-09-11,27.67,35.76,20.31,0.0
2025-09-12,27.83,37.18,18.94,0.0
2025-09-13,28.1,37.26,19.65,0.0
2025-09-14,28.7,38.07,20.24,0.0
2025-09-15,27.55,36.0,20.0,0.0
2025-09-16,26.62,33.9,20.73,0.0
2025-09-17,27.41,34.88,20.89,0.0
2025-09-18,27.73,36.29,20.26,0.01
2025-09-19,27.17,35.06,20.03,0.0
2025-09-20,27.01,34.42,21.14,0.01
2025-09-21,26.3,33.56,19.43,0.0
2025-09-22,25.85,32.66,18.71,0.0
2025-09-23,26.52,33.87,20.21,0.0
2025-09-24,25.62,33.03,19.0,0.0
2025-09-25,24.92,32.38,18.03,0.0
2025-09-26,26.14,34.05,19.01,0.0
2025-09-27,26.27,34.55,18.86,0.0
2025-09-28,26.43,34.6,19.36,0.0
2025-09-29,26.39,35.22,18.56,0.0
2025-09-30,26.97,35.31,19.48,0.0
2025-10-01,25.5,33.72,18.15,0.0
2025-10-02,27.66,37.05,18.97,0.0
2025-10-03,26.72,34.58,20.04,0.0
2025-10-04,25.96,33.22,19.44,0.0
2025-10-05,24.93,31.91,19.64,0.0
2025-10-06,23.42,30.67,16.65,0.0
2025-10-07,24.39,31.86,17.35,0.0
2025-10-08,25.23,32.54,19.04,0.01
2025-10-09,23.28,29.49,17.25,0.0
2025-10-10,22.99,29.86,16.96,0.0
2025-10-11,22.78,30.31,15.99,0.0
2025-10-12,22.74,30.24,16.82,0.0
2025-10-13,22.65,30.51,15.84,0.0
2025-10-14,22.95,30.52,16.34,0.0
2025-10-15,22.83,29.88,16.86,0.0
2025-10-16,22.77,30.38,16.3,0.0
2025-10-17,22.53,30.27,16.61,0.0
2025-10-18,22.05,30.91,15.07,0.0
2025-10-19,22.67,31.61,15.25,0.0
2025-10-20,24.03,33.45,16.39,0.0
2025-10-21,24.68,33.67,17.57,0.0
2025-10-22,25.34,34.68,18.4,0.0
2025-10-23,25.16,34.16,17.55,0.0
2025-10-24,24.98,33.01,19.01,0.0
2025-10-25,25.24,33.36,18.61,0.0
2025-10-26,24.14,31.19,18.09,0.0
2025-10-27,23.9,31.07,18.54,0.0
2025-10-28,23.16,30.96,16.89,0.0
2025-10-29,22.51,30.98,15.92,0.0
2025-10-30,22.68,29.78,17.49,0.0
2025-10-31,23.67,31.8,18.21,0.0
2025-11-01,23.73,32.42,16.95,0.0
2025-11-02,24.31,32.48,18.36,0.15
2025-11-03,24.96,30.79,21.19,0.01
2025-11-04,25.61,33.86,19.53,0.0
2025-11-05,24.66,32.3,19.15,0.0
2025-11-06,22.3,28.8,17.28,0.0
2025-11-07,21.93,29.15,16.48,0.0
2025-11-08,22.03,29.18,15.89,0.0
2025-11-09,23.27,30.65,17.75,0.0
2025-11-10,23.59,31.36,18.12,0.0
2025-11-11,21.23,27.25,16.43,0.0
2025-11-12,19.56,26.31,13.54,0.01
2025-11-13,19.45,25.71,14.66,0.31
2025-11-14,18.36,23.74,14.08,0.49
2025-11-15,18.3,25.69,12.08,0.0
2025-11-16,19.04,25.35,14.1,0.12
2025-11-17,18.92,25.55,14.08,0.0
2025-11-18,18.45,26.65,11.62,0.0
2025-11-19,20.62,30.07,13.19,0.0
2025-11-20,22.02,30.63,15.54,0.0
2025-11-21,24.09,33.38,17.89,0.0
2025-11-22,24.78,33.99,18.02,0.0
2025-11-23,24.8,33.78,18.7,0.0
2025-11-24,20.66,26.46,16.12,0.0
2025-11-25,18.42,24.05,14.26,0.0
2025-11-26,17.2,23.89,11.96,0.0
2025-11-27,17.86,25.65,11.97,0.0
2025-11-28,18.1,24.51,12.77,0.0
2025-11-29,18.36,23.38,14.88,0.0
2025-11-30,15.63,22.46,9.22,0.55
2025-12-01,16.6,23.08,11.52,2.02
2025-12-02,16.95,23.88,11.53,0.21
2025-12-03,17.85,24.6,13.53,0.0
2025-12-04,18.83,26.92,12.85,0.0
2025-12-05,18.58,25.38,13.92,0.0
2025-12-06,15.56,22.41,11.08,0.0
2025-12-07,13.28,19.91,8.0,0.0
2025-12-08,13.69,19.98,8.18,0.08
2025-12-09,13.93,19.75,8.32,0.36
2025-12-10,15.58,20.36,12.12,0.43
2025-12-11,15.28,21.36,10.62,0.12
2025-12-12,15.76,20.92,11.48,0.03
2025-12-13,15.87,21.65,9.96,0.02
2025-12-14,17.01,21.57,13.29,0.1
2025-12-15,15.42,21.18,10.91,0.33
2025-12-16,15.78,21.7,11.55,0.07
2025-12-17,14.68,20.3,9.7,0.0
2025-12-18,13.44,21.44,7.76,0.0
2025-12-19,13.87,21.6,7.88,0.0
2025-12-20,15.53,24.05,9.53,0.0
2025-12-21,14.96,22.67,10.43,0.0
2025-12-22,13.19,21.02,8.01,0.0
2025-12-23,12.37,20.48,6.09,0.0
2025-12-24,14.42,22.06,8.88,0.0
2025-12-25,14.99,22.71,9.21,0.0
2025-12-26,14.38,22.01,8.76,0.0
2025-12-27,13.67,20.97,8.41,0.11
2025-12-28,12.96,19.19,9.13,0.72
2025-12-29,13.75,20.18,7.69,0.06
2025-12-30,14.61,20.58,10.27,0.0
2025-12-31,13.63,20.03,8.82,0.0
2026-01-01,13.01,19.97,8.59,0.09
2026-01-02,12.61,17.98,7.14,0.39
2026-01-03,10.72,18.49,4.72,0.0
2026-01-04,12.54,18.95,6.09,0.04
2026-01-05,14.13,22.65,9.35,0.0
2026-01-06,14.03,21.68,6.33,0.0
2026-01-07,16.66,25.75,9.75,0.0
2026-01-08,17.65,26.86,11.76,0.0
2026-01-09,14.18,18.88,9.26,0.21
2026-01-10,13.27,20.53,7.29,0.01
2026-01-11,14.35,21.13,9.15,0.0
2026-01-12,12.48,18.34,6.74,0.01
2026-01-13,11.51,16.64,6.35,0.04
2026-01-14,12.53,18.12,7.89,0.02
2026-01-15,13.36,19.91,8.73,0.05
2026-01-16,12.74,19.52,7.04,0.0
2026-01-17,12.79,19.9,8.0,0.0
2026-01-18,13.32,20.36,7.68,0.0
2026-01-19,12.51,18.9,7.35,0.0
2026-01-20,12.64,18.7,7.38,0.0
2026-01-21,16.3,25.0,9.65,0.0
2026-01-22,17.46,21.65,14.29,0.0
2026-01-23,13.28,20.82,7.31,0.0
2026-01-24,13.24,21.8,6.9,0.0
2026-01-25,15.94,23.92,9.27,0.0
2026-01-26,15.4,24.34,9.51,0.0
2026-01-27,12.13,19.43,5.63,0.0
2026-01-28,12.87,20.22,7.71,0.0
2026-01-29,13.09,20.52,6.43,0.0
2026-01-30,15.31,23.88,10.13,0.0
2026-01-31,17.4,26.65,10.95,0.0
2026-02-01,17.13,22.42,13.22,0.0
2026-02-02,15.23,22.81,9.69,0.0
2026-02-03,14.07,21.8,8.35,0.0
2026-02-04,13.63,21.73,7.63,0.0
2026-02-05,15.75,24.36,8.16,0.0
2026-02-06,19.56,27.56,13.67,0.0
2026-02-07,19.3,28.34,12.77,0.0
2026-02-08,20.84,30.76,14.15,0.0
2026-02-09,18.63,26.45,12.79,0.0
2026-02-10,17.23,25.38,10.57,0.0
2026-02-11,15.59,23.55,8.9,0.0
2026-02-12,17.1,24.07,10.86,0.0
2026-02-13,20.0,27.46,14.93,0.0
2026-02-14,16.8,24.06,10.28,0.0
2026-02-15,19.74,30.78,10.11,0.0
2026-02-16,19.9,29.58,12.65,0.0
2026-02-17,16.21,22.66,11.19,0.01
2026-02-18,14.81,22.09,9.6,0.0
2026-02-19,14.15,22.16,7.23,0.0
2026-02-20,14.45,23.57,7.22,0.0
2026-02-21,13.76,22.42,7.03,0.01
2026-02-22,15.11,22.47,9.49,0.0
2026-02-23,13.64,19.37,8.84,0.07
2026-02-24,14.97,22.06,9.88,0.02
2026-02-25,15.11,22.87,9.82,0.0
2026-02-26,14.07,21.8,8.43,0.06
2026-02-27,13.42,20.94,7.82,0.01
2026-02-28,12.37,19.62,6.06,0.0
2026-03-01,12.6,19.82,5.44,0.0
2026-03-02,12.38,18.61,6.85,0.56
2026-03-03,13.71,21.65,6.54,0.01
2026-03-04,14.25,22.18,7.1,0.0
2026-03-05,14.55,23.06,7.86,0.01
2026-03-06,14.78,23.33,7.7,0.02
2026-03-07,15.38,23.36,9.08,0.0
2026-03-08,15.05,23.05,8.04,0.0
2026-03-09,14.64,22.42,7.83,0.0
2026-03-10,14.37,22.59,7.37,0.0
2026-03-11,15.16,24.01,7.44,0.0
2026-03-12,16.48,25.69,8.33,0.0
2026-03-13,19.58,29.36,10.98,0.01
2026-03-14,19.14,24.64,12.34,0.0
2026-03-15,15.6,22.84,10.79,0.02
2026-03-16,16.74,24.56,10.6,0.0
2026-03-17,18.13,27.28,9.51,0.0
2026-03-18,20.6,29.06,13.87,0.01
2026-03-19,16.9,23.22,12.56,0.29
2026-03-20,17.78,25.15,10.33,0.0
2026-03-21,14.7,18.8,11.37,0.45
2026-03-22,15.5,22.63,9.94,0.0
2026-03-23,15.83,23.72,9.58,0.44
2026-03-24,17.19,23.37,11.25,0.09
2026-03-25,14.06,17.69,11.19,3.99
2026-03-26,14.72,20.43,10.0,1.0
2026-03-27,15.93,23.7,8.28,0.0
2026-03-28,19.69,27.72,10.21,0.67
2026-03-29,16.79,23.2,10.81,3.81
2026-03-30,15.65,23.25,8.83,0.0
2026-03-31,18.06,25.82,10.27,0.0
2026-04-01,22.25,26.16,17.58,3.78
2026-04-02,19.78,24.71,13.55,0.18
2026-04-03,18.56,26.38,11.42,0.0
2026-04-04,17.5,25.71,10.58,0.0
2026-04-05,19.08,27.46,12.32,0.0
2026-04-06,18.47,25.97,11.28,0.01
2026-04-07,18.76,25.22,13.06,0.0
2026-04-08,17.45,25.14,10.94,0.0
2026-04-09,18.76,27.25,9.86,0.0
2026-04-10,19.05,26.96,11.38,0.0
2026-04-11,18.93,27.32,11.04,0.0
2026-04-12,19.87,28.21,12.58,0.0
2026-04-13,20.04,29.04,10.85,0.0
2026-04-14,21.2,31.84,12.0,0.0
2026-04-15,22.47,33.22,14.75,0.0
2026-04-16,27.68,38.74,16.31,0.0
2026-04-17,23.65,29.84,17.23,0.0
2026-04-18,21.46,27.68,16.2,0.0
2026-04-19,21.09,29.2,14.03,0.0
2026-04-20,18.93,26.65,11.9,0.0
2026-04-21,19.08,27.54,10.8,0.0
2026-04-22,20.11,29.7,10.83,0.0
2026-04-23,21.63,30.9,12.15,0.0
2026-04-24,22.14,29.86,13.54,0.0
2026-04-25,25.16,34.69,15.6,0.0
2026-04-26,21.9,28.94,15.81,0.0
2026-04-27,20.83,28.43,14.84,0.01
2026-04-28,22.3,30.93,14.58,0.01
2026-04-29,22.37,30.5,14.35,0.0
2026-04-30,21.82,30.5,13.66,0.0
2026-05-01,22.85,32.49,12.97,0.0
2026-05-02,26.28,35.56,17.3,0.0
2026-05-03,20.22,27.46,13.8,0.06
2026-05-04,17.7,25.07,10.42,0.01
2026-05-05,18.09,25.61,10.98,0.01
2026-05-06,19.23,27.29,11.59,0.0
2026-05-07,19.85,28.9,11.89,0.0
2026-05-08,21.27,31.14,12.63,0.0
2026-05-09,23.9,33.76,14.44,0.0
2026-05-10,25.36,35.27,15.42,0.0
2026-05-11,26.9,36.44,16.31,0.0
2026-05-12,29.12,40.23,19.46,0.0
2026-05-13,25.64,36.18,14.98,0.0
2026-05-14,29.28,38.87,20.15,0.0
2026-05-15,23.6,31.03,17.5,0.0
2026-05-16,24.1,32.92,15.3,0.0
2026-05-17,31.14,41.26,20.45,0.0
2026-05-18,28.94,37.22,21.88,0.0
2026-05-19,27.96,36.84,19.58,0.0
2026-05-20,23.99,30.91,17.05,0.0
2026-05-21,22.25,29.83,14.78,0.0
2026-05-22,23.83,31.43,16.26,0.0
2026-05-23,24.97,32.1,17.42,0.0
2026-05-24,24.89,32.28,17.46,0.0
2026-05-25,24.36,32.05,16.43,0.0
2026-05-26,24.06,31.5,16.68,0.0
2026-05-27,24.94,32.64,17.31,0.0
2026-05-28,25.91,33.14,18.25,0.0
2026-05-29,26.38,33.91,18.76,0.0
2026-05-30,26.52,34.38,18.37,0.0
2026-05-31,27.03,35.14,18.28,0.0
2026-06-01,28.23,36.08,19.44,0.0
2026-06-02,29.67,37.96,20.48,0.0
2026-06-03,30.16,37.54,22.16,0.0
2026-06-04,28.94,37.06,20.47,0.0
2026-06-05,29.07,37.08,20.49,0.0
2026-06-06,29.13,38.19,21.52,0.0
2026-06-07,27.16,35.81,18.78,0.0
2026-06-08,29.51,38.48,19.28,0.0
2026-06-09,30.2,38.96,21.2,0.0
2026-06-10,29.0,37.61,20.79,0.0
2026-06-11,28.94,37.36,20.0,0.0
2026-06-12,28.9,37.01,20.43,0.0
2026-06-13,29.12,37.81,19.96,0.0
2026-06-14,27.87,35.92,21.22,0.0
2026-06-15,27.0,35.7,18.43,0.0
2026-06-16,28.09,36.59,19.51,0.0
2026-06-17,28.35,36.78,19.91,0.0
2026-06-18,28.25,36.0,20.43,0.0
2026-06-19,28.52,35.67,21.71,0.0
2026-06-20,28.39,36.27,20.43,0.0
2026-06-21,27.77,36.41,20.25,0.0
2026-06-22,27.56,35.72,19.17,0.0
2026-06-23,28.21,36.97,19.87,0.0
2026-06-24,28.66,37.67,19.95,0.0
2026-06-25,28.69,37.81,19.43,0.0
2026-06-26,28.92,37.64,20.09,0.0
2026-06-27,29.57,37.79,20.33,0.0
2026-06-28,30.94,39.15,21.99,0.0
2026-06-29,31.74,39.66,22.42,0.0
2026-06-30,30.93,39.38,22.75,0.0
2026-07-01,30.97,39.42,22.52,0.0
2026-07-02,30.64,38.75,22.33,0.0
2026-07-03,30.85,38.63,22.43,0.0
2026-07-04,30.96,38.82,23.29,0.0
2026-07-05,31.08,38.86,22.8,0.0
2026-07-06,31.99,38.95,25.65,0.0
2026-07-07,29.93,37.7,22.81,0.0
2026-07-08,28.76,36.18,21.03,0.0
2026-07-09,29.05,36.18,21.21,0.0
2026-07-10,30.59,37.73,23.01,0.0
2026-07-11,30.59,38.14,22.47,0.0
2026-07-12,29.92,38.59,22.0,0.0
2026-07-13,29.78,38.09,20.93,0.0
2026-07-14,30.68,39.79,21.35,0.0
2026-07-15,29.72,37.66,22.33,0.0
2026-07-16,29.84,37.43,22.0,0.0
2026-07-17,30.5,37.87,22.57,0.0
2026-07-18,31.9,39.14,24.15,0.0
2026-07-19,32.83,40.39,24.51,0.0
2026-07-20,33.54,41.03,25.25,0.0
2026-07-21,32.81,40.69,24.27,0.0
2026-07-22,33.14,41.83,24.23,0.0
2026-07-23,33.55,42.5,24.01,0.0
2026-07-24,31.32,38.52,24.61,0.0
2026-07-25,32.6,42.57,24.34,0.0
2026-07-26,29.72,36.52,23.01,0.0
2026-07-27,30.22,37.88,22.71,0.0
2026-07-28,31.19,39.36,22.34,0.0
2026-07-29,32.13,39.82,23.57,0.0
2026-07-30,32.64,40.69,24.84,0.0
2026-07-31,31.88,39.48,24.36,0.0
2026-08-01,32.69,40.36,25.01,0.0
2026-08-02,33.21,40.69,25.27,0.0
2026-08-03,32.36,39.9,24.9,0.0
2026-08-04,31.37,39.25,23.91,0.0
2026-08-05,30.82,38.61,23.96,0.0
2026-08-06,30.72,38.57,22.03,0.0
2026-08-07,31.07,38.15,24.07,0.0
2026-08-08,31.18,38.51,23.19,0.0
2026-08-09,31.46,38.96,23.59,0.0
2026-08-10,32.73,39.79,24.81,0.0
2026-08-11,33.83,41.66,25.52,0.0
