date,temperature,temp_max,temp_min,precipitation,humidity,wind_speed,cloud_cover
2024-01-01,10.4,14.35,5.78,5.57,83.23,4.38,81.75
2024-01-02,8.62,12.26,3.67,0.0,77.19,2.93,32.55
2024-01-03,10.92,14.84,6.85,3.94,79.67,4.0,57.32
2024-01-04,11.14,17.4,6.55,0.0,72.56,4.41,41.09
2024-01-05,7.36,10.89,2.22,8.14,70.63,3.8,91.58
2024-01-06,8.19,12.25,3.61,14.47,86.43,4.86,100.0
2024-01-07,10.03,13.62,6.16,0.0,77.84,5.85,30.31
2024-01-08,9.44,13.27,4.78,4.52,80.72,3.24,73.54
2024-01-09,9.81,15.17,5.13,0.0,74.94,3.18,21.69
2024-01-10,8.72,12.94,3.32,7.74,85.32,3.29,82.5
2024-01-11,10.96,16.17,7.03,0.0,67.87,5.27,37.43
2024-01-12,10.83,16.1,6.76,0.0,72.7,4.82,25.26
2024-01-13,9.9,15.95,4.87,0.0,69.97,3.88,32.9
2024-01-14,11.28,14.79,7.01,29.75,90.51,4.01,56.26
2024-01-15,10.42,16.48,5.58,27.88,86.03,3.33,91.12
2024-01-16,10.365,14.06,4.55,15.57,70.63,4.69,70.75
2024-01-17,10.31,14.3,6.77,0.0,68.07,3.67,34.58
2024-01-18,8.59,14.41,3.73,4.03,80.97,3.76,62.88
2024-01-19,10.99,17.06,7.67,15.43,79.26,4.46,73.01
2024-01-20,9.8,14.07,6.31,9.63,74.98,3.81,76.64
2024-01-21,9.65,15.9,5.08,5.68,91.31,3.77,79.86
2024-01-22,10.585,13.89,4.15,0.0,77.13,3.97,40.76
2024-01-23,11.52,16.83,6.28,17.2,83.93,4.59,97.27
2024-01-24,9.75,16.21,6.07,21.81,78.07,5.27,88.79
2024-01-25,9.43,14.01,6.15,0.0,79.12,4.41,46.55
2024-01-26,10.085,15.5,4.17,0.0,73.58,4.58,52.35
2024-01-27,10.74,15.19,7.35,5.79,80.03,3.78,86.84
2024-01-28,10.56,16.45,7.06,0.0,78.47,3.37,34.56
2024-01-29,10.66,15.96,6.93,0.0,67.24,4.45,47.11
2024-01-30,10.72,14.87,6.4,18.55,89.34,4.06,92.88
2024-01-31,12.99,17.73,7.78,0.0,76.23,2.78,42.78
2024-02-01,9.72,14.17,4.82,0.0,81.68,3.65,17.54
2024-02-02,9.63,13.36,4.86,0.0,69.85,3.84,24.9
2024-02-03,9.29,12.88,5.85,0.0,70.57,3.49,31.7
2024-02-04,11.2,15.74,7.3,0.0,69.33,5.08,44.36
2024-02-05,11.92,15.48,7.72,1.85,82.34,4.27,79.74
2024-02-06,10.36,14.36,6.99,0.0,75.37,4.98,48.64
2024-02-07,9.48,15.15,5.79,0.0,72.67,4.09,50.78
2024-02-08,9.56,15.18,5.79,0.0,69.87,3.94,49.39
2024-02-09,11.54,17.25,8.22,0.0,68.55,3.11,49.47
2024-02-10,11.73,16.18,7.35,16.87,80.58,3.87,67.56
2024-02-11,11.53,17.7,6.77,0.0,72.43,3.86,40.79
2024-02-12,10.03,15.31,6.86,8.43,77.27,2.75,72.71
2024-02-13,11.27,15.15,7.07,0.0,82.37,3.4,15.21
2024-02-14,11.2,15.13,6.24,0.0,74.16,3.57,31.55
2024-02-15,11.41,16.99,6.54,0.0,80.85,4.15,50.9
2024-02-16,12.33,16.35,7.3,0.0,71.76,4.18,40.53
2024-02-17,11.57,16.6,7.45,0.0,75.58,3.34,59.21
2024-02-18,12.25,18.72,7.2,0.0,74.0,4.17,37.13
2024-02-19,11.54,15.05,7.94,0.0,65.72,3.65,64.37
2024-02-20,11.92,15.47,8.01,0.0,81.27,1.49,37.13
2024-02-21,10.875,18.93,9.01,0.0,73.37,3.39,35.27
2024-02-22,9.83,15.08,5.66,37.86,83.7,4.63,64.65
2024-02-23,11.4,15.28,7.42,0.0,70.12,2.41,48.33
2024-02-24,11.3,17.49,7.7,36.71,78.97,3.84,73.97
2024-02-25,11.18,17.32,6.3,0.0,69.38,5.01,27.24
2024-02-26,11.75,16.86,7.96,0.0,79.8,3.13,50.37
2024-02-27,14.15,19.52,10.47,0.0,75.09,3.73,48.9
2024-02-28,11.18,15.5,7.86,4.89,81.28,2.67,93.58
2024-02-29,10.754999999999999,15.559999999999999,7.220000000000001,0.0,80.155,3.15,63.985
2024-03-01,10.33,15.62,6.58,0.0,79.03,3.63,34.39
2024-03-02,12.19,16.58,8.27,5.46,82.98,3.73,79.28
2024-03-03,12.95,18.44,9.36,8.43,71.95,4.76,89.39
2024-03-04,13.61,19.62,8.7,0.0,69.48,4.2,53.64
2024-03-05,13.89,17.44,8.56,0.0,67.84,2.96,39.42
2024-03-06,14.11,19.4,9.86,22.91,82.39,3.14,100.0
2024-03-07,12.74,16.93,8.13,3.53,79.51,4.04,90.77
2024-03-08,12.71,18.83,7.54,0.0,65.59,3.13,32.18
2024-03-09,14.55,18.81,9.05,0.0,71.5,1.93,44.94
2024-03-10,13.3,18.64,8.77,0.0,64.86,3.57,55.47
2024-03-11,12.02,17.18,6.79,0.0,77.96,2.42,100.0
2024-03-12,12.32,17.01,7.05,10.28,69.84,4.89,94.24
2024-03-13,12.73,18.26,7.75,11.38,80.65,3.73,80.31
2024-03-14,14.7,20.37,10.54,0.0,73.78,2.85,32.4
2024-03-15,14.36,19.56,11.16,7.12,87.31,3.01,86.91
2024-03-16,15.2,20.98,12.16,6.82,81.9,2.04,100.0
2024-03-17,13.88,20.33,9.69,0.0,69.43,2.67,40.21
2024-03-18,14.77,19.53,10.54,0.0,75.52,4.35,40.45
2024-03-19,15.51,20.56,11.49,0.0,64.32,5.31,35.62
2024-03-20,14.43,17.97,10.01,0.0,66.38,4.1,31.07
2024-03-21,15.56,21.45,11.18,0.0,72.74,3.43,33.05
2024-03-22,14.24,19.3,9.15,0.0,60.16,3.15,36.63
2024-03-23,14.77,19.49,11.49,2.21,76.64,2.72,100.0
2024-03-24,14.88,18.66,11.32,0.0,65.6,5.12,32.12
2024-03-25,13.96,20.13,8.98,0.0,71.09,3.31,35.63
2024-03-26,16.29,20.97,11.17,0.0,65.07,5.15,24.62
2024-03-27,15.18,20.73,9.7,0.0,72.45,4.56,43.6
2024-03-28,15.95,19.9,10.77,0.0,70.3,2.04,51.4
2024-03-29,16.7,23.08,11.47,10.93,83.08,2.89,99.49
2024-03-30,16.8,20.83,13.01,0.0,69.99,2.88,37.44
2024-03-31,17.22,21.32,13.22,9.09,71.98,3.34,86.89
2024-04-01,16.37,22.45,12.7,0.0,68.46,3.34,33.16
2024-04-02,16.1,22.33,11.58,0.0,62.85,5.78,41.34
2024-04-03,15.420000000000002,20.82,11.34,0.89,77.47,2.51,83.77
2024-04-04,14.74,19.65,10.88,0.0,72.26,3.55,35.7
2024-04-05,15.2,20.9,10.81,0.0,81.53,3.84,36.65
2024-04-06,15.51,21.64,11.77,0.0,65.94,3.34,40.42
2024-04-07,16.08,20.71,12.65,0.0,73.58,3.42,76.47
2024-04-08,18.04,23.09,14.55,2.98,71.91,2.49,77.09
2024-04-09,16.49,22.21,13.34,0.0,69.72,3.4,55.49
2024-04-10,17.32,23.01,11.95,0.0,76.43,3.71,100.0
2024-04-11,19.65,25.5,15.64,0.0,68.13,3.55,20.55
2024-04-12,17.64,22.85,12.56,0.0,73.69,3.74,19.89
2024-04-13,19.21,23.03,14.51,12.33,71.05,4.4,68.51
2024-04-14,17.19,23.4,13.71,4.59,78.93,4.01,78.76
2024-04-15,18.28,24.38,14.84,0.0,70.56,3.31,45.75
2024-04-16,17.46,23.35,12.43,0.0,67.68,2.3,42.1
2024-04-17,18.4,22.2,14.74,0.0,66.03,2.75,37.06
2024-04-18,20.08,24.19,14.8,0.0,79.61,3.04,41.35
2024-04-19,16.89,22.62,13.54,0.0,63.26,3.41,26.69
2024-04-20,19.85,23.42,15.15,14.17,74.7,2.82,77.07
2024-04-21,19.74,26.17,14.7,0.0,63.33,2.44,34.76
2024-04-22,18.8,23.43,15.21,0.0,75.88,2.23,15.99
2024-04-23,17.84,23.5,14.15,0.0,71.25,1.85,21.06
2024-04-24,19.96,26.12,14.55,0.0,63.3,2.97,21.54
2024-04-25,19.32,24.0,15.66,0.0,69.12,1.98,44.17
2024-04-26,20.46,24.91,16.38,12.01,73.72,2.34,82.94
2024-04-27,20.33,25.65,16.24,10.74,69.72,2.82,87.33
2024-04-28,22.52,27.77,18.89,10.38,75.97,2.06,57.92
2024-04-29,20.27,25.0,15.33,0.0,67.99,3.42,17.2
2024-04-30,19.39,24.7,14.46,0.0,67.0,3.7,42.96
2024-05-01,21.1,27.41,17.15,0.0,65.58,2.66,1.66
2024-05-02,21.29,26.2,16.21,17.31,73.82,2.74,94.7
2024-05-03,22.91,27.0,19.38,0.0,66.69,3.51,13.12
2024-05-04,22.37,27.0,19.36,0.0,65.72,2.5,45.12
2024-05-05,21.89,26.57,17.46,9.46,68.09,2.44,69.34
2024-05-06,23.46,27.36,17.98,10.4,79.64,4.01,92.59
2024-05-07,20.15,24.14,17.06,6.86,65.8,3.75,100.0
2024-05-08,21.0,26.56,17.48,0.0,67.07,3.52,7.72
2024-05-09,20.76,25.28,16.47,0.0,63.21,3.77,43.34
2024-05-10,21.59,27.96,16.57,0.0,73.49,1.44,13.3
2024-05-11,20.44,24.67,17.22,0.0,60.06,4.1,40.12
2024-05-12,23.19,26.99,19.2,0.0,60.78,3.32,32.52
2024-05-13,22.21,27.97,17.34,0.0,59.49,3.81,36.56
2024-05-14,20.71,26.85,16.78,0.0,65.84,3.3,24.06
2024-05-15,21.43,25.76,17.96,0.0,57.25,3.02,44.37
2024-05-16,23.28,27.39,19.8,10.14,67.61,2.76,62.62
2024-05-17,24.09,28.15,20.07,0.0,53.12,3.26,49.9
2024-05-18,25.72,30.79,21.52,2.07,70.98,2.71,75.09
2024-05-19,27.04,31.94,21.88,0.0,61.17,3.65,18.17
2024-05-20,23.91,28.19,19.3,0.0,56.12,1.68,54.14
2024-05-21,22.2,25.84,17.47,0.0,68.88,2.51,34.19
2024-05-22,20.83,25.78,15.38,0.0,56.81,4.57,57.89
2024-05-23,24.07,30.45,20.04,0.0,67.23,2.43,49.66
2024-05-24,22.78,28.24,18.77,0.0,59.64,2.73,25.42
2024-05-25,23.41,28.4,18.1,0.0,71.05,2.21,33.98
2024-05-26,23.26,27.1,19.65,0.0,66.69,3.18,36.45
2024-05-27,23.99,28.24,19.16,0.0,57.8,2.31,53.32
2024-05-28,25.66,30.05,20.78,0.0,58.16,2.75,40.25
2024-05-29,24.59,30.38,21.34,0.0,65.68,3.57,37.12
2024-05-30,24.28,30.41,20.11,0.0,61.25,2.33,32.6
2024-05-31,23.25,29.45,19.74,0.0,61.62,3.51,34.39
2024-06-01,22.52,28.97,19.05,0.0,68.74,3.53,50.66
2024-06-02,24.16,30.61,20.0,0.0,58.55,3.72,35.04
2024-06-03,24.82,31.18,21.1,0.0,62.66,2.98,30.26
2024-06-04,27.28,31.0,22.29,0.0,66.89,5.45,28.23
2024-06-05,25.25,29.16,19.98,0.0,66.08,3.7,28.35
2024-06-06,26.45,30.86,21.44,0.0,61.15,3.11,18.17
2024-06-07,24.61,29.77,20.95,0.0,60.43,2.15,26.0
2024-06-08,23.81,27.6,20.12,0.0,53.1,2.77,52.98
2024-06-09,24.18,30.22,20.54,2.57,62.44,3.98,77.52
2024-06-10,24.57,29.92,21.24,11.2,69.24,4.2,88.45
2024-06-11,28.36,33.49,23.0,0.0,60.88,4.02,5.25
2024-06-12,24.61,28.6,20.6,0.0,61.88,3.46,41.82
2024-06-13,26.84,31.1,23.28,8.19,72.63,1.82,78.06
2024-06-14,24.65,28.64,19.54,0.0,55.43,3.21,29.22
2024-06-15,27.11,33.17,23.11,4.26,66.12,1.83,82.17
2024-06-16,26.47,31.72,23.38,0.0,62.18,1.63,29.05
2024-06-17,25.84,31.54,22.43,0.0,57.66,3.01,9.51
2024-06-18,26.05,30.44,21.45,0.0,68.28,3.23,46.07
2024-06-19,25.32,29.93,20.36,23.03,71.61,3.53,82.92
2024-06-20,26.81,31.53,23.28,0.0,62.46,3.21,31.23
2024-06-21,25.7,31.48,20.41,0.0,69.93,3.23,23.41
2024-06-22,24.75,30.57,19.63,0.0,53.41,2.02,17.36
2024-06-23,24.74,28.86,19.62,0.0,60.82,2.72,37.69
2024-06-24,26.68,33.0,23.11,0.0,62.64,1.6,54.36
2024-06-25,28.56,32.42,25.43,0.0,56.2,1.2,37.44
2024-06-26,26.76,32.95,21.59,0.0,62.23,3.39,18.41
2024-06-27,26.44,30.24,22.68,0.0,55.15,2.2,37.7
2024-06-28,27.01,31.3,22.46,0.0,64.1,3.5,34.36
2024-06-29,28.38,34.42,23.48,0.0,65.9,3.69,45.37
2024-06-30,27.0,31.04,23.68,0.0,61.94,2.3,42.28
2024-07-01,27.61,30.96,21.27,0.0,51.29,3.27,0.0
2024-07-02,28.22,33.07,22.88,0.0,55.69,2.27,41.54
2024-07-03,27.37,31.61,22.55,0.0,63.32,1.32,22.96
2024-07-04,28.84,34.47,24.74,0.0,60.58,2.9,17.94
2024-07-05,27.11,33.16,21.92,0.0,46.98,2.42,32.74
2024-07-06,25.3,31.42,20.98,0.0,66.64,2.45,39.93
2024-07-07,25.13,29.65,20.27,0.0,61.09,4.38,15.31
2024-07-08,29.08,34.17,24.03,0.0,56.3,1.58,43.45
2024-07-09,29.19,33.43,24.31,0.0,65.36,3.11,44.16
2024-07-10,26.73,30.96,23.01,0.0,56.98,2.01,35.56
2024-07-11,26.47,30.46,23.18,0.0,56.92,3.54,24.59
2024-07-12,28.88,35.2,25.28,0.0,62.15,3.05,23.25
2024-07-13,25.54,31.71,21.29,0.0,69.26,3.12,47.31
2024-07-14,25.82,31.66,21.56,0.0,68.47,2.06,16.87
2024-07-15,27.82,32.88,23.37,0.0,62.15,2.21,47.77
2024-07-16,26.47,31.44,22.48,0.0,62.67,3.56,33.02
2024-07-17,26.97,32.06,22.01,0.0,64.32,4.24,33.85
2024-07-18,26.76,31.87,21.48,0.0,54.08,3.21,14.5
2024-07-19,33.995,32.21,23.79,0.0,63.6,2.11,33.24
2024-07-20,41.23,32.68,23.94,0.0,56.72,3.1,42.36
2024-07-21,27.06,30.93,22.36,0.0,61.99,4.78,18.96
2024-07-22,27.76,34.11,23.45,0.0,59.28,2.92,40.98
2024-07-23,24.24,29.18,20.76,0.0,62.94,4.01,36.07
2024-07-24,26.82,33.17,21.83,0.0,61.05,2.26,27.27
2024-07-25,25.76,29.75,20.36,0.0,45.11,2.82,45.26
2024-07-26,25.24,30.41,20.44,0.0,61.4,3.35,8.57
2024-07-27,25.66,29.78,20.36,0.0,63.74,3.18,39.16
2024-07-28,26.33,30.59,20.87,0.0,62.79,2.25,54.43
2024-07-29,27.92,31.51,24.04,0.0,60.08,2.22,52.28
2024-07-30,24.97,28.83,20.37,0.0,68.84,3.67,39.68
2024-07-31,26.7,32.95,22.51,0.0,62.22,3.83,31.38
2024-08-01,25.98,30.45,20.52,0.0,62.89,4.1,27.37
2024-08-02,26.14,31.47,22.91,0.0,65.96,4.33,31.36
2024-08-03,27.83,32.72,23.8,0.0,62.6,3.0,41.53
2024-08-04,27.17,31.88,21.99,0.0,56.34,2.65,25.31
2024-08-05,28.16,33.26,24.45,0.0,48.68,3.99,44.09
2024-08-06,26.17,30.23,21.2,0.0,58.54,3.48,60.6
2024-08-07,25.41,31.87,21.45,0.0,64.78,2.13,34.26
2024-08-08,25.96,31.92,20.51,0.0,59.26,2.1,18.87
2024-08-09,26.51,32.24,21.3,0.0,65.09,3.33,18.86
2024-08-10,26.36,31.27,22.61,0.0,61.89,2.8,44.32
2024-08-11,24.66,28.62,19.73,0.0,67.64,2.92,34.28
2024-08-12,26.12,32.38,22.28,0.0,59.79,3.81,45.52
2024-08-13,26.23,30.75,21.71,0.0,63.66,3.57,28.6
2024-08-14,29.13,32.78,24.49,0.0,63.92,4.03,44.97
2024-08-15,28.23,32.75,23.15,0.0,68.97,1.43,33.1
2024-08-16,24.6,30.48,21.54,0.0,52.99,3.18,26.21
2024-08-17,25.26,30.63,21.71,0.0,59.31,3.54,30.19
2024-08-18,23.65,29.4,18.87,0.0,65.91,1.77,20.64
2024-08-19,24.7,30.58,20.29,0.0,69.48,2.48,58.87
2024-08-20,25.8,29.93,21.56,0.0,63.02,2.34,33.84
2024-08-21,25.29,33.14,23.73,0.0,60.44,3.04,42.73
2024-08-22,24.78,29.08,20.39,0.0,65.77,4.33,28.56
2024-08-23,24.27,29.69,19.11,0.0,66.41,4.65,22.38
2024-08-24,22.24,25.74,19.16,0.0,60.35,2.39,32.19
2024-08-25,24.72,31.2,20.73,0.0,63.89,3.47,48.21
2024-08-26,23.46,27.8,18.09,0.0,68.22,3.51,28.75
2024-08-27,24.05,27.74,20.92,0.0,71.86,3.38,24.55
2024-08-28,23.5,28.37,18.63,0.0,66.21,3.4,36.87
2024-08-29,24.42,28.3,20.77,0.0,62.81,3.33,40.99
2024-08-30,22.15,26.11,16.98,0.0,62.42,4.45,54.71
2024-08-31,22.42,27.82,17.56,0.0,65.57,3.99,39.25
2024-09-01,26.99,31.67,21.78,0.0,62.3,2.27,42.73
2024-09-02,22.44,28.71,18.9,0.0,63.93,3.76,43.63
2024-09-03,22.58,27.04,18.25,0.0,57.79,3.85,21.16
2024-09-04,26.28,31.96,21.33,0.0,69.67,3.39,23.44
2024-09-05,27.56,32.44,23.94,0.0,57.58,4.06,21.99
2024-09-06,22.14,27.62,18.56,0.0,61.23,3.31,19.01
2024-09-07,23.07,28.37,20.0,0.0,63.98,3.33,44.55
2024-09-08,23.87,28.79,18.48,0.0,73.55,3.28,38.48
2024-09-09,25.56,31.91,20.78,2.98,67.59,1.57,80.95
2024-09-10,21.91,26.43,17.32,0.0,60.49,3.13,3.89
2024-09-11,22.75,26.78,17.89,0.0,61.17,2.67,59.67
2024-09-12,23.95,29.49,19.63,0.0,72.33,2.27,24.27
2024-09-13,23.38,29.42,19.19,0.0,50.09,4.37,59.62
2024-09-14,22.2,25.82,18.08,0.0,59.25,3.64,17.61
2024-09-15,22.39,27.24,17.79,0.0,78.04,3.22,25.25
2024-09-16,20.65,26.83,17.15,0.0,67.45,2.81,8.57
2024-09-17,22.0,27.75,16.78,0.0,59.09,3.5,39.35
2024-09-18,21.83,28.31,16.8,0.0,64.53,4.07,21.78
2024-09-19,22.35,27.44,18.47,0.0,65.19,2.63,22.12
2024-09-20,21.19,26.67,16.74,0.0,69.21,3.29,18.53
2024-09-21,22.075000000000003,27.985,17.134999999999998,0.0,68.185,2.5300000000000002,31.035000000000004
2024-09-22,22.96,29.3,17.53,0.0,67.16,1.77,43.54
2024-09-23,21.71,26.31,16.45,0.0,62.64,3.28,56.74
2024-09-24,21.83,27.54,16.52,0.0,69.4,3.0,26.77
2024-09-25,21.3,26.01,17.47,0.0,62.1,3.24,37.63
2024-09-26,21.1,26.28,17.67,5.52,66.55,2.96,64.53
2024-09-27,20.02,25.68,16.49,0.0,57.04,3.48,30.98
2024-09-28,21.23,26.26,18.0,0.0,58.14,4.92,28.77
2024-09-29,22.245,26.77,17.25,0.0,61.61,3.13,40.57
2024-09-30,23.26,28.01,20.08,0.0,60.33,3.63,47.2
2024-10-01,22.44,27.88,16.96,8.04,73.92,5.01,91.89
2024-10-02,20.75,25.28,17.57,0.0,60.48,2.98,24.89
2024-10-03,19.12,23.84,15.79,0.0,50.89,4.88,46.98
2024-10-04,18.52,23.34,13.45,4.51,67.52,3.45,79.47
2024-10-05,21.37,25.25,16.92,0.0,64.51,4.88,31.1
2024-10-06,20.02,23.8,15.08,0.0,63.97,4.06,26.5
2024-10-07,20.16,25.66,15.58,0.0,74.73,3.72,28.28
2024-10-08,17.12,22.59,11.92,0.0,64.19,3.43,55.91
2024-10-09,17.25,25.94,15.86,6.16,77.8,2.99,83.69
2024-10-10,17.380000000000003,23.25,15.39,0.0,67.43,3.56,37.1
2024-10-11,17.51,21.99,12.73,0.0,67.44,4.23,31.85
2024-10-12,18.2,22.29,14.08,0.0,63.61,3.51,64.35
2024-10-13,19.01,24.84,15.14,0.0,67.62,3.28,50.66
2024-10-14,18.59,24.67,14.42,0.0,64.22,3.34,26.35
2024-10-15,18.0,22.24,14.57,0.0,69.03,4.35,31.72
2024-10-16,18.1,23.6,13.1,17.66,73.13,4.54,77.43
2024-10-17,17.76,21.65,14.11,1.74,69.72,3.04,81.75
2024-10-18,18.14,22.46,14.75,0.0,73.53,3.05,26.59
2024-10-19,19.71,23.62,16.09,0.0,70.84,3.9,40.27
2024-10-20,14.31,18.66,9.21,4.7,72.6,4.83,97.43
2024-10-21,17.2,22.72,13.37,0.0,69.7,4.53,19.24
2024-10-22,17.59,23.82,12.88,0.0,68.68,2.62,21.46
2024-10-23,17.6,21.71,12.46,13.7,70.89,3.42,74.2
2024-10-24,16.59,21.72,13.4,8.22,75.71,2.9,74.76
2024-10-25,14.65,20.25,9.74,0.0,66.38,3.44,58.98
2024-10-26,17.22,23.58,13.45,0.0,64.89,4.94,47.02
2024-10-27,18.89,24.22,15.35,0.0,61.63,2.53,46.33
2024-10-28,18.189999999999998,18.78,9.79,0.0,68.08,2.38,31.83
2024-10-29,17.49,22.87,12.22,6.14,78.83,3.02,76.56
2024-10-30,15.8,20.26,12.06,0.0,66.65,3.93,17.58
2024-10-31,16.01,22.44,11.59,0.0,82.86,4.2,44.38
2024-11-01,14.58,19.28,10.86,0.0,74.81,4.06,40.89
2024-11-02,15.38,20.93,10.99,0.0,77.02,4.66,50.43
2024-11-03,15.84,20.94,12.81,0.0,74.6,2.32,32.47
2024-11-04,16.3,21.0,11.77,0.0,80.01,4.69,33.3
2024-11-05,17.66,23.78,13.1,0.0,66.94,3.5,37.04
2024-11-06,16.8,22.13,13.46,10.27,64.19,4.34,90.7
2024-11-07,15.71,20.54,10.97,0.0,68.88,2.71,17.36
2024-11-08,17.27,23.58,12.59,0.0,74.03,3.78,43.83
2024-11-09,15.45,21.51,10.74,0.0,72.11,3.97,34.75
2024-11-10,15.82,20.29,12.64,5.68,78.85,4.71,67.3
2024-11-11,14.23,19.36,10.11,2.92,84.19,2.53,54.98
2024-11-12,14.57,19.54,10.55,0.0,73.61,3.83,33.36
2024-11-13,13.46,18.85,10.24,0.0,75.81,2.94,52.37
2024-11-14,13.02,17.83,9.36,0.0,74.19,3.6950000000000003,68.315
2024-11-15,12.58,16.81,8.48,20.28,72.57,4.45,84.26
2024-11-16,15.01,21.25,10.15,11.25,86.23,4.86,100.0
2024-11-17,13.62,19.89,10.03,0.0,72.77,3.41,34.48
2024-11-18,15.27,21.3,10.2,15.05,75.26,4.59,91.44
2024-11-19,14.61,21.04,10.24,0.0,69.37,4.94,29.59
2024-11-20,15.88,21.62,10.98,6.61,75.34,2.55,73.82
2024-11-21,14.35,20.14,10.17,5.94,75.15,4.36,71.87
2024-11-22,11.24,17.03,6.99,24.41,72.38,4.64,55.27
2024-11-23,13.09,18.03,8.54,0.0,65.39,3.67,50.45
2024-11-24,11.54,16.41,6.22,0.0,72.02,2.92,27.3
2024-11-25,12.28,16.5,8.05,0.0,70.13,4.65,25.38
2024-11-26,14.81,20.25,10.49,0.0,78.73,2.94,20.84
2024-11-27,13.57,17.94,9.06,6.26,80.75,3.76,77.55
2024-11-28,11.73,16.0,6.88,0.0,74.71,3.88,56.16
2024-11-29,11.22,16.47,8.04,13.55,75.76,4.49,100.0
2024-11-30,12.48,17.21,8.19,1.88,78.96,3.42,60.07
2024-12-01,10.75,14.91,6.55,0.0,75.46,3.38,30.75
2024-12-02,11.37,17.32,6.06,13.55,83.33,4.01,67.59
2024-12-03,12.55,18.63,8.32,0.0,73.36,4.74,46.86
2024-12-04,13.55,17.56,9.38,0.0,79.31,5.77,38.44
2024-12-05,12.75,16.28,7.35,0.0,74.04,2.74,27.36
2024-12-06,8.89,13.4,4.77,0.0,78.04,4.2,35.87
2024-12-07,12.18,18.07,8.73,0.0,71.71,3.08,29.27
2024-12-08,11.79,17.81,8.25,0.0,65.17,4.77,54.37
2024-12-09,12.16,16.07,8.92,31.63,81.65,3.21,86.56
2024-12-10,13.64,19.46,10.64,7.19,84.01,3.42,88.04
2024-12-11,8.78,12.62,4.7,0.0,77.33,3.5,3.0
2024-12-12,10.61,15.28,5.69,0.0,76.64,3.91,34.2
2024-12-13,12.08,18.57,7.24,4.47,78.85,4.23,100.0
2024-12-14,9.18,13.26,6.1,0.0,70.62,4.36,50.91
2024-12-15,13.08,17.05,8.66,0.0,77.48,3.97,12.83
2024-12-16,11.58,16.35,8.19,0.0,76.92,2.92,31.24
2024-12-17,12.13,17.49,6.78,0.0,72.04,4.57,20.58
2024-12-18,10.23,16.53,6.81,0.0,80.45,3.94,55.53
2024-12-19,11.97,18.41,7.4,0.0,70.54,4.92,37.93
2024-12-20,12.24,15.95,8.42,0.0,72.09,3.42,25.79
2024-12-21,11.1,15.01,6.49,22.45,89.24,2.71,80.41
2024-12-22,11.04,16.92,7.01,0.0,79.45,3.97,3.71
2024-12-23,11.04,15.35,6.14,3.51,79.37,5.03,66.98
2024-12-24,9.52,15.67,5.94,0.0,76.64,4.13,35.44
2024-12-25,10.4,15.89,5.13,8.53,82.02,3.84,90.15
2024-12-26,10.35,14.18,6.1,15.03,67.56,3.3,56.7
2024-12-27,11.0,17.0,6.11,3.78,76.8,5.41,75.43
2024-12-28,11.76,15.79,6.64,0.0,75.11,3.18,47.12
2024-12-29,9.05,13.82,3.55,4.1,79.62,3.42,62.58
2024-12-30,10.23,15.39,6.67,17.15,82.67,4.46,82.75
2024-12-31,12.29,17.29,8.57,0.0,81.11,2.52,35.79
2025-01-01,9.39,14.94,5.76,0.0,73.86,5.02,55.57
2025-01-02,9.25,14.71,5.6,0.0,70.21,4.5,32.24
2025-01-03,10.56,17.04,6.1,0.0,77.15,4.72,32.94
2025-01-04,11.37,17.87,5.89,0.0,73.91,4.45,45.26
2025-01-05,10.26,15.31,4.79,1.79,80.78,3.87,64.08
2025-01-06,11.96,15.74,7.64,20.67,80.12,3.15,77.35
2025-01-07,11.33,17.01,6.73,0.0,86.81,3.88,29.53
2025-01-08,11.29,17.72,6.14,25.3,70.41,3.21,78.33
2025-01-09,10.91,15.36,5.57,0.0,73.68,4.38,45.18
2025-01-10,13.2,18.09,9.69,0.0,75.62,4.64,41.65
2025-01-11,9.9,14.68,5.58,0.0,71.74,5.17,26.02
2025-01-12,7.56,11.21,2.48,0.0,80.15,4.28,36.64
2025-01-13,12.25,17.77,8.49,0.0,79.72,4.72,52.89
2025-01-14,9.57,14.13,5.47,0.0,75.41,3.74,25.02
2025-01-15,10.31,16.17,4.84,0.0,74.29,3.6,36.74
2025-01-16,11.87,17.87,6.41,29.26,81.08,4.36,77.68
2025-01-17,8.1,14.06,2.83,7.63,81.11,3.67,79.24
2025-01-18,8.56,13.31,3.57,0.0,75.24,4.19,15.43
2025-01-19,8.12,12.59,4.45,9.93,80.68,3.12,96.93
2025-01-20,9.19,14.93,5.38,0.0,76.87,3.26,25.71
2025-01-21,10.81,16.71,6.44,2.33,85.36,4.47,92.31
2025-01-22,10.94,15.91,6.54,0.0,69.42,4.67,27.54
2025-01-23,10.64,16.82,6.38,0.0,70.3,3.17,27.49
2025-01-24,8.47,12.4,3.88,0.0,66.79,4.49,49.56
2025-01-25,7.33,13.47,3.31,0.0,79.84,3.52,46.93
2025-01-26,10.44,14.22,5.56,12.52,82.73,3.95,82.5
2025-01-27,9.78,13.74,5.95,0.0,77.98,5.07,44.13
2025-01-28,11.03,16.13,7.2,12.06,74.27,4.58,76.54
2025-01-29,11.38,15.09,8.07,0.0,84.31,4.56,34.9
2025-01-30,10.69,14.35,7.22,0.0,72.31,5.45,27.06
2025-01-31,11.54,15.04,6.42,0.0,76.15,3.35,45.85
2025-02-01,10.9,15.71,6.78,0.0,79.55,3.12,26.68
2025-02-02,11.34,17.16,7.77,0.0,70.3,3.33,52.82
2025-02-03,9.78,13.38,4.88,1.71,78.46,3.7,76.21
2025-02-04,10.51,15.97,6.13,0.0,76.04,2.01,35.25
2025-02-05,11.06,17.03,8.01,0.0,89.38,3.72,44.1
2025-02-06,11.93,15.93,8.14,0.0,76.55,3.45,35.29
2025-02-07,10.41,14.35,6.96,0.0,83.02,4.5,31.43
2025-02-08,11.66,17.74,7.02,3.45,86.96,4.15,79.64
2025-02-09,10.7,16.67,7.01,6.14,82.72,3.38,90.73
2025-02-10,10.96,16.07,7.79,12.39,75.88,4.33,72.05
2025-02-11,12.26,18.21,9.12,5.87,86.06,4.43,78.49
2025-02-12,8.66,12.44,4.2,0.0,67.21,3.23,35.12
2025-02-13,9.64,14.32,6.58,0.0,82.64,3.44,45.38
2025-02-14,9.47,15.18,4.35,0.0,75.57,2.05,33.8
2025-02-15,8.44,12.71,5.05,0.0,61.25,2.95,56.7
2025-02-16,10.67,16.43,6.15,0.0,72.73,3.22,33.12
2025-02-17,12.61,17.62,8.5,0.0,77.63,3.87,32.15
2025-02-18,11.35,17.1,7.24,15.56,79.1,3.04,77.95
2025-02-19,12.06,16.95,8.88,0.0,77.78,3.38,19.2
2025-02-20,13.31,17.91,8.3,12.72,75.88,2.8,67.56
2025-02-21,13.71,17.86,8.47,0.0,67.52,3.91,28.63
2025-02-22,11.98,16.11,8.95,0.0,73.61,4.11,48.63
2025-02-23,13.92,19.68,10.48,0.0,74.04,4.08,34.6
2025-02-24,12.38,16.24,7.12,0.0,72.06,3.76,29.18
2025-02-25,11.27,15.03,6.9,23.53,85.85,2.51,94.72
2025-02-26,11.68,15.71,8.31,0.0,69.37,3.24,53.61
2025-02-27,10.63,14.66,7.13,0.0,75.1,3.4,50.06
2025-02-28,11.51,17.48,6.86,0.0,73.78,3.39,24.76
2025-03-01,12.3,17.0,7.49,0.0,65.56,3.77,29.06
2025-03-02,13.92,20.39,9.42,0.0,66.66,4.84,56.76
2025-03-03,15.22,19.13,9.83,0.0,73.22,4.34,37.89
2025-03-04,11.29,16.75,7.06,0.0,82.96,2.89,31.79
2025-03-05,13.71,18.56,9.96,0.0,75.86,4.21,43.62
2025-03-06,11.96,16.64,7.77,0.0,64.23,4.17,47.09
2025-03-07,14.05,20.17,10.15,0.0,57.2,3.01,28.14
2025-03-08,13.37,19.8,9.81,0.0,76.32,4.32,37.63
2025-03-09,11.28,17.4,8.17,0.0,72.07,3.51,46.12
2025-03-10,14.99,19.07,11.11,0.0,78.15,2.5,21.08
2025-03-11,13.12,17.28,8.34,7.17,73.93,3.98,80.15
2025-03-12,13.33,18.8,10.28,15.71,79.97,3.78,66.63
2025-03-13,12.76,17.13,8.66,0.0,76.34,3.41,23.2
2025-03-14,13.42,19.13,8.81,0.0,69.76,3.56,28.24
2025-03-15,14.96,20.16,10.43,0.0,69.76,3.0,40.73
2025-03-16,14.28,19.43,9.34,17.6,77.9,4.05,76.14
2025-03-17,15.08,21.07,10.06,0.0,74.37,3.52,27.22
2025-03-18,15.26,20.89,10.48,0.0,71.47,3.68,35.62
2025-03-19,16.63,20.21,13.38,0.0,76.3,3.82,21.24
2025-03-20,14.6,18.25,10.42,2.84,75.0,2.6,85.15
2025-03-21,13.26,18.57,8.75,0.0,64.55,2.8,48.58
2025-03-22,16.7,21.66,13.09,0.0,80.95,1.74,34.05
2025-03-23,15.02,19.3,11.92,0.0,67.93,3.95,32.57
2025-03-24,17.04,21.79,13.48,0.0,67.98,2.52,39.48
2025-03-25,16.22,22.0,12.09,0.0,70.37,3.58,10.66
2025-03-26,15.69,21.67,11.66,0.0,70.92,3.76,41.44
2025-03-27,16.46,21.64,13.01,0.0,68.52,3.94,72.22
2025-03-28,18.68,23.34,13.62,0.0,70.24,2.48,33.53
2025-03-29,18.98,23.3,13.67,0.0,70.01,3.38,33.57
2025-03-30,16.52,21.58,13.01,0.0,70.95,4.76,43.92
2025-03-31,16.78,21.22,11.45,0.0,58.16,4.78,54.74
2025-04-01,18.11,23.3,15.06,0.0,79.23,4.19,46.7
2025-04-02,15.75,21.28,10.44,0.0,68.96,3.66,9.13
2025-04-03,17.43,21.13,12.05,0.0,72.47,2.58,41.76
2025-04-04,17.11,20.61,14.08,5.08,68.55,3.95,100.0
2025-04-05,17.69,21.83,12.79,0.0,66.95,3.24,42.47
2025-04-06,16.35,22.53,10.92,0.0,65.82,3.8,21.14
2025-04-07,15.51,20.95,10.25,0.0,76.4,2.84,38.38
2025-04-08,15.03,19.04,9.6,0.0,65.99,3.19,19.63
2025-04-09,16.42,22.59,12.04,0.0,72.58,3.45,49.79
2025-04-10,17.42,22.33,14.22,0.0,65.41,3.51,23.53
2025-04-11,17.78,22.71,12.66,0.0,66.26,3.7,35.89
2025-04-12,20.83,27.13,16.29,0.0,67.17,2.83,24.71
2025-04-13,19.89,23.57,15.36,0.0,74.68,2.21,28.44
2025-04-14,17.35,21.5,13.31,0.0,58.68,4.57,52.83
2025-04-15,19.2,24.46,14.77,0.0,61.42,5.25,36.24
2025-04-16,18.37,22.45,14.98,0.0,58.13,3.61,28.29
2025-04-17,18.68,24.21,13.83,1.56,68.3,2.18,66.26
2025-04-18,19.43,23.57,16.25,0.0,63.55,2.61,12.54
2025-04-19,20.14,23.94,15.32,8.2,65.4,3.63,64.98
2025-04-20,19.04,23.17,13.92,0.0,63.67,4.28,36.34
2025-04-21,21.01,25.78,16.83,0.0,57.14,2.23,46.76
2025-04-22,18.29,22.32,14.02,0.0,61.99,3.09,28.28
2025-04-23,19.93,23.84,16.15,0.0,72.95,3.34,53.85
2025-04-24,23.45,29.53,18.02,0.0,68.84,3.86,26.39
2025-04-25,20.5,24.97,15.67,0.0,67.63,2.89,32.14
2025-04-26,22.22,26.81,18.3,0.0,61.55,1.9,22.05
2025-04-27,20.62,24.29,17.19,0.0,58.75,3.64,46.89
2025-04-28,21.4,25.98,17.85,0.0,60.61,4.03,60.17
2025-04-29,20.72,25.01,16.56,0.0,65.96,3.06,13.86
2025-04-30,20.71,26.04,15.36,9.93,76.39,3.44,75.85
2025-05-01,20.06,24.18,15.23,0.0,70.43,2.73,50.18
2025-05-02,21.78,27.94,18.24,0.0,68.95,2.42,17.64
2025-05-03,20.25,26.54,15.1,0.0,61.98,3.91,41.8
2025-05-04,22.36,26.16,18.42,0.0,65.67,3.39,49.66
2025-05-05,23.05,26.87,17.92,9.97,69.81,3.46,80.94
2025-05-06,22.25,26.1,18.65,0.0,64.29,4.26,41.6
2025-05-07,21.54,26.9,16.99,0.0,75.36,2.21,56.13
2025-05-08,22.64,26.5,17.32,0.0,56.24,2.6,58.38
2025-05-09,21.78,27.84,18.14,0.0,63.76,3.16,34.26
2025-05-10,23.53,29.3,18.8,5.14,76.87,2.58,73.61
2025-05-11,20.07,26.03,14.6,0.0,57.36,3.65,23.96
2025-05-12,22.15,27.23,18.77,0.0,61.35,2.86,46.72
2025-05-13,20.13,26.62,16.91,0.0,61.81,2.21,18.54
2025-05-14,20.9,24.53,16.22,0.0,63.22,3.05,31.97
2025-05-15,24.75,29.45,20.9,0.0,56.25,3.13,36.23
2025-05-16,24.26,28.74,21.09,6.14,73.09,3.73,73.96
2025-05-17,22.29,28.64,18.1,0.0,67.33,3.29,38.36
2025-05-18,21.4,26.63,16.51,0.0,66.43,3.34,65.77
2025-05-19,19.62,25.54,15.91,1.31,65.42,3.22,78.54
2025-05-20,22.89,26.9,19.05,0.0,64.1,2.8,29.78
2025-05-21,26.87,33.3,21.75,0.0,59.06,2.37,47.18
2025-05-22,24.4,29.4,20.1,6.07,67.79,3.17,82.88
2025-05-23,23.23,28.21,18.12,0.0,74.12,2.67,52.27
2025-05-24,24.68,31.09,20.56,0.0,63.72,4.28,36.98
2025-05-25,22.16,26.8,16.78,0.0,57.2,4.0,32.02
2025-05-26,23.91,28.61,19.29,0.0,63.94,3.42,13.6
2025-05-27,24.54,29.79,21.25,0.0,56.18,3.21,15.56
2025-05-28,24.41,28.29,19.2,1.47,62.85,2.83,57.97
2025-05-29,25.66,30.12,21.43,0.0,57.54,1.89,39.55
2025-05-30,25.18,29.26,21.83,0.0,60.43,2.72,18.65
2025-05-31,25.71,29.52,22.33,0.0,67.24,2.97,50.07
2025-06-01,24.05,30.15,19.33,0.0,65.36,3.06,35.36
2025-06-02,26.21,31.48,23.09,0.0,64.99,3.25,32.07
2025-06-03,27.26,31.84,23.54,0.0,56.79,3.61,24.87
2025-06-04,23.98,28.71,20.63,0.0,59.5,2.31,42.47
2025-06-05,24.18,28.98,20.08,0.0,63.48,2.32,25.35
2025-06-06,27.17,32.57,23.13,0.0,58.89,4.02,23.18
2025-06-07,25.27,31.55,20.97,0.0,60.56,3.47,49.26
2025-06-08,27.44,33.73,23.74,0.0,64.08,2.54,39.26
2025-06-09,25.12,29.8,22.04,0.0,60.05,2.76,32.18
2025-06-10,27.67,32.16,23.14,7.16,68.85,2.76,87.7
2025-06-11,26.04,30.89,22.1,0.0,69.61,2.86,35.11
2025-06-12,26.28,31.49,21.66,0.0,60.71,3.21,39.6
2025-06-13,28.06,32.95,24.79,0.0,67.4,4.86,25.2
2025-06-14,25.63,31.11,22.6,0.0,64.23,2.98,59.84
2025-06-15,24.96,30.12,21.33,0.0,54.03,3.35,28.04
2025-06-16,25.67,30.13,21.53,0.0,55.79,1.47,53.67
2025-06-17,26.91,31.45,22.93,0.0,57.07,2.43,32.73
2025-06-18,24.36,28.99,19.33,0.0,56.9,3.8,44.69
2025-06-19,27.29,31.07,23.34,0.0,60.67,3.14,43.81
2025-06-20,25.82,29.82,21.49,0.0,64.14,0.3,48.76
2025-06-21,28.07,33.74,23.59,0.0,67.29,3.35,24.91
2025-06-22,23.53,28.2,20.47,0.0,62.5,4.34,47.91
2025-06-23,25.68,29.82,21.39,0.0,58.68,1.21,57.16
2025-06-24,24.56,29.75,20.7,0.0,50.45,4.02,31.9
2025-06-25,25.73,31.5,21.68,5.43,67.17,0.59,80.42
2025-06-26,27.18,31.45,23.93,0.0,60.9,3.55,28.72
2025-06-27,26.67,32.65,21.71,0.0,61.64,2.79,30.84
2025-06-28,26.62,32.9,21.26,0.0,71.22,0.92,55.54
2025-06-29,26.78,32.08,23.73,0.0,66.85,3.16,22.95
2025-06-30,27.29,32.8,22.79,0.0,64.54,3.72,23.69
2025-07-01,25.76,29.41,20.85,0.0,55.77,3.09,54.33
2025-07-02,28.02,34.36,24.31,0.0,57.98,3.27,42.49
2025-07-03,28.0,32.68,23.03,0.0,60.05,2.47,60.44
2025-07-04,27.67,33.94,23.09,0.0,56.62,1.31,29.59
2025-07-05,27.92,33.16,22.6,0.0,62.97,3.35,36.52
2025-07-06,27.61,31.12,22.15,0.0,62.23,4.2,27.07
2025-07-07,29.89,33.5,26.78,0.0,54.99,3.71,36.72
2025-07-08,27.15,32.69,23.04,0.0,66.39,1.21,13.71
2025-07-09,26.88,32.07,22.52,0.0,60.91,1.59,43.22
2025-07-10,26.32,29.9,22.95,0.0,51.74,2.13,38.88
2025-07-11,25.97,31.7,22.13,0.0,60.11,1.53,34.31
2025-07-12,25.7,31.76,20.23,0.0,61.77,2.84,30.32
2025-07-13,26.17,31.16,23.13,0.0,65.22,3.13,24.26
2025-07-14,27.24,32.14,23.11,0.0,58.66,1.67,43.73
2025-07-15,27.77,31.29,22.67,0.0,64.49,3.44,20.95
2025-07-16,27.4,33.26,23.59,0.0,61.29,3.3,41.14
2025-07-17,26.34,30.83,22.14,0.0,53.78,2.38,59.89
2025-07-18,28.5,34.64,23.06,0.0,53.28,2.69,52.83
2025-07-19,28.29,32.9,24.1,0.0,65.98,1.27,16.94
2025-07-20,27.11,32.3,23.78,0.0,66.35,2.56,28.56
2025-07-21,26.45,30.76,23.32,0.0,62.0,2.84,40.06
2025-07-22,28.0,31.98,22.64,0.0,67.88,2.97,34.16
2025-07-23,27.52,33.34,23.85,0.0,65.7,3.14,18.21
2025-07-24,25.37,30.36,21.11,0.0,63.85,3.04,39.62
2025-07-25,27.14,32.25,23.91,0.0,55.9,2.64,34.88
2025-07-26,27.55,33.94,23.49,0.0,69.14,3.08,57.97
2025-07-27,26.01,32.4,20.68,0.0,63.19,3.66,31.96
2025-07-28,27.4,33.46,23.14,0.0,58.6,2.78,49.02
2025-07-29,25.23,29.29,19.8,0.0,57.22,3.12,19.79
2025-07-30,28.82,34.1,25.17,0.0,61.88,2.72,22.66
2025-07-31,28.67,34.8,24.41,0.0,52.27,2.36,43.66
2025-08-01,26.68,31.3,21.53,0.0,64.16,3.3,48.0
2025-08-02,27.44,31.24,23.32,0.0,55.93,2.44,23.51
2025-08-03,23.79,29.72,20.09,0.0,62.59,3.2,35.29
2025-08-04,25.37,30.32,20.23,0.0,58.18,2.92,18.42
2025-08-05,26.44,31.64,22.47,0.0,59.51,2.66,32.83
2025-08-06,27.045,32.305,22.34,0.0,59.815,2.585,31.305
2025-08-07,27.65,32.97,22.21,0.0,60.12,2.51,29.78
2025-08-08,29.26,34.04,25.79,0.0,70.42,1.6,32.01
2025-08-09,25.08,29.69,21.32,0.0,67.95,3.23,21.44
2025-08-10,25.46,30.21,22.38,0.0,62.86,3.12,27.22
2025-08-11,26.79,30.64,22.81,0.0,61.02,3.62,56.1
2025-08-12,28.51,34.4,25.01,0.0,65.42,2.52,35.88
2025-08-13,24.76,30.78,20.06,0.0,66.91,4.47,22.97
2025-08-14,26.61,30.96,23.15,0.0,57.18,2.66,31.22
2025-08-15,28.58,32.99,23.89,0.0,61.0,2.27,15.83
2025-08-16,23.99,30.11,20.33,0.0,52.35,2.18,22.83
2025-08-17,24.4,27.97,20.51,0.0,67.14,1.59,51.32
2025-08-18,25.43,30.49,21.56,0.0,71.92,4.21,33.29
2025-08-19,25.23,30.12,20.43,0.0,62.07,4.09,57.69
2025-08-20,26.88,32.45,22.71,0.0,51.12,3.48,33.86
2025-08-21,26.05,30.04,22.15,0.0,64.87,2.29,34.57
2025-08-22,23.34,28.85,18.21,0.0,57.38,4.47,42.69
2025-08-23,26.23,30.86,21.8,0.0,58.67,2.75,2.93
2025-08-24,24.72,30.08,21.19,0.0,65.2,2.82,37.46
2025-08-25,27.04,30.66,21.78,0.0,63.42,4.19,34.41
2025-08-26,24.47,29.35,20.61,0.0,59.79,3.58,52.83
2025-08-27,24.36,29.43,21.26,0.0,59.07,4.82,46.58
2025-08-28,25.79,29.94,21.56,0.0,63.04,3.27,21.4
2025-08-29,25.98,29.9,22.67,0.0,60.45,2.76,49.91
2025-08-30,25.47,29.54,21.88,0.0,57.05,2.6,31.85
2025-08-31,22.59,27.13,17.73,0.0,61.02,1.62,24.15
2025-09-01,25.38,29.17,22.05,0.0,64.48,2.88,37.37
2025-09-02,23.23,29.57,18.21,0.0,61.99,4.03,32.57
2025-09-03,24.77,29.49,19.43,0.0,55.91,3.6,53.46
2025-09-04,22.5,28.43,17.99,0.0,68.02,3.15,39.09
2025-09-05,22.79,27.625,18.145,0.0,64.535,3.24,42.45
2025-09-06,23.08,26.82,18.3,0.0,61.05,3.33,45.81
2025-09-07,22.35,27.8,16.87,0.0,60.29,3.97,48.11
2025-09-08,24.83,30.94,20.97,2.48,70.23,3.51,89.4
2025-09-09,24.09,29.5,20.69,0.0,66.41,3.31,52.03
2025-09-10,22.86,27.65,18.56,0.0,69.34,2.55,42.3
2025-09-11,25.43,30.22,21.09,0.0,60.26,3.89,37.01
2025-09-12,22.85,26.45,19.4,0.0,66.86,0.7,49.87
2025-09-13,23.34,28.44,18.8,0.0,65.02,3.52,33.91
2025-09-14,23.52,30.0,20.48,0.0,55.6,5.28,35.4
2025-09-15,22.24,28.61,16.92,0.0,73.77,2.03,55.66
2025-09-16,23.53,27.15,19.87,0.88,63.19,3.05,99.46
2025-09-17,22.09,27.71,19.0,0.0,66.6,3.25,34.9
2025-09-18,22.12,26.53,18.85,0.0,66.57,2.9,29.56
2025-09-19,24.3,30.51,20.7,0.0,66.11,4.11,52.56
2025-09-20,21.04,24.68,17.36,0.0,62.38,3.67,44.61
2025-09-21,19.13,25.43,16.04,0.0,69.11,3.42,38.79
2025-09-22,24.22,30.24,20.52,0.0,57.3,3.95,31.14
2025-09-23,25.31,29.16,21.83,0.0,64.89,3.33,38.98
2025-09-24,21.33,25.01,17.39,0.0,62.52,5.87,34.74
2025-09-25,19.2,25.21,15.24,0.0,62.08,3.46,27.03
2025-09-26,21.18,25.15,17.33,0.0,67.73,3.51,36.55
2025-09-27,21.07,26.18,17.25,0.0,71.1,1.99,38.19
2025-09-28,21.06,27.31,17.84,0.0,64.13,2.93,30.5
2025-09-29,19.72,24.92,16.66,0.0,69.87,4.3,45.85
2025-09-30,21.78,26.47,18.28,0.0,66.34,2.32,50.47
2025-10-01,21.57,26.4,16.68,0.0,61.76,1.67,46.64
2025-10-02,18.8,22.49,13.33,8.15,71.06,3.44,76.69
2025-10-03,21.51,27.92,16.19,0.0,64.98,4.52,44.07
2025-10-04,23.13,27.56,18.87,10.5,69.13,3.47,80.94
2025-10-05,20.54,24.61,16.21,0.0,68.88,3.17,20.17
2025-10-06,19.74,24.09,15.95,0.0,68.04,1.97,43.07
2025-10-07,19.85,26.24,14.91,0.0,59.05,3.82,36.75
2025-10-08,20.69,24.47,15.77,2.64,64.87,4.0,100.0
2025-10-09,17.49,23.59,12.38,0.0,69.38,2.06,52.49
2025-10-10,19.81,25.43,14.57,0.0,63.32,4.4,43.53
2025-10-11,18.94,24.93,14.86,9.96,75.03,4.12,82.99
2025-10-12,21.71,28.14,16.79,0.0,71.56,4.42,36.96
2025-10-13,18.93,24.96,13.92,32.79,67.43,3.99,67.96
2025-10-14,21.18,27.51,17.41,5.99,66.86,4.06,59.13
2025-10-15,17.44,21.32,12.11,0.0,76.42,3.96,24.53
2025-10-16,19.49,25.38,16.25,0.0,69.94,4.25,34.43
2025-10-17,19.0,24.13,13.51,0.0,66.22,2.11,9.73
2025-10-18,17.31,22.44,12.38,6.74,69.77,2.37,73.47
2025-10-19,18.52,24.72,15.29,7.95,72.02,2.99,77.03
2025-10-20,19.72,26.14,15.08,0.0,68.75,3.49,77.41
2025-10-21,17.58,23.19,14.49,0.0,73.25,3.91,27.06
2025-10-22,15.66,20.61,10.73,0.0,65.08,3.87,30.9
2025-10-23,17.69,22.56,12.69,0.0,74.57,4.52,55.69
2025-10-24,16.4,21.06,11.89,0.0,67.23,4.55,42.95
2025-10-25,16.98,21.57,11.84,10.61,70.14,2.94,73.28
2025-10-26,17.18,21.85,13.93,0.0,67.36,3.84,34.18
2025-10-27,14.92,18.69,11.23,18.46,62.5,2.98,79.66
2025-10-28,14.9,18.63,10.86,2.78,75.14,3.52,70.78
2025-10-29,17.49,23.32,14.38,19.29,75.02,3.94,70.77
2025-10-30,16.04,20.88,11.92,0.0,74.12,0.96,47.13
2025-10-31,13.24,19.54,9.58,0.0,60.7,5.63,29.96
2025-11-01,17.46,22.8,13.48,0.0,76.06,4.16,21.86
2025-11-02,16.65,20.26,12.59,0.0,74.48,3.24,34.48
2025-11-03,15.24,19.21,10.04,2.49,82.76,5.27,81.42
2025-11-04,14.31,18.43,10.64,0.0,70.36,3.45,11.33
2025-11-05,16.98,23.4,11.74,9.15,81.82,3.85,79.51
2025-11-06,16.21,20.37,12.14,0.0,63.52,3.36,45.42
2025-11-07,18.72,23.77,14.9,0.0,74.56,5.08,40.41
2025-11-08,16.03,22.34,11.78,0.0,67.26,3.68,61.76
2025-11-09,15.86,22.29,11.82,0.0,62.98,3.89,50.01
2025-11-10,15.01,19.22,11.36,0.87,71.73,4.74,97.39
2025-11-11,16.16,19.8,11.9,0.0,71.5,4.26,68.6
2025-11-12,15.78,19.74,12.4,9.75,73.47,3.75,89.1
2025-11-13,16.47,20.16,12.59,0.0,73.58,4.69,36.96
2025-11-14,14.03,18.12,9.62,0.0,62.78,5.84,46.68
2025-11-15,14.02,19.23,9.99,3.38,67.3,4.07,73.29
2025-11-16,13.84,20.08,8.78,0.0,78.91,3.92,36.29
2025-11-17,15.37,20.48,11.73,0.0,76.67,3.97,27.23
2025-11-18,16.17,21.55,10.74,0.0,67.02,4.89,39.78
2025-11-19,13.5,17.61,8.54,10.58,78.36,3.37,72.18
2025-11-20,13.43,19.33,8.01,0.0,77.58,3.63,26.76
2025-11-21,14.27,19.63,9.18,0.0,74.68,2.63,39.96
2025-11-22,13.43,19.52,10.07,0.0,73.43,2.92,33.35
2025-11-23,14.87,21.22,10.56,14.36,84.27,3.46,56.87
2025-11-24,10.6,15.14,7.17,5.15,75.24,3.84,62.53
2025-11-25,12.34,16.11,7.29,0.0,73.15,5.3,21.23
2025-11-26,12.29,16.46,7.83,6.75,79.01,4.32,69.4
2025-11-27,10.18,14.99,6.52,0.0,71.83,3.17,39.97
2025-11-28,11.84,18.18,6.51,0.0,71.34,3.32,37.63
2025-11-29,11.8,16.43,8.51,8.12,79.75,5.01,92.78
2025-11-30,12.62,18.44,8.21,0.0,79.65,4.82,89.03
2025-12-01,14.23,19.35,9.43,0.0,68.32,3.94,47.86
2025-12-02,12.37,16.42,9.22,4.98,83.67,3.57,87.3
2025-12-03,11.25,15.71,6.76,0.0,68.86,4.83,37.52
2025-12-04,12.42,17.88,7.38,0.0,72.74,3.14,48.19
2025-12-05,13.77,19.29,10.6,0.0,72.44,4.25,46.03
2025-12-06,11.04,15.85,6.76,10.1,81.79,5.76,84.51
2025-12-07,11.04,15.23,7.39,0.0,63.48,4.11,50.25
2025-12-08,12.86,18.53,8.21,0.0,78.61,3.33,6.85
2025-12-09,11.76,15.77,8.47,7.41,76.85,4.28,76.51
2025-12-10,12.81,19.12,7.47,0.0,80.41,3.58,31.33
2025-12-11,11.87,15.93,6.63,0.0,71.99,2.85,48.83
2025-12-12,12.72,16.54,9.26,0.0,74.21,4.53,53.86
2025-12-13,10.39,15.38,6.58,0.0,84.09,4.86,17.6
2025-12-14,11.64,16.7,7.17,2.88,79.21,3.73,96.93
2025-12-15,11.31,16.34,6.52,17.07,86.85,3.67,65.94
2025-12-16,9.94,14.75,5.83,12.12,80.92,3.21,66.31
2025-12-17,9.42,15.9,6.03,27.98,82.86,3.86,77.19
2025-12-18,12.27,17.23,9.01,0.0,75.19,3.53,31.18
2025-12-19,10.86,15.8,5.36,12.2,85.14,3.18,61.3
2025-12-20,9.93,14.7,5.79,0.0,71.53,5.5,42.8
2025-12-21,11.08,14.78,5.89,7.8,76.09,4.36,88.15
2025-12-22,12.61,17.89,8.4,0.47,77.87,4.45,92.65
2025-12-23,8.13,12.31,2.82,0.0,75.61,4.7,29.8
2025-12-24,9.09,14.51,5.87,4.41,80.06,4.61,79.53
2025-12-25,9.79,13.44,6.5,0.0,78.76,3.67,34.63
2025-12-26,12.84,19.29,7.52,0.0,81.77,4.22,55.26
2025-12-27,11.26,16.17,5.9,0.0,70.41,3.78,0.99
2025-12-28,11.85,18.04,8.07,8.22,77.66,4.35,68.52
2025-12-29,9.33,14.26,5.44,0.0,68.18,4.27,35.07
2025-12-30,9.32,13.0,5.19,14.84,91.55,3.69,66.97
2025-12-31,11.32,17.29,7.28,0.0,76.95,2.94,31.9
