date,temp_max,temp_min,temp_mean,precipitation,humidity
2023-01-01,21.2,10.54,14.71,0.06,76.77
2023-01-02,22.84,9.76,14.61,0.18,77.2
2023-01-03,20.4,8.92,13.95,0.38,79.83
2023-01-04,19.92,9.61,14.35,0.39,78.11
2023-01-05,19.47,7.82,13.09,0.05,74.68
2023-01-06,20.97,7.95,13.45,0.0,64.4
2023-01-07,20.43,9.62,14.29,0.02,61.11
2023-01-08,19.75,9.11,13.47,0.7,69.9
2023-01-09,18.09,7.97,12.56,1.15,78.54
2023-01-10,21.31,8.75,14.28,0.01,63.7
2023-01-11,19.87,8.48,13.18,0.0,60.98
2023-01-12,18.81,7.46,11.78,0.34,62.6
2023-01-13,19.69,7.08,12.42,0.01,61.55
2023-01-14,19.03,9.7,13.17,0.31,64.06
2023-01-15,19.08,7.51,12.74,0.01,65.94
2023-01-16,16.88,8.0,11.2,0.36,63.41
2023-01-17,19.52,5.8,12.21,0.0,62.16
2023-01-18,22.0,6.27,12.78,0.0,60.77
2023-01-19,23.86,6.77,13.9,0.01,61.36
2023-01-20,22.41,6.84,13.48,0.0,50.74
2023-01-21,20.06,8.88,13.06,2.45,78.34
2023-01-22,20.64,7.72,13.02,9.47,78.84
2023-01-23,21.74,7.82,13.76,20.53,82.76
2023-01-24,21.97,9.62,14.2,34.09,81.6
2023-01-25,20.66,7.94,12.82,5.16,80.0
2023-01-26,21.28,7.13,12.71,3.02,74.67
2023-01-27,23.96,9.72,15.33,0.0,45.25
2023-01-28,21.9,9.66,14.76,0.0,51.99
2023-01-29,20.88,9.55,13.92,0.12,73.12
2023-01-30,20.4,8.48,12.87,0.03,71.84
2023-01-31,15.75,5.91,10.62,1.74,68.12
2023-02-01,16.25,6.27,10.3,3.23,71.94
2023-02-02,17.7,4.34,10.73,0.01,68.86
2023-02-03,17.84,7.38,11.64,0.01,71.04
2023-02-04,18.69,5.26,11.26,0.09,70.4
2023-02-05,18.76,5.64,11.25,0.0,59.9
2023-02-06,13.8,6.03,9.73,0.46,64.75
2023-02-07,14.07,3.41,8.32,0.16,71.99
2023-02-08,13.75,3.82,8.57,2.04,79.21
2023-02-09,15.41,3.96,9.23,0.0,64.07
2023-02-10,18.11,3.93,10.19,0.0,70.97
2023-02-11,15.96,5.28,10.28,3.33,79.15
2023-02-12,16.59,5.04,10.43,0.26,71.46
2023-02-13,16.43,4.43,9.82,0.26,73.27
2023-02-14,16.07,4.14,9.66,0.56,75.54
2023-02-15,16.41,4.37,10.08,0.06,73.88
2023-02-16,17.54,6.29,11.44,0.06,72.23
2023-02-17,18.75,5.95,11.59,0.02,74.25
2023-02-18,20.18,6.33,12.09,0.0,72.69
2023-02-19,20.65,6.27,12.32,0.01,73.87
2023-02-20,20.18,7.58,12.7,0.0,72.38
2023-02-21,20.77,7.48,13.42,0.0,68.31
2023-02-22,20.57,7.59,13.12,0.0,74.85
2023-02-23,20.38,8.83,13.85,0.0,67.66
2023-02-24,20.93,9.37,14.45,0.0,66.5
2023-02-25,22.75,10.35,15.9,0.0,62.09
2023-02-26,23.24,10.48,15.7,0.0,61.44
2023-02-27,26.19,8.39,15.95,0.0,70.99
2023-02-28,30.74,10.47,19.18,0.0,50.33
2023-03-01,31.07,12.99,21.64,0.0,31.14
2023-03-02,32.39,13.52,21.26,0.0,31.6
2023-03-03,27.29,11.4,18.09,0.0,61.16
2023-03-04,29.96,11.07,19.88,0.0,49.6
2023-03-05,32.65,13.18,21.14,0.0,39.81
2023-03-06,23.15,10.2,15.84,0.0,66.11
2023-03-07,22.45,9.66,15.02,0.0,65.4
2023-03-08,22.44,8.34,14.64,0.0,63.16
2023-03-09,25.64,9.95,17.32,0.0,45.38
2023-03-10,27.8,11.07,18.93,0.0,37.93
2023-03-11,27.16,11.96,18.65,0.0,58.23
2023-03-12,28.28,12.34,19.21,0.0,43.63
2023-03-13,26.86,12.45,18.46,0.11,54.68
2023-03-14,20.26,10.15,14.65,3.79,74.77
2023-03-15,21.63,8.74,14.51,0.06,59.68
2023-03-16,25.4,8.33,16.62,0.0,37.16
2023-03-17,25.13,9.75,16.7,0.01,47.19
2023-03-18,21.08,10.48,14.87,0.1,64.91
2023-03-19,20.87,8.31,14.09,0.18,67.76
2023-03-20,21.9,9.74,14.73,0.42,68.97
2023-03-21,23.76,10.84,16.28,0.03,63.17
2023-03-22,25.93,10.33,18.3,0.0,50.08
2023-03-23,28.68,15.84,21.07,0.03,39.97
2023-03-24,30.29,14.97,21.52,0.17,39.88
2023-03-25,23.98,12.76,18.3,0.96,71.95
2023-03-26,24.29,9.44,16.47,0.04,64.66
2023-03-27,27.49,10.26,18.32,0.0,56.19
2023-03-28,29.59,10.71,19.7,0.01,53.33
2023-03-29,24.57,10.47,16.68,0.02,60.73
2023-03-30,21.06,9.13,14.09,0.01,52.44
2023-03-31,22.19,6.97,14.26,0.05,56.7
2023-04-01,23.81,8.64,15.82,0.0,53.7
2023-04-02,27.81,10.2,18.6,0.0,39.24
2023-04-03,31.11,11.17,20.6,0.0,33.75
2023-04-04,31.56,13.17,21.31,0.0,27.98
2023-04-05,26.27,12.62,18.75,0.0,46.24
2023-04-06,27.2,10.34,18.67,0.0,50.35
2023-04-07,33.8,15.18,23.15,0.0,34.44
2023-04-08,34.16,15.77,23.91,0.0,49.16
2023-04-09,30.97,17.17,23.69,0.0,48.55
2023-04-10,29.91,14.84,22.05,0.0,56.05
2023-04-11,23.63,12.5,17.73,1.22,57.22
2023-04-12,19.8,10.29,14.59,1.88,66.16
2023-04-13,25.07,9.64,17.05,0.0,54.68
2023-04-14,28.16,11.3,20.0,0.0,49.79
2023-04-15,30.48,13.83,21.73,0.0,45.6
2023-04-16,31.43,11.47,21.2,0.0,44.73
2023-04-17,34.62,13.75,24.36,0.0,33.4
2023-04-18,36.59,19.37,27.04,0.0,25.27
2023-04-19,35.82,17.8,24.86,0.0,45.91
2023-04-20,27.95,13.84,20.4,0.0,52.89
2023-04-21,27.66,12.04,20.1,0.0,52.66
2023-04-22,30.73,13.15,21.81,0.0,47.22
2023-04-23,30.78,14.2,22.01,0.0,42.89
2023-04-24,31.9,13.69,22.62,0.0,43.38
2023-04-25,31.42,14.3,23.02,0.0,40.57
2023-04-26,32.61,16.34,24.3,0.0,34.14
2023-04-27,33.67,16.06,24.53,0.0,35.84
2023-04-28,27.36,14.68,20.37,0.0,54.03
2023-04-29,25.35,12.23,18.24,0.0,50.81
2023-04-30,26.16,10.83,18.54,0.0,48.41
2023-05-01,28.89,11.68,20.37,0.0,39.18
2023-05-02,31.47,13.09,22.05,0.24,44.55
2023-05-03,33.1,14.35,23.05,0.03,40.41
2023-05-04,36.93,15.28,26.12,0.15,37.22
2023-05-05,31.08,17.77,24.65,0.0,32.18
2023-05-06,30.02,16.03,22.82,0.0,50.01
2023-05-07,28.71,14.99,21.74,0.0,54.31
2023-05-08,28.54,14.87,21.61,0.0,52.69
2023-05-09,30.25,14.53,22.37,0.0,51.79
2023-05-10,33.32,15.16,24.09,0.0,45.54
2023-05-11,38.04,17.98,27.8,0.0,36.49
2023-05-12,32.93,17.87,24.63,0.05,49.53
2023-05-13,31.29,14.7,22.92,0.08,51.38
2023-05-14,32.91,14.48,23.38,0.07,47.59
2023-05-15,34.95,15.21,24.45,0.03,46.92
2023-05-16,37.7,16.34,26.92,0.01,43.39
2023-05-17,38.39,19.34,28.2,0.0,34.66
2023-05-18,31.28,15.93,23.11,0.0,50.69
2023-05-19,30.1,14.54,22.27,0.0,50.09
2023-05-20,32.23,15.21,23.8,0.0,47.55
2023-05-21,38.14,18.55,28.74,0.0,27.02
2023-05-22,33.76,19.31,25.93,0.0,37.06
2023-05-23,35.01,17.88,26.75,0.0,37.67
2023-05-24,34.53,19.11,26.76,0.0,39.16
2023-05-25,35.33,17.91,26.72,0.0,38.35
2023-05-26,34.15,20.85,27.04,0.0,38.5
2023-05-27,36.86,22.8,29.15,0.15,31.17
2023-05-28,33.33,21.43,26.87,0.0,42.78
2023-05-29,33.01,18.26,25.99,0.0,45.66
2023-05-30,34.81,19.87,27.66,0.0,41.72
2023-05-31,38.35,21.1,29.56,0.0,32.28
2023-06-01,41.87,24.9,31.35,0.38,31.39
2023-06-02,42.56,25.55,33.9,0.0,24.14
2023-06-03,36.21,22.44,28.56,0.0,42.68
2023-06-04,35.94,19.27,26.92,0.0,43.33
2023-06-05,34.78,18.58,26.21,0.0,39.49
2023-06-06,35.52,18.42,26.87,0.0,38.25
2023-06-07,38.35,20.9,29.98,0.01,36.42
2023-06-08,40.39,24.74,31.46,0.01,33.83
2023-06-09,39.14,24.76,31.49,0.0,31.55
2023-06-10,36.83,21.43,28.98,0.16,46.62
2023-06-11,36.47,21.68,28.96,0.0,33.66
2023-06-12,36.79,22.35,29.62,0.45,34.41
2023-06-13,40.47,23.4,31.59,0.03,37.18
2023-06-14,35.45,21.18,27.84,0.07,46.86
2023-06-15,36.76,19.83,28.31,0.0,44.38
2023-06-16,40.65,20.0,31.38,0.0,29.01
2023-06-17,37.63,24.13,30.02,0.0,39.41
2023-06-18,36.31,21.41,28.57,0.0,38.58
2023-06-19,34.07,19.72,26.74,0.0,46.03
2023-06-20,35.46,19.67,27.36,0.0,50.74
2023-06-21,36.8,20.2,28.37,0.0,49.04
2023-06-22,36.32,20.72,28.18,0.0,49.95
2023-06-23,38.88,20.15,29.92,0.0,43.71
2023-06-24,39.06,21.12,30.53,0.0,38.24
2023-06-25,38.23,20.98,29.34,0.0,34.72
2023-06-26,37.11,19.84,28.56,0.0,28.96
2023-06-27,37.82,21.4,29.48,0.0,41.05
2023-06-28,38.03,21.08,29.64,0.0,44.18
2023-06-29,37.59,21.37,29.47,0.0,43.33
2023-06-30,38.36,20.4,29.38,0.0,46.46
2023-07-01,38.4,21.6,29.33,0.0,45.83
2023-07-02,38.9,20.91,29.66,0.0,39.02
2023-07-03,41.27,20.49,31.39,0.0,32.22
2023-07-04,39.95,24.08,31.83,0.0,32.94
2023-07-05,36.9,21.87,29.06,0.0,47.52
2023-07-06,37.36,21.13,29.48,0.0,47.65
2023-07-07,38.88,22.28,30.43,0.0,44.12
2023-07-08,39.71,22.73,30.48,0.0,51.12
2023-07-09,38.33,22.03,29.39,0.0,52.37
2023-07-10,38.51,21.9,30.04,0.0,48.76
2023-07-11,38.53,23.11,30.42,0.0,46.7
2023-07-12,38.57,22.37,30.26,0.0,43.32
2023-07-13,40.54,20.63,30.57,0.0,37.2
2023-07-14,42.26,20.9,31.84,0.0,35.41
2023-07-15,40.94,21.82,31.9,0.0,34.0
2023-07-16,43.13,22.49,33.25,0.0,34.7
2023-07-17,42.13,24.16,33.51,0.0,34.94
2023-07-18,41.31,23.28,32.07,0.0,41.66
2023-07-19,40.07,22.61,31.27,0.0,42.99
2023-07-20,40.74,24.3,32.47,0.0,33.04
2023-07-21,40.23,24.01,31.99,0.0,30.82
2023-07-22,42.84,22.34,32.77,0.0,34.49
2023-07-23,43.25,24.11,33.87,0.0,39.68
2023-07-24,43.27,24.21,33.83,0.0,42.58
2023-07-25,41.57,23.66,32.68,0.0,42.64
2023-07-26,42.32,24.51,33.61,0.0,40.78
2023-07-27,43.54,26.48,34.96,0.0,29.77
2023-07-28,43.89,24.1,33.82,0.0,36.87
2023-07-29,39.8,23.41,30.65,0.0,41.69
2023-07-30,38.93,21.86,29.75,0.0,45.39
2023-07-31,39.59,21.45,30.41,0.0,46.62
2023-08-01,38.97,22.6,30.94,0.0,40.14
2023-08-02,40.27,23.35,31.95,0.0,34.52
2023-08-03,39.13,22.69,31.2,0.0,36.08
2023-08-04,40.7,22.53,31.43,0.0,35.23
2023-08-05,41.1,23.95,32.48,0.0,25.24
2023-08-06,43.53,27.51,35.05,0.0,22.56
2023-08-07,42.69,25.24,33.39,0.0,36.96
2023-08-08,38.66,24.33,30.71,0.0,46.26
2023-08-09,37.32,22.53,29.58,0.0,46.99
2023-08-10,38.57,22.71,30.09,0.0,48.32
2023-08-11,38.15,22.56,29.91,0.0,52.11
2023-08-12,38.63,23.68,29.92,0.0,50.7
2023-08-13,38.6,23.6,30.15,0.0,52.21
2023-08-14,38.87,22.94,30.05,0.0,51.1
2023-08-15,38.48,22.63,29.8,0.0,51.58
2023-08-16,38.45,23.16,29.71,0.0,53.53
2023-08-17,39.65,22.26,30.47,0.0,50.04
2023-08-18,38.72,23.04,30.68,0.0,46.52
2023-08-19,39.2,22.41,30.27,0.0,45.07
2023-08-20,38.4,21.68,29.8,0.0,47.86
2023-08-21,38.39,23.38,29.99,0.0,50.36
2023-08-22,39.1,22.19,30.2,0.0,48.4
2023-08-23,39.32,22.06,30.28,0.0,44.13
2023-08-24,40.87,20.66,30.28,0.0,51.55
2023-08-25,41.12,22.13,31.07,0.0,49.31
2023-08-26,41.22,22.47,31.7,0.0,47.37
2023-08-27,40.17,24.22,32.22,0.0,40.04
2023-08-28,38.45,24.4,30.87,0.0,42.27
2023-08-29,38.16,22.56,29.66,0.0,47.11
2023-08-30,40.37,21.62,30.83,0.0,44.94
2023-08-31,41.46,23.32,31.96,0.0,43.09
2023-09-01,38.37,23.97,30.02,0.0,49.77
2023-09-02,38.74,21.62,29.43,0.0,52.36
2023-09-03,36.59,22.08,28.91,0.0,52.06
2023-09-04,35.25,21.9,28.34,0.0,50.08
2023-09-05,38.06,22.88,30.44,0.0,38.63
2023-09-06,40.08,23.98,31.84,0.0,29.64
2023-09-07,43.49,25.16,34.25,0.0,23.51
2023-09-08,41.29,25.25,32.67,0.0,30.01
2023-09-09,39.25,25.42,31.68,0.0,36.77
2023-09-10,39.25,25.18,31.85,0.0,36.52
2023-09-11,38.66,26.49,31.78,0.0,34.46
2023-09-12,36.11,26.13,29.85,0.0,46.9
2023-09-13,35.84,23.55,28.97,0.0,50.24
2023-09-14,36.01,20.15,27.86,0.0,51.66
2023-09-15,36.44,20.76,28.17,0.0,48.7
2023-09-16,35.89,19.82,27.62,0.0,45.59
2023-09-17,38.58,20.19,29.01,0.0,48.5
2023-09-18,36.71,21.66,28.39,0.0,54.32
2023-09-19,35.18,20.87,27.76,0.0,54.54
2023-09-20,35.24,20.75,27.81,0.0,52.75
2023-09-21,36.73,20.77,28.66,0.0,54.12
2023-09-22,37.46,21.45,29.22,0.0,50.46
2023-09-23,37.38,20.22,28.54,0.0,50.38
2023-09-24,38.81,20.93,29.43,0.0,47.06
2023-09-25,38.0,20.52,29.03,0.0,44.39
2023-09-26,37.29,20.47,28.71,0.0,46.62
2023-09-27,38.7,20.62,29.32,0.0,37.64
2023-09-28,39.92,21.15,29.91,0.01,41.52
2023-09-29,38.61,22.69,29.91,0.02,48.63
2023-09-30,36.73,22.72,29.27,0.0,51.0
2023-10-01,30.7,23.38,26.59,0.0,53.25
2023-10-02,27.81,21.37,24.37,0.01,57.18
2023-10-03,32.14,19.17,25.42,0.0,52.05
2023-10-04,30.85,20.85,25.64,0.15,53.31
2023-10-05,34.64,20.92,27.29,0.0,54.79
2023-10-06,33.47,20.78,26.61,0.0,55.15
2023-10-07,32.05,19.41,25.66,0.0,53.66
2023-10-08,32.72,20.03,26.13,0.0,51.3
2023-10-09,33.31,20.67,26.46,0.0,56.57
2023-10-10,31.52,19.36,24.93,0.0,57.12
2023-10-11,31.98,18.46,24.74,0.0,56.2
2023-10-12,32.01,18.37,24.91,0.0,59.06
2023-10-13,31.9,19.32,25.34,0.03,61.98
2023-10-14,30.62,18.36,24.24,0.01,56.56
2023-10-15,30.23,19.76,24.0,0.0,52.05
2023-10-16,30.3,17.18,23.44,0.0,59.03
2023-10-17,30.05,17.98,23.66,0.0,58.61
2023-10-18,30.86,17.47,23.65,0.0,58.52
2023-10-19,31.74,17.92,24.12,0.0,54.84
2023-10-20,32.47,18.02,24.61,0.0,43.11
2023-10-21,31.18,17.92,23.89,0.0,55.0
2023-10-22,32.05,17.83,24.26,0.0,65.48
2023-10-23,32.75,19.34,24.86,0.0,64.28
2023-10-24,33.19,19.1,24.91,0.0,64.27
2023-10-25,34.59,18.25,25.61,0.0,60.02
2023-10-26,35.81,20.2,26.93,0.0,49.26
2023-10-27,33.16,20.3,25.8,0.0,56.58
2023-10-28,33.51,19.19,25.63,8.9,64.5
2023-10-29,32.06,20.46,25.28,11.9,71.83
2023-10-30,31.74,20.34,25.02,20.43,71.69
2023-10-31,30.03,19.73,24.02,11.63,74.02
2023-11-01,30.04,18.69,23.71,2.21,72.76
2023-11-02,29.56,18.34,22.83,2.1,69.82
2023-11-03,31.5,17.44,22.86,0.0,63.09
2023-11-04,31.87,16.54,23.23,0.0,52.77
2023-11-05,31.66,16.38,22.74,0.0,60.15
2023-11-06,31.79,15.68,22.6,0.0,59.33
2023-11-07,30.28,15.64,21.92,0.0,66.32
2023-11-08,29.01,16.19,21.69,0.0,75.13
2023-11-09,28.99,16.31,21.63,0.0,74.49
2023-11-10,28.11,16.83,21.35,0.0,73.46
2023-11-11,26.28,17.66,21.5,0.1,76.6
2023-11-12,29.04,18.57,23.0,0.33,70.73
2023-11-13,30.29,17.88,23.15,0.07,71.26
2023-11-14,26.27,16.78,20.88,0.05,71.42
2023-11-15,26.15,15.55,20.63,0.04,66.72
2023-11-16,26.18,15.15,20.03,0.02,72.08
2023-11-17,27.13,16.52,21.04,0.05,74.93
2023-11-18,26.76,16.51,20.35,0.0,67.48
2023-11-19,22.84,14.77,18.29,0.32,61.22
2023-11-20,21.89,13.76,16.95,0.04,62.39
2023-11-21,23.63,13.67,17.55,0.0,64.86
2023-11-22,24.31,12.61,16.53,0.17,70.08
2023-11-23,24.64,11.73,17.61,0.0,51.22
2023-11-24,24.91,11.75,17.48,0.0,49.44
2023-11-25,25.51,13.52,18.18,0.0,41.09
2023-11-26,23.01,11.05,16.29,0.0,53.65
2023-11-27,21.3,11.22,15.67,0.0,60.26
2023-11-28,20.64,10.05,15.09,0.0,59.84
2023-11-29,23.71,9.75,15.83,0.0,64.96
2023-11-30,24.69,10.95,16.93,0.01,75.14
2023-12-01,26.88,12.17,18.25,0.02,77.25
2023-12-02,24.61,13.63,17.62,0.0,78.32
2023-12-03,26.99,13.61,18.77,0.0,70.99
2023-12-04,25.71,14.07,18.48,0.0,63.84
2023-12-05,23.84,13.8,17.75,0.0,75.0
2023-12-06,22.69,11.67,16.18,0.0,68.44
2023-12-07,21.4,10.95,15.54,0.0,56.74
2023-12-08,20.27,11.69,14.77,0.0,60.54
2023-12-09,21.24,9.01,14.58,0.0,61.76
2023-12-10,23.33,9.33,15.84,0.0,54.68
2023-12-11,23.52,10.35,15.92,0.0,46.06
2023-12-12,21.6,8.09,14.16,0.74,66.78
2023-12-13,20.19,12.62,15.65,14.47,84.6
2023-12-14,22.42,12.57,17.1,1.6,74.31
2023-12-15,25.29,12.11,17.97,0.0,63.28
2023-12-16,24.84,11.53,17.22,0.0,59.23
2023-12-17,23.97,11.68,16.89,0.0,76.97
2023-12-18,23.43,13.74,17.93,0.0,77.0
2023-12-19,22.3,11.54,16.04,0.0,77.94
2023-12-20,19.38,10.46,14.51,0.0,83.22
2023-12-21,19.58,10.34,13.73,0.0,77.23
2023-12-22,20.0,8.04,13.45,0.0,63.26
2023-12-23,20.73,9.69,14.79,0.02,71.8
2023-12-24,21.74,12.25,16.3,0.17,70.47
2023-12-25,22.16,12.25,16.17,0.12,77.86
2023-12-26,22.09,10.62,15.73,0.02,81.04
2023-12-27,21.62,11.83,15.97,1.04,79.66
2023-12-28,21.23,12.97,16.3,5.97,83.54
2023-12-29,21.91,12.7,16.42,0.79,81.05
2023-12-30,22.57,10.42,16.1,0.5,78.26
2023-12-31,20.71,11.36,15.29,0.61,81.21
2024-01-01,20.61,9.47,14.91,0.01,77.14
2024-01-02,21.62,10.28,15.59,0.0,76.89
2024-01-03,20.92,10.22,14.39,0.0,76.49
2024-01-04,21.03,9.94,14.18,0.0,74.78
2024-01-05,21.08,8.51,13.86,0.0,67.17
2024-01-06,22.51,10.75,15.4,0.01,72.87
2024-01-07,22.89,9.36,14.6,0.0,62.53
2024-01-08,21.88,7.03,13.45,0.0,47.37
2024-01-09,19.41,4.86,10.95,0.0,49.07
2024-01-10,19.63,4.36,11.74,0.01,58.25
2024-01-11,17.77,8.8,13.03,0.29,73.91
2024-01-12,18.4,8.16,12.28,0.02,61.59
2024-01-13,19.96,6.87,12.1,0.02,57.33
2024-01-14,18.64,7.95,12.28,0.25,74.04
2024-01-15,18.77,6.53,11.71,0.01,69.75
2024-01-16,18.43,5.54,11.99,0.0,52.93
2024-01-17,21.06,8.79,13.8,0.0,44.82
2024-01-18,21.96,9.6,14.62,0.0,45.04
2024-01-19,22.6,9.36,15.49,0.0,47.82
2024-01-20,24.06,10.88,16.45,0.0,49.71
2024-01-21,25.25,11.61,16.35,0.0,38.44
2024-01-22,22.37,7.87,14.28,0.05,59.9
2024-01-23,19.56,10.45,14.53,0.08,68.44
2024-01-24,16.87,9.33,12.49,0.2,66.65
2024-01-25,16.22,8.23,11.91,0.52,77.73
2024-01-26,18.54,8.11,13.11,0.76,72.21
2024-01-27,18.44,9.76,13.18,0.4,68.3
2024-01-28,16.75,9.02,12.19,0.46,69.61
2024-01-29,17.25,6.58,11.17,0.71,74.54
2024-01-30,15.3,4.39,9.4,0.03,66.9
2024-01-31,15.78,3.32,8.49,42.54,71.86
2024-02-01,15.62,4.44,8.91,1.96,78.52
2024-02-02,14.33,8.11,10.76,31.46,84.27
2024-02-03,17.36,3.61,9.73,0.0,67.28
2024-02-04,16.93,4.58,10.23,0.25,69.73
2024-02-05,17.51,5.62,11.23,0.02,80.63
2024-02-06,20.27,6.73,12.53,0.02,76.55
2024-02-07,21.31,8.75,13.46,0.06,75.36
2024-02-08,21.62,6.51,13.08,0.01,70.5
2024-02-09,20.58,8.93,13.34,0.0,70.58
2024-02-10,20.81,7.78,13.56,0.0,72.78
2024-02-11,22.16,7.83,13.97,0.03,70.31
2024-02-12,20.69,9.46,14.13,0.0,54.01
2024-02-13,21.48,10.02,14.8,0.01,55.71
2024-02-14,18.88,7.01,12.68,0.04,73.46
2024-02-15,17.32,8.45,12.21,1.06,72.67
2024-02-16,18.7,8.34,12.35,0.27,72.53
2024-02-17,19.03,6.61,12.33,0.08,71.89
2024-02-18,19.27,8.71,13.42,0.03,74.31
2024-02-19,19.89,7.45,12.78,0.03,73.29
2024-02-20,19.97,7.22,12.98,0.0,69.89
2024-02-21,20.66,8.71,13.63,0.01,69.41
2024-02-22,21.67,6.61,13.38,0.02,71.3
2024-02-23,18.53,9.48,13.22,0.1,80.54
2024-02-24,23.48,9.92,15.37,0.16,70.59
2024-02-25,23.13,8.14,14.86,0.04,67.46
2024-02-26,25.0,9.08,15.96,0.0,57.43
2024-02-27,21.3,8.33,14.49,0.0,73.68
2024-02-28,23.62,8.39,15.25,0.0,69.24
2024-02-29,27.83,8.82,17.37,0.0,57.5
2024-03-01,29.12,13.14,20.73,0.0,37.51
2024-03-02,24.27,9.91,16.1,0.0,59.3
2024-03-03,22.32,8.9,14.82,0.0,72.25
2024-03-04,22.86,8.38,14.9,0.0,66.86
2024-03-05,26.7,9.06,17.41,0.0,55.36
2024-03-06,23.2,9.78,15.62,0.0,67.01
2024-03-07,22.26,9.29,15.14,0.0,69.86
2024-03-08,22.75,8.53,15.03,0.0,65.83
2024-03-09,22.51,8.91,14.94,0.0,64.87
2024-03-10,23.19,8.87,14.99,0.0,65.04
2024-03-11,24.29,7.21,14.9,0.0,64.05
2024-03-12,28.72,7.73,17.2,0.0,55.74
2024-03-13,26.19,9.32,16.93,0.0,59.42
2024-03-14,24.0,10.38,15.97,0.0,63.41
2024-03-15,23.32,8.2,15.47,0.0,62.59
2024-03-16,22.35,10.06,15.85,0.0,64.22
2024-03-17,25.94,10.16,17.25,0.0,64.86
2024-03-18,20.36,10.46,14.67,1.25,71.21
2024-03-19,21.8,9.25,14.74,0.07,64.99
2024-03-20,24.84,9.03,16.98,0.0,52.28
2024-03-21,26.33,10.53,17.32,0.05,49.49
2024-03-22,22.37,7.02,14.22,0.0,59.42
2024-03-23,22.19,7.67,14.78,0.0,56.8
2024-03-24,16.03,8.35,12.81,4.02,73.8
2024-03-25,22.21,6.74,14.32,0.0,55.41
2024-03-26,26.99,9.29,18.49,0.0,37.84
2024-03-27,31.21,13.38,22.76,0.0,30.19
2024-03-28,28.65,14.86,21.3,0.02,36.91
2024-03-29,27.2,14.39,20.15,0.53,65.5
2024-03-30,30.09,12.4,20.48,0.38,61.87
2024-03-31,32.58,14.56,23.09,0.05,57.21
2024-04-01,32.73,16.78,23.84,0.0,52.08
2024-04-02,32.67,14.64,22.82,0.0,51.7
2024-04-03,32.45,12.69,22.2,0.0,50.72
2024-04-04,32.92,13.36,22.63,0.0,41.53
2024-04-05,30.44,12.7,20.62,0.0,53.39
2024-04-06,27.86,11.12,18.76,0.0,58.48
2024-04-07,26.66,11.33,18.49,0.06,59.7
2024-04-08,24.9,12.08,18.24,0.3,63.25
2024-04-09,24.71,11.4,17.99,0.08,61.08
2024-04-10,26.14,11.66,18.76,0.0,58.76
2024-04-11,28.57,13.29,20.5,0.0,52.45
2024-04-12,29.07,12.61,20.64,0.01,53.35
2024-04-13,30.06,12.88,21.1,0.19,58.91
2024-04-14,30.02,14.51,21.31,0.36,60.4
2024-04-15,30.58,14.87,21.88,0.22,55.26
2024-04-16,31.49,13.06,22.26,0.0,51.87
2024-04-17,36.71,16.26,26.22,0.0,34.2
2024-04-18,30.68,16.85,23.59,0.0,47.46
2024-04-19,29.9,14.68,21.82,0.0,53.67
2024-04-20,33.74,13.64,23.13,0.0,50.22
2024-04-21,30.31,13.97,21.49,0.0,48.44
2024-04-22,33.46,13.91,23.21,0.0,40.35
2024-04-23,37.98,18.2,27.56,0.0,25.94
2024-04-24,41.63,21.85,30.84,0.0,21.1
2024-04-25,33.86,20.02,26.74,0.0,32.47
2024-04-26,31.39,17.22,23.36,0.0,49.07
2024-04-27,31.31,15.05,22.46,0.0,49.89
2024-04-28,32.39,14.42,22.62,0.0,50.68
2024-04-29,31.36,13.84,21.91,0.0,52.73
2024-04-30,31.2,14.69,21.97,0.0,55.24
2024-05-01,32.39,16.85,23.74,0.0,53.67
2024-05-02,32.19,15.19,23.3,0.0,50.3
2024-05-03,33.11,17.13,24.42,0.0,42.02
2024-05-04,32.12,15.11,23.28,0.0,53.56
2024-05-05,28.6,16.2,21.57,0.0,52.35
2024-05-06,28.39,14.04,20.95,0.0,54.32
2024-05-07,29.5,12.75,21.14,0.0,45.83
2024-05-08,31.3,13.37,22.35,0.0,38.58
2024-05-09,36.78,14.72,26.75,0.0,31.88
2024-05-10,37.29,21.67,28.19,0.0,18.26
2024-05-11,31.78,18.19,24.41,0.0,44.12
2024-05-12,30.22,16.43,22.91,0.0,54.18
2024-05-13,29.23,14.91,21.43,0.0,53.18
2024-05-14,30.68,13.67,22.06,0.0,47.15
2024-05-15,31.68,13.92,22.86,0.0,45.02
2024-05-16,34.39,15.22,24.86,0.0,39.08
2024-05-17,37.53,18.05,27.85,0.0,27.57
2024-05-18,40.82,22.36,31.17,0.0,21.76
2024-05-19,39.27,22.94,30.74,0.0,22.91
2024-05-20,42.58,23.48,32.68,0.0,22.22
2024-05-21,39.82,22.32,30.81,0.0,27.64
2024-05-22,40.47,21.37,31.13,0.0,26.56
2024-05-23,40.54,22.51,31.1,0.0,26.68
2024-05-24,34.19,18.24,25.73,0.0,43.1
2024-05-25,34.31,16.48,25.38,1.16,44.29
2024-05-26,37.72,18.67,28.81,0.0,28.45
2024-05-27,34.74,20.67,28.22,0.0,35.06
2024-05-28,33.62,18.26,25.66,0.0,45.18
2024-05-29,32.39,17.31,24.96,0.0,45.83
2024-05-30,32.5,17.43,25.16,0.0,41.78
2024-05-31,36.45,18.1,27.75,0.0,34.88
2024-06-01,39.07,21.56,30.5,0.0,23.79
2024-06-02,39.09,21.67,29.89,0.0,26.67
2024-06-03,39.19,18.36,28.92,0.0,35.92
2024-06-04,41.01,19.07,30.07,0.0,37.23
2024-06-05,42.33,19.85,31.25,0.0,35.84
2024-06-06,43.66,21.51,32.85,0.0,34.77
2024-06-07,44.09,23.22,33.93,0.0,33.73
2024-06-08,40.87,23.38,31.16,0.0,41.33
2024-06-09,37.54,20.29,28.86,0.0,44.24
2024-06-10,38.7,20.73,29.84,0.0,45.31
2024-06-11,38.93,21.22,30.23,0.0,36.17
2024-06-12,40.5,20.15,30.81,0.0,33.5
2024-06-13,43.26,21.91,32.61,0.0,34.58
2024-06-14,45.49,23.3,34.73,0.0,29.38
2024-06-15,45.27,24.71,34.82,0.0,35.0
2024-06-16,41.24,23.3,31.85,0.0,37.92
2024-06-17,37.9,21.59,29.77,0.0,41.82
2024-06-18,39.28,22.05,29.98,0.0,45.17
2024-06-19,39.89,20.58,30.07,0.0,42.26
2024-06-20,39.32,21.35,30.53,0.02,38.9
2024-06-21,39.74,23.97,31.65,0.01,36.69
2024-06-22,39.66,23.72,31.75,0.0,33.64
2024-06-23,41.16,22.98,32.16,0.0,35.76
2024-06-24,40.99,22.76,32.31,0.0,31.67
2024-06-25,40.06,23.66,31.91,0.0,32.54
2024-06-26,39.87,21.91,30.47,0.0,44.43
2024-06-27,42.28,21.24,31.53,0.0,43.59
2024-06-28,41.35,21.68,31.09,0.0,43.38
2024-06-29,38.19,23.34,29.95,0.0,49.22
2024-06-30,37.5,22.57,30.03,0.0,45.89
2024-07-01,39.27,23.97,30.86,0.0,45.76
2024-07-02,38.52,21.22,29.94,0.0,43.01
2024-07-03,39.36,23.0,31.16,0.0,26.52
2024-07-04,42.42,23.74,33.35,0.0,28.08
2024-07-05,39.27,24.54,31.48,0.0,40.78
2024-07-06,36.77,24.14,29.89,0.0,46.85
2024-07-07,38.94,23.1,30.53,0.0,47.32
2024-07-08,39.23,22.82,31.26,0.0,47.1
2024-07-09,40.64,23.72,32.45,0.0,43.48
2024-07-10,40.88,25.06,33.3,0.0,37.48
2024-07-11,41.61,26.33,34.1,0.0,39.05
2024-07-12,43.58,26.61,34.97,0.0,33.19
2024-07-13,40.22,25.74,32.63,0.0,35.44
2024-07-14,38.25,23.76,31.04,0.0,40.54
2024-07-15,39.1,23.19,31.13,0.0,46.36
2024-07-16,39.0,22.7,30.85,0.0,42.0
2024-07-17,39.67,23.05,31.3,0.0,42.67
2024-07-18,39.51,22.79,31.03,0.0,40.49
2024-07-19,40.09,22.73,31.56,0.0,41.64
2024-07-20,41.09,24.26,33.0,0.0,36.25
2024-07-21,41.75,25.31,33.57,0.0,39.23
2024-07-22,41.32,24.53,33.16,0.0,40.48
2024-07-23,40.75,25.03,32.41,0.0,37.22
2024-07-24,40.49,22.72,31.59,0.0,43.97
2024-07-25,42.63,25.21,33.82,0.0,34.1
2024-07-26,38.93,25.72,31.39,0.0,45.84
2024-07-27,38.56,23.31,30.53,0.0,45.99
2024-07-28,39.93,23.48,31.76,0.0,43.57
2024-07-29,39.25,23.98,31.54,0.0,40.82
2024-07-30,39.19,22.92,31.08,0.0,43.91
2024-07-31,39.93,24.01,31.83,0.0,41.94
2024-08-01,39.54,23.82,31.41,0.0,44.47
2024-08-02,38.76,23.51,31.21,0.0,42.7
2024-08-03,38.91,24.27,31.29,0.0,41.6
2024-08-04,38.88,23.62,31.0,0.01,39.69
2024-08-05,38.88,22.1,30.45,0.0,36.23
2024-08-06,39.29,22.62,30.76,0.0,40.1
2024-08-07,39.76,23.44,31.26,1.77,45.28
2024-08-08,39.75,23.43,31.44,0.0,39.49
2024-08-09,40.0,23.28,31.53,0.0,39.17
2024-08-10,39.93,23.06,31.08,0.0,39.28
2024-08-11,40.01,22.72,30.76,0.0,46.93
2024-08-12,38.73,22.44,30.54,0.0,44.74
2024-08-13,38.34,23.71,30.82,0.0,42.49
2024-08-14,39.19,23.07,30.6,0.0,44.91
2024-08-15,40.1,22.12,30.82,0.0,46.59
2024-08-16,39.37,21.95,30.44,0.0,52.24
2024-08-17,40.85,23.46,31.58,0.0,49.38
2024-08-18,39.57,23.1,30.8,0.0,50.09
2024-08-19,39.16,23.93,31.01,0.0,41.5
2024-08-20,40.71,22.18,30.97,0.0,38.91
2024-08-21,40.56,21.77,31.05,0.0,38.27
2024-08-22,39.35,22.97,31.27,0.0,49.73
2024-08-23,38.94,24.38,31.26,0.0,47.46
2024-08-24,38.39,23.75,30.71,0.0,49.65
2024-08-25,39.46,23.79,31.3,0.0,46.57
2024-08-26,40.4,24.02,32.17,0.0,39.37
2024-08-27,39.11,24.47,31.64,0.0,42.09
2024-08-28,39.41,23.65,31.11,0.0,41.54
2024-08-29,38.6,23.72,30.65,0.0,44.86
2024-08-30,38.27,22.46,29.95,0.0,42.62
2024-08-31,37.94,23.24,30.07,0.0,41.8
2024-09-01,37.51,22.77,29.99,0.0,49.09
2024-09-02,38.54,23.8,31.18,0.0,46.1
2024-09-03,37.79,24.04,30.85,0.0,45.61
2024-09-04,36.55,22.53,29.32,0.0,50.63
2024-09-05,36.57,22.58,29.2,0.0,51.25
2024-09-06,36.65,22.64,29.56,0.0,51.3
2024-09-07,37.45,23.05,30.15,0.0,47.98
2024-09-08,38.25,23.18,30.4,0.0,48.05
2024-09-09,36.71,22.45,29.51,0.0,49.16
2024-09-10,37.83,22.72,30.22,0.0,41.5
2024-09-11,40.26,23.65,32.35,0.0,33.96
2024-09-12,41.94,26.17,33.0,0.0,37.62
2024-09-13,37.31,24.41,29.93,0.0,50.23
2024-09-14,36.95,20.44,28.28,0.0,53.77
2024-09-15,37.18,21.75,28.87,0.0,59.28
2024-09-16,35.57,22.69,28.58,0.0,51.22
2024-09-17,35.37,22.55,28.48,0.0,45.58
2024-09-18,35.45,20.75,27.62,0.0,44.22
2024-09-19,38.46,21.37,29.88,0.0,36.9
2024-09-20,40.91,25.83,32.23,0.0,34.89
2024-09-21,34.14,22.74,27.92,0.0,51.62
2024-09-22,33.59,21.41,26.98,0.0,51.59
2024-09-23,33.29,20.56,26.34,0.0,50.04
2024-09-24,34.04,18.63,26.06,0.0,48.85
2024-09-25,34.26,19.31,26.24,0.0,57.05
2024-09-26,34.7,19.35,26.46,0.0,55.28
2024-09-27,35.02,19.09,26.6,0.0,53.29
2024-09-28,34.94,19.48,26.8,0.0,51.1
2024-09-29,34.3,19.43,26.24,0.0,54.17
2024-09-30,34.25,19.32,26.16,0.0,59.95
2024-10-01,32.56,19.69,25.69,0.0,54.94
2024-10-02,31.64,18.52,24.6,0.0,51.65
2024-10-03,32.02,18.24,24.52,0.0,51.68
2024-10-04,31.99,17.3,24.09,0.0,53.87
2024-10-05,32.43,17.14,24.23,0.0,57.19
2024-10-06,32.26,17.0,23.93,0.0,58.43
2024-10-07,34.34,16.94,25.11,0.0,56.95
2024-10-08,35.59,18.74,26.6,0.0,49.62
2024-10-09,35.46,19.94,27.18,0.0,47.79
2024-10-10,33.69,19.24,25.77,0.0,59.28
2024-10-11,34.52,17.83,25.69,0.0,55.08
2024-10-12,34.75,19.38,26.6,0.0,47.76
2024-10-13,35.71,18.78,26.61,0.0,56.27
2024-10-14,33.48,20.49,26.27,0.0,59.86
2024-10-15,31.51,19.99,25.07,0.0,54.94
2024-10-16,30.88,18.8,24.45,0.0,56.92
2024-10-17,31.02,18.79,24.62,0.0,60.28
2024-10-18,31.63,18.91,24.35,0.0,56.42
2024-10-19,30.47,16.99,23.27,0.0,52.76
2024-10-20,30.98,17.03,22.98,0.0,54.63
2024-10-21,31.28,17.68,23.25,0.0,51.85
2024-10-22,29.4,17.03,22.1,0.0,49.48
2024-10-23,28.46,16.71,21.43,0.0,45.49
2024-10-24,28.73,15.95,21.07,0.0,40.46
2024-10-25,29.18,14.86,20.75,0.0,41.57
2024-10-26,29.78,14.73,21.46,0.0,54.27
2024-10-27,30.87,16.01,22.44,0.0,54.11
2024-10-28,30.67,15.52,22.17,0.0,58.56
2024-10-29,28.08,15.57,21.07,0.0,60.55
2024-10-30,26.72,14.09,19.82,0.0,59.08
2024-10-31,26.38,13.1,19.37,0.0,60.82
2024-11-01,26.91,14.25,20.19,0.0,60.12
2024-11-02,26.99,14.58,20.17,0.01,59.23
2024-11-03,26.89,14.57,20.78,0.0,49.61
2024-11-04,27.17,15.89,21.06,0.0,53.45
2024-11-05,26.21,14.02,19.57,0.0,60.03
2024-11-06,28.06,14.15,20.62,0.0,65.0
2024-11-07,29.95,16.63,22.18,0.04,66.45
2024-11-08,28.3,16.91,21.47,0.12,66.9
2024-11-09,27.0,15.61,20.48,0.14,60.19
2024-11-10,24.07,14.49,18.57,0.01,61.37
2024-11-11,24.31,12.32,17.95,0.0,57.32
2024-11-12,26.21,12.58,18.95,0.0,70.7
2024-11-13,27.05,14.94,19.93,0.0,68.54
2024-11-14,26.75,13.28,19.34,0.0,70.16
2024-11-15,27.3,15.18,20.12,0.0,64.55
2024-11-16,26.88,13.28,19.07,0.0,59.67
2024-11-17,25.59,12.42,18.48,0.0,45.84
2024-11-18,24.56,12.13,17.99,0.23,66.59
2024-11-19,25.14,12.54,18.15,0.19,66.09
2024-11-20,25.57,12.97,18.67,0.03,55.85
2024-11-21,25.18,14.17,18.74,0.0,54.2
2024-11-22,28.43,14.5,20.13,0.0,40.81
2024-11-23,27.05,13.01,19.04,0.09,62.7
2024-11-24,22.88,13.35,16.81,0.49,62.6
2024-11-25,19.91,12.35,15.55,0.05,49.18
2024-11-26,19.49,10.24,14.44,0.15,53.11
2024-11-27,21.27,9.82,15.07,0.08,54.27
2024-11-28,22.8,10.28,15.64,0.0,64.64
2024-11-29,22.78,11.18,15.75,0.0,69.33
2024-11-30,23.03,10.38,15.65,0.1,71.2
2024-12-01,23.38,9.75,15.42,0.13,72.3
2024-12-02,22.97,9.93,15.41,0.02,71.78
2024-12-03,22.51,10.57,15.35,0.0,67.04
2024-12-04,22.19,9.22,14.98,0.0,62.58
2024-12-05,22.59,11.17,15.8,0.0,67.52
2024-12-06,23.79,11.55,16.51,0.0,67.5
2024-12-07,23.75,13.26,17.25,0.0,52.38
2024-12-08,23.7,10.71,16.27,0.0,40.13
2024-12-09,24.61,11.53,16.27,0.0,36.48
2024-12-10,24.1,9.09,15.47,0.0,67.36
2024-12-11,23.65,10.47,15.45,0.0,79.62
2024-12-12,21.22,13.01,16.23,0.03,81.78
2024-12-13,22.38,10.07,15.19,0.01,70.0
2024-12-14,21.8,9.99,15.0,0.0,60.43
2024-12-15,21.75,7.99,13.66,0.0,58.16
2024-12-16,21.79,7.02,13.63,0.0,65.62
2024-12-17,21.6,9.35,14.35,0.04,74.78
2024-12-18,22.06,8.76,14.47,0.03,74.97
2024-12-19,21.44,9.4,14.81,0.15,71.77
2024-12-20,21.04,9.84,14.26,0.1,75.71
2024-12-21,21.82,8.78,14.38,0.0,68.39
2024-12-22,21.75,8.65,14.5,0.0,48.5
2024-12-23,20.9,7.94,13.61,0.0,63.22
2024-12-24,19.76,6.24,12.13,0.0,61.8
2024-12-25,20.55,8.35,12.78,0.0,42.07
2024-12-26,15.32,5.16,9.92,0.0,45.48
2024-12-27,16.6,4.4,10.05,0.0,53.02
2024-12-28,18.75,5.33,11.4,0.0,66.89
2024-12-29,19.13,6.59,12.28,0.01,66.57
2024-12-30,17.75,7.49,12.29,0.13,68.77
2024-12-31,18.72,7.16,12.22,0.13,72.24
