date,temperature_mean,temperature_max,temperature_min,precipitation,rain,wind_speed_max,month,month_name,season
2022-01-01,13.1,18.3,8.7,0.2,0.2,13.8,1,Jan,Winter
2022-01-02,13.5,19.4,8.8,0.6,0.6,9.5,1,Jan,Winter
2022-01-03,14.7,20.6,10.3,0.0,0.0,9.8,1,Jan,Winter
2022-01-04,14.3,19.5,10.5,0.0,0.0,11.5,1,Jan,Winter
2022-01-05,14.5,20.3,10.3,0.0,0.0,8.2,1,Jan,Winter
2022-01-06,13.4,20.4,7.8,0.0,0.0,9.5,1,Jan,Winter
2022-01-07,13.2,19.6,7.4,0.0,0.0,8.4,1,Jan,Winter
2022-01-08,13.3,21.9,6.8,0.0,0.0,10.5,1,Jan,Winter
2022-01-09,13.4,18.1,8.9,0.0,0.0,20.9,1,Jan,Winter
2022-01-10,12.6,17.4,8.3,0.0,0.0,18.9,1,Jan,Winter
2022-01-11,13.7,20.2,8.4,0.0,0.0,20.0,1,Jan,Winter
2022-01-12,14.5,20.1,10.2,0.0,0.0,19.3,1,Jan,Winter
2022-01-13,13.6,19.7,8.6,0.0,0.0,21.8,1,Jan,Winter
2022-01-14,12.6,16.1,9.7,0.2,0.2,19.3,1,Jan,Winter
2022-01-15,11.7,16.9,8.1,0.0,0.0,19.2,1,Jan,Winter
2022-01-16,12.5,18.0,8.9,0.6,0.6,20.5,1,Jan,Winter
2022-01-17,10.6,15.8,5.8,0.0,0.0,19.5,1,Jan,Winter
2022-01-18,10.3,16.2,5.2,0.0,0.0,11.2,1,Jan,Winter
2022-01-19,10.7,14.4,8.3,3.2,3.2,18.9,1,Jan,Winter
2022-01-20,10.2,15.4,5.9,0.0,0.0,13.4,1,Jan,Winter
2022-01-21,9.2,16.0,3.7,0.0,0.0,11.8,1,Jan,Winter
2022-01-22,10.2,16.8,4.4,0.0,0.0,13.1,1,Jan,Winter
2022-01-23,12.1,17.4,7.6,0.0,0.0,21.4,1,Jan,Winter
2022-01-24,10.4,15.8,6.2,0.2,0.2,9.6,1,Jan,Winter
2022-01-25,10.2,16.0,4.2,0.0,0.0,15.6,1,Jan,Winter
2022-01-26,9.0,11.5,7.7,3.2,3.2,25.6,1,Jan,Winter
2022-01-27,10.0,15.0,6.3,0.0,0.0,19.2,1,Jan,Winter
2022-01-28,10.1,15.7,5.8,0.0,0.0,13.0,1,Jan,Winter
2022-01-29,11.1,17.0,5.4,0.0,0.0,11.0,1,Jan,Winter
2022-01-30,11.8,18.1,6.1,0.0,0.0,16.3,1,Jan,Winter
2022-01-31,12.3,17.1,8.2,1.0,1.0,22.5,1,Jan,Winter
2022-02-01,12.7,18.8,8.3,0.0,0.0,12.6,2,Feb,Winter
2022-02-02,12.6,20.3,7.2,0.0,0.0,16.3,2,Feb,Winter
2022-02-03,13.3,18.5,9.7,0.4,0.4,27.5,2,Feb,Winter
2022-02-04,12.7,16.8,9.7,1.2,1.2,30.8,2,Feb,Winter
2022-02-05,12.6,18.0,8.5,0.0,0.0,16.9,2,Feb,Winter
2022-02-06,12.4,19.5,6.5,0.0,0.0,9.1,2,Feb,Winter
2022-02-07,13.8,22.4,7.1,0.0,0.0,11.4,2,Feb,Winter
2022-02-08,15.2,23.9,7.7,0.0,0.0,13.1,2,Feb,Winter
2022-02-09,12.9,17.8,7.7,0.0,0.0,24.1,2,Feb,Winter
2022-02-10,12.6,16.6,8.7,0.0,0.0,23.0,2,Feb,Winter
2022-02-11,13.0,19.6,7.6,0.0,0.0,14.8,2,Feb,Winter
2022-02-12,13.9,21.2,7.3,0.0,0.0,21.4,2,Feb,Winter
2022-02-13,14.6,22.0,8.7,0.0,0.0,19.5,2,Feb,Winter
2022-02-14,14.0,20.4,7.4,0.0,0.0,15.8,2,Feb,Winter
2022-02-15,14.0,20.1,8.2,0.0,0.0,17.5,2,Feb,Winter
2022-02-16,14.1,20.3,9.0,0.0,0.0,12.0,2,Feb,Winter
2022-02-17,14.1,19.0,10.2,0.0,0.0,13.6,2,Feb,Winter
2022-02-18,13.5,20.0,7.0,7.6,7.6,13.7,2,Feb,Winter
2022-02-19,12.2,15.4,8.6,11.4,11.4,24.9,2,Feb,Winter
2022-02-20,13.2,20.3,7.8,0.0,0.0,8.2,2,Feb,Winter
2022-02-21,14.9,22.6,8.5,0.0,0.0,9.5,2,Feb,Winter
2022-02-22,16.1,24.0,9.4,0.0,0.0,11.4,2,Feb,Winter
2022-02-23,16.9,24.7,11.1,0.5,0.5,15.7,2,Feb,Winter
2022-02-24,13.7,18.1,9.4,2.0,2.0,26.6,2,Feb,Winter
2022-02-25,14.4,18.1,10.9,0.1,0.1,27.4,2,Feb,Winter
2022-02-26,14.6,20.4,9.9,0.0,0.0,12.3,2,Feb,Winter
2022-02-27,14.8,21.8,8.2,0.0,0.0,14.6,2,Feb,Winter
2022-02-28,16.1,23.6,9.4,0.0,0.0,11.9,2,Feb,Winter
2022-03-01,18.0,26.0,9.7,0.0,0.0,14.3,3,Mar,Spring
2022-03-02,20.7,28.9,13.8,0.0,0.0,20.1,3,Mar,Spring
2022-03-03,16.0,19.7,12.4,0.0,0.0,23.9,3,Mar,Spring
2022-03-04,14.5,20.6,7.7,0.0,0.0,10.1,3,Mar,Spring
2022-03-05,17.1,24.3,10.5,0.0,0.0,14.5,3,Mar,Spring
2022-03-06,22.0,30.3,15.7,0.1,0.1,30.7,3,Mar,Spring
2022-03-07,18.4,24.2,14.2,0.0,0.0,18.7,3,Mar,Spring
2022-03-08,18.7,25.5,13.3,0.0,0.0,16.9,3,Mar,Spring
2022-03-09,17.5,23.8,13.3,0.8,0.8,18.1,3,Mar,Spring
2022-03-10,14.9,19.6,10.0,0.0,0.0,30.6,3,Mar,Spring
2022-03-11,12.8,17.1,9.5,0.0,0.0,22.1,3,Mar,Spring
2022-03-12,12.1,17.6,7.4,0.0,0.0,20.3,3,Mar,Spring
2022-03-13,11.1,18.1,6.2,0.0,0.0,19.6,3,Mar,Spring
2022-03-14,10.6,15.6,5.7,0.0,0.0,19.2,3,Mar,Spring
2022-03-15,11.1,15.8,5.9,0.0,0.0,25.0,3,Mar,Spring
2022-03-16,13.2,18.7,7.7,0.0,0.0,14.3,3,Mar,Spring
2022-03-17,13.1,20.5,5.6,0.0,0.0,16.6,3,Mar,Spring
2022-03-18,15.2,22.0,8.9,0.0,0.0,14.7,3,Mar,Spring
2022-03-19,14.7,21.4,8.0,0.0,0.0,21.4,3,Mar,Spring
2022-03-20,13.3,18.7,9.2,1.1,1.1,22.0,3,Mar,Spring
2022-03-21,13.1,18.7,9.0,0.4,0.4,22.0,3,Mar,Spring
2022-03-22,12.4,17.7,6.4,0.0,0.0,13.2,3,Mar,Spring
2022-03-23,12.6,17.9,6.9,0.0,0.0,21.8,3,Mar,Spring
2022-03-24,13.1,18.4,8.3,1.0,1.0,23.6,3,Mar,Spring
2022-03-25,13.7,18.9,8.6,0.0,0.0,20.9,3,Mar,Spring
2022-03-26,15.7,23.8,9.0,0.0,0.0,16.2,3,Mar,Spring
2022-03-27,16.6,24.6,8.9,0.0,0.0,15.9,3,Mar,Spring
2022-03-28,16.2,23.9,9.4,0.0,0.0,20.4,3,Mar,Spring
2022-03-29,18.4,27.8,10.1,0.0,0.0,15.9,3,Mar,Spring
2022-03-30,19.6,29.0,9.3,0.0,0.0,19.0,3,Mar,Spring
2022-03-31,22.3,30.5,12.9,0.0,0.0,17.7,3,Mar,Spring
2022-04-01,22.7,34.1,12.0,0.0,0.0,14.3,4,Apr,Spring
2022-04-02,25.9,36.4,15.6,0.0,0.0,15.6,4,Apr,Spring
2022-04-03,23.3,30.9,16.5,0.0,0.0,24.5,4,Apr,Spring
2022-04-04,24.6,33.5,16.0,0.0,0.0,26.3,4,Apr,Spring
2022-04-05,28.8,40.5,16.0,0.0,0.0,17.6,4,Apr,Spring
2022-04-06,29.8,37.8,23.1,0.0,0.0,22.4,4,Apr,Spring
2022-04-07,28.8,39.0,18.4,0.0,0.0,14.9,4,Apr,Spring
2022-04-08,25.0,31.1,18.6,0.0,0.0,20.7,4,Apr,Spring
2022-04-09,21.1,29.3,13.5,0.0,0.0,19.6,4,Apr,Spring
2022-04-10,22.2,31.1,14.8,0.0,0.0,20.7,4,Apr,Spring
2022-04-11,21.3,30.4,14.9,0.0,0.0,20.8,4,Apr,Spring
2022-04-12,18.5,24.3,13.6,0.0,0.0,18.8,4,Apr,Spring
2022-04-13,18.4,26.1,11.6,0.0,0.0,20.0,4,Apr,Spring
2022-04-14,19.4,27.4,13.4,0.0,0.0,20.9,4,Apr,Spring
2022-04-15,19.9,28.7,12.5,0.0,0.0,20.9,4,Apr,Spring
2022-04-16,23.0,32.0,14.2,0.0,0.0,19.4,4,Apr,Spring
2022-04-17,29.8,41.1,16.5,0.0,0.0,27.6,4,Apr,Spring
2022-04-18,26.2,31.4,21.2,0.0,0.0,16.0,4,Apr,Spring
2022-04-19,21.9,28.3,15.6,2.7,2.7,20.3,4,Apr,Spring
2022-04-20,20.2,26.3,13.8,0.0,0.0,19.8,4,Apr,Spring
2022-04-21,19.9,27.5,13.7,0.0,0.0,21.9,4,Apr,Spring
2022-04-22,20.3,28.6,13.6,0.0,0.0,20.1,4,Apr,Spring
2022-04-23,22.3,31.7,14.8,0.0,0.0,17.3,4,Apr,Spring
2022-04-24,23.5,32.7,13.8,0.0,0.0,16.6,4,Apr,Spring
2022-04-25,25.2,34.4,16.4,0.0,0.0,19.3,4,Apr,Spring
2022-04-26,25.4,35.3,16.9,0.0,0.0,20.7,4,Apr,Spring
2022-04-27,24.3,33.5,15.9,0.0,0.0,22.5,4,Apr,Spring
2022-04-28,24.7,33.7,15.5,0.0,0.0,24.6,4,Apr,Spring
2022-04-29,28.9,39.3,17.5,0.0,0.0,20.9,4,Apr,Spring
2022-04-30,26.9,32.4,21.4,0.0,0.0,24.3,4,Apr,Spring
2022-05-01,24.3,31.6,16.6,0.0,0.0,13.2,5,May,Spring
2022-05-02,26.0,33.6,18.5,0.0,0.0,16.9,5,May,Spring
2022-05-03,26.2,32.4,21.0,0.0,0.0,22.3,5,May,Spring
2022-05-04,22.7,28.9,18.3,0.0,0.0,19.1,5,May,Spring
2022-05-05,20.8,27.7,14.2,0.0,0.0,21.7,5,May,Spring
2022-05-06,22.1,29.3,14.7,0.0,0.0,15.1,5,May,Spring
2022-05-07,22.2,30.0,13.5,0.0,0.0,16.3,5,May,Spring
2022-05-08,25.3,33.1,16.8,0.0,0.0,19.2,5,May,Spring
2022-05-09,27.0,35.0,19.5,0.0,0.0,23.5,5,May,Spring
2022-05-10,24.9,32.4,17.4,0.0,0.0,24.3,5,May,Spring
2022-05-11,24.7,32.1,18.1,0.0,0.0,20.2,5,May,Spring
2022-05-12,24.3,32.1,17.0,0.0,0.0,20.4,5,May,Spring
2022-05-13,25.0,34.3,17.3,0.0,0.0,25.5,5,May,Spring
2022-05-14,25.4,34.1,19.4,0.0,0.0,23.3,5,May,Spring
2022-05-15,24.4,32.0,17.5,0.0,0.0,18.8,5,May,Spring
2022-05-16,23.6,29.8,17.5,0.0,0.0,17.0,5,May,Spring
2022-05-17,25.5,33.6,16.6,0.0,0.0,19.5,5,May,Spring
2022-05-18,26.6,35.1,17.6,0.0,0.0,18.6,5,May,Spring
2022-05-19,28.1,36.5,18.6,0.0,0.0,23.7,5,May,Spring
2022-05-20,29.0,37.8,19.9,0.0,0.0,28.3,5,May,Spring
2022-05-21,24.4,31.1,19.4,0.0,0.0,17.8,5,May,Spring
2022-05-22,23.0,29.2,15.1,0.0,0.0,22.7,5,May,Spring
2022-05-23,24.9,32.8,15.8,0.0,0.0,18.2,5,May,Spring
2022-05-24,26.3,35.1,16.8,0.0,0.0,18.8,5,May,Spring
2022-05-25,27.3,35.5,18.6,0.0,0.0,22.9,5,May,Spring
2022-05-26,27.7,35.8,19.4,0.0,0.0,22.7,5,May,Spring
2022-05-27,28.9,37.3,19.8,0.0,0.0,23.1,5,May,Spring
2022-05-28,29.8,38.4,20.4,0.0,0.0,17.4,5,May,Spring
2022-05-29,30.7,39.3,20.2,0.0,0.0,22.0,5,May,Spring
2022-05-30,32.4,41.4,22.3,0.0,0.0,16.9,5,May,Spring
2022-05-31,29.9,38.4,22.6,0.0,0.0,21.3,5,May,Spring
2022-06-01,27.3,34.2,19.7,0.0,0.0,17.3,6,Jun,Summer
2022-06-02,27.4,34.4,18.9,0.0,0.0,15.1,6,Jun,Summer
2022-06-03,28.2,35.7,18.9,0.0,0.0,14.8,6,Jun,Summer
2022-06-04,30.1,37.7,21.9,0.0,0.0,18.5,6,Jun,Summer
2022-06-05,29.8,37.4,21.8,0.0,0.0,15.0,6,Jun,Summer
2022-06-06,29.2,36.0,21.7,0.0,0.0,16.5,6,Jun,Summer
2022-06-07,29.6,36.5,21.5,0.0,0.0,19.0,6,Jun,Summer
2022-06-08,30.6,38.7,21.0,0.0,0.0,16.4,6,Jun,Summer
2022-06-09,33.3,42.0,24.7,0.0,0.0,17.6,6,Jun,Summer
2022-06-10,32.8,41.1,23.9,0.0,0.0,23.9,6,Jun,Summer
2022-06-11,34.3,44.1,22.8,0.0,0.0,20.3,6,Jun,Summer
2022-06-12,29.3,35.2,23.1,0.0,0.0,18.7,6,Jun,Summer
2022-06-13,27.8,33.6,21.5,0.0,0.0,16.6,6,Jun,Summer
2022-06-14,28.8,34.7,21.8,0.0,0.0,16.9,6,Jun,Summer
2022-06-15,29.0,36.7,22.1,0.0,0.0,22.2,6,Jun,Summer
2022-06-16,29.2,36.4,22.3,0.0,0.0,22.1,6,Jun,Summer
2022-06-17,29.1,37.3,21.8,0.0,0.0,20.5,6,Jun,Summer
2022-06-18,29.1,37.0,22.6,0.0,0.0,21.0,6,Jun,Summer
2022-06-19,28.4,36.1,19.8,0.0,0.0,21.2,6,Jun,Summer
2022-06-20,28.3,36.0,19.8,0.0,0.0,19.0,6,Jun,Summer
2022-06-21,27.6,34.9,19.7,0.0,0.0,20.6,6,Jun,Summer
2022-06-22,28.5,36.4,20.1,0.0,0.0,19.5,6,Jun,Summer
2022-06-23,30.2,38.8,20.5,0.0,0.0,20.0,6,Jun,Summer
2022-06-24,32.7,40.5,23.0,0.0,0.0,22.9,6,Jun,Summer
2022-06-25,30.6,37.8,23.7,0.0,0.0,19.9,6,Jun,Summer
2022-06-26,29.8,37.4,21.2,0.0,0.0,17.2,6,Jun,Summer
2022-06-27,29.9,36.5,22.5,0.0,0.0,21.5,6,Jun,Summer
2022-06-28,29.0,35.4,22.2,0.0,0.0,24.5,6,Jun,Summer
2022-06-29,29.5,35.7,22.5,0.0,0.0,18.8,6,Jun,Summer
2022-06-30,29.4,34.9,23.1,0.0,0.0,21.2,6,Jun,Summer
2022-07-01,29.6,36.0,22.5,0.0,0.0,19.7,7,Jul,Summer
2022-07-02,30.1,36.7,22.0,0.0,0.0,20.9,7,Jul,Summer
2022-07-03,31.1,38.0,23.1,0.0,0.0,22.3,7,Jul,Summer
2022-07-04,31.9,38.8,24.3,0.0,0.0,15.7,7,Jul,Summer
2022-07-05,31.3,38.0,23.5,0.0,0.0,16.8,7,Jul,Summer
2022-07-06,30.5,37.8,21.9,0.0,0.0,17.4,7,Jul,Summer
2022-07-07,29.9,38.0,21.0,0.0,0.0,19.4,7,Jul,Summer
2022-07-08,29.8,37.0,21.4,0.0,0.0,19.5,7,Jul,Summer
2022-07-09,30.9,39.2,22.7,0.0,0.0,20.6,7,Jul,Summer
2022-07-10,30.3,38.0,23.4,0.0,0.0,19.1,7,Jul,Summer
2022-07-11,29.0,35.4,22.7,0.0,0.0,17.1,7,Jul,Summer
2022-07-12,29.8,37.4,21.5,0.0,0.0,20.2,7,Jul,Summer
2022-07-13,29.1,37.0,22.6,0.0,0.0,21.5,7,Jul,Summer
2022-07-14,28.8,37.4,22.7,0.0,0.0,19.2,7,Jul,Summer
2022-07-15,28.4,35.4,20.9,0.0,0.0,17.7,7,Jul,Summer
2022-07-16,29.1,37.0,21.5,0.0,0.0,19.7,7,Jul,Summer
2022-07-17,30.5,38.3,23.0,0.0,0.0,19.8,7,Jul,Summer
2022-07-18,31.4,39.8,21.6,0.0,0.0,19.0,7,Jul,Summer
2022-07-19,32.1,40.0,23.1,0.0,0.0,22.8,7,Jul,Summer
2022-07-20,31.9,39.2,24.6,0.0,0.0,20.5,7,Jul,Summer
2022-07-21,30.2,38.1,22.5,0.0,0.0,20.6,7,Jul,Summer
2022-07-22,30.1,38.0,22.2,0.0,0.0,20.2,7,Jul,Summer
2022-07-23,30.7,39.2,21.6,0.0,0.0,21.4,7,Jul,Summer
2022-07-24,30.7,39.8,21.7,0.0,0.0,21.7,7,Jul,Summer
2022-07-25,31.1,39.6,20.9,0.0,0.0,22.0,7,Jul,Summer
2022-07-26,31.3,39.6,21.9,0.0,0.0,18.8,7,Jul,Summer
2022-07-27,31.3,39.4,22.6,0.0,0.0,18.4,7,Jul,Summer
2022-07-28,32.2,40.2,22.9,0.0,0.0,19.9,7,Jul,Summer
2022-07-29,32.0,40.1,22.9,0.0,0.0,28.1,7,Jul,Summer
2022-07-30,31.4,39.2,23.3,0.0,0.0,18.6,7,Jul,Summer
2022-07-31,30.5,37.9,21.3,0.0,0.0,19.8,7,Jul,Summer
2022-08-01,31.6,40.3,23.5,0.0,0.0,19.1,8,Aug,Summer
2022-08-02,31.2,39.1,23.6,0.0,0.0,20.1,8,Aug,Summer
2022-08-03,30.7,38.4,22.1,0.0,0.0,16.6,8,Aug,Summer
2022-08-04,30.7,39.1,21.5,0.0,0.0,19.2,8,Aug,Summer
2022-08-05,30.4,38.0,23.6,0.0,0.0,18.9,8,Aug,Summer
2022-08-06,30.8,38.6,23.2,0.0,0.0,19.8,8,Aug,Summer
2022-08-07,30.0,36.5,22.2,0.0,0.0,14.4,8,Aug,Summer
2022-08-08,31.2,38.4,22.6,0.0,0.0,24.0,8,Aug,Summer
2022-08-09,31.5,38.2,24.8,0.0,0.0,18.5,8,Aug,Summer
2022-08-10,31.2,37.8,24.6,0.0,0.0,18.0,8,Aug,Summer
2022-08-11,30.8,37.3,24.4,0.0,0.0,24.6,8,Aug,Summer
2022-08-12,30.2,37.1,23.4,0.0,0.0,18.4,8,Aug,Summer
2022-08-13,30.3,37.4,23.3,0.0,0.0,17.6,8,Aug,Summer
2022-08-14,30.0,37.4,22.2,0.0,0.0,19.1,8,Aug,Summer
2022-08-15,29.8,36.7,22.8,0.0,0.0,19.8,8,Aug,Summer
2022-08-16,30.2,37.2,23.4,0.0,0.0,18.4,8,Aug,Summer
2022-08-17,29.8,36.6,22.9,0.0,0.0,18.7,8,Aug,Summer
2022-08-18,30.3,37.9,21.6,0.0,0.0,20.7,8,Aug,Summer
2022-08-19,30.7,37.4,22.8,0.0,0.0,15.5,8,Aug,Summer
2022-08-20,31.8,40.0,23.4,0.0,0.0,19.7,8,Aug,Summer
2022-08-21,31.2,38.1,22.3,0.0,0.0,13.6,8,Aug,Summer
2022-08-22,31.5,39.1,23.5,0.0,0.0,16.5,8,Aug,Summer
2022-08-23,33.0,40.5,24.8,0.0,0.0,22.3,8,Aug,Summer
2022-08-24,33.5,41.6,26.1,0.0,0.0,23.5,8,Aug,Summer
2022-08-25,30.9,38.3,25.2,0.0,0.0,19.8,8,Aug,Summer
2022-08-26,29.9,37.0,23.4,0.0,0.0,23.4,8,Aug,Summer
2022-08-27,29.7,37.5,22.7,0.0,0.0,22.1,8,Aug,Summer
2022-08-28,30.2,37.7,24.3,0.0,0.0,20.7,8,Aug,Summer
2022-08-29,30.3,37.9,24.0,0.0,0.0,19.1,8,Aug,Summer
2022-08-30,30.8,37.7,25.3,0.0,0.0,20.2,8,Aug,Summer
2022-08-31,30.6,38.1,24.9,0.0,0.0,22.4,8,Aug,Summer
2022-09-01,29.8,37.2,23.3,0.0,0.0,19.7,9,Sep,Autumn
2022-09-02,29.4,36.5,22.8,0.0,0.0,21.0,9,Sep,Autumn
2022-09-03,29.9,37.3,23.7,0.0,0.0,18.7,9,Sep,Autumn
2022-09-04,30.0,37.4,23.8,0.0,0.0,17.2,9,Sep,Autumn
2022-09-05,29.4,36.4,23.2,0.0,0.0,18.2,9,Sep,Autumn
2022-09-06,29.2,36.7,23.4,0.0,0.0,17.6,9,Sep,Autumn
2022-09-07,28.8,36.2,22.0,0.0,0.0,19.6,9,Sep,Autumn
2022-09-08,29.9,36.7,23.5,0.0,0.0,21.7,9,Sep,Autumn
2022-09-09,29.8,37.1,23.9,0.0,0.0,20.3,9,Sep,Autumn
2022-09-10,29.6,37.0,22.9,0.0,0.0,17.3,9,Sep,Autumn
2022-09-11,29.3,37.5,20.9,0.0,0.0,18.1,9,Sep,Autumn
2022-09-12,29.6,37.0,22.9,0.0,0.0,14.8,9,Sep,Autumn
2022-09-13,28.8,35.2,22.8,0.0,0.0,18.9,9,Sep,Autumn
2022-09-14,27.5,34.4,21.1,0.0,0.0,18.1,9,Sep,Autumn
2022-09-15,27.0,32.9,21.4,0.0,0.0,18.0,9,Sep,Autumn
2022-09-16,26.5,32.7,20.0,0.0,0.0,16.6,9,Sep,Autumn
2022-09-17,27.7,34.3,20.9,0.0,0.0,16.0,9,Sep,Autumn
2022-09-18,27.6,34.1,21.3,0.0,0.0,15.7,9,Sep,Autumn
2022-09-19,27.6,33.8,20.6,0.0,0.0,19.1,9,Sep,Autumn
2022-09-20,27.7,33.5,21.4,0.0,0.0,19.9,9,Sep,Autumn
2022-09-21,27.2,33.9,20.3,0.0,0.0,14.9,9,Sep,Autumn
2022-09-22,29.0,36.3,20.9,0.0,0.0,12.7,9,Sep,Autumn
2022-09-23,29.3,36.0,23.8,0.0,0.0,21.3,9,Sep,Autumn
2022-09-24,29.3,37.8,22.8,0.0,0.0,24.2,9,Sep,Autumn
2022-09-25,29.5,37.8,23.0,0.0,0.0,21.5,9,Sep,Autumn
2022-09-26,29.8,38.3,22.8,0.0,0.0,19.1,9,Sep,Autumn
2022-09-27,30.1,38.8,22.2,0.0,0.0,21.5,9,Sep,Autumn
2022-09-28,30.2,37.3,22.6,0.0,0.0,19.5,9,Sep,Autumn
2022-09-29,31.0,38.6,22.9,0.0,0.0,18.4,9,Sep,Autumn
2022-09-30,31.1,38.7,24.1,0.0,0.0,20.2,9,Sep,Autumn
2022-10-01,31.2,40.0,24.1,0.0,0.0,20.6,10,Oct,Autumn
2022-10-02,29.6,38.4,21.2,0.0,0.0,17.3,10,Oct,Autumn
2022-10-03,28.0,34.2,23.5,0.0,0.0,18.1,10,Oct,Autumn
2022-10-04,26.2,32.5,20.9,0.0,0.0,13.6,10,Oct,Autumn
2022-10-05,26.6,33.7,18.9,0.0,0.0,18.7,10,Oct,Autumn
2022-10-06,26.1,32.7,21.5,0.0,0.0,18.9,10,Oct,Autumn
2022-10-07,24.0,30.1,17.5,0.0,0.0,15.2,10,Oct,Autumn
2022-10-08,24.1,30.0,18.8,0.0,0.0,17.4,10,Oct,Autumn
2022-10-09,24.1,30.3,18.4,0.0,0.0,15.1,10,Oct,Autumn
2022-10-10,24.2,30.9,17.0,0.0,0.0,14.6,10,Oct,Autumn
2022-10-11,24.9,31.2,18.1,0.0,0.0,16.7,10,Oct,Autumn
2022-10-12,24.8,30.9,19.0,0.0,0.0,18.8,10,Oct,Autumn
2022-10-13,24.0,31.3,18.3,0.0,0.0,17.9,10,Oct,Autumn
2022-10-14,23.7,30.4,16.8,0.0,0.0,13.1,10,Oct,Autumn
2022-10-15,25.1,32.3,16.9,0.0,0.0,11.7,10,Oct,Autumn
2022-10-16,25.6,30.3,20.7,0.0,0.0,18.3,10,Oct,Autumn
2022-10-17,24.5,30.0,19.3,0.0,0.0,16.1,10,Oct,Autumn
2022-10-18,23.3,29.3,17.7,0.0,0.0,18.4,10,Oct,Autumn
2022-10-19,23.7,29.5,18.7,0.0,0.0,12.5,10,Oct,Autumn
2022-10-20,24.2,30.1,17.9,0.0,0.0,15.8,10,Oct,Autumn
2022-10-21,23.9,30.2,18.1,0.0,0.0,16.1,10,Oct,Autumn
2022-10-22,23.4,29.4,18.6,0.0,0.0,21.7,10,Oct,Autumn
2022-10-23,23.2,28.3,18.0,0.0,0.0,12.8,10,Oct,Autumn
2022-10-24,23.1,29.2,17.4,0.0,0.0,18.7,10,Oct,Autumn
2022-10-25,21.8,25.8,17.7,1.6,1.6,15.9,10,Oct,Autumn
2022-10-26,22.2,28.3,16.3,7.8,7.8,13.0,10,Oct,Autumn
2022-10-27,23.8,29.8,18.2,0.2,0.2,13.1,10,Oct,Autumn
2022-10-28,23.8,30.3,19.0,0.0,0.0,17.7,10,Oct,Autumn
2022-10-29,22.7,29.2,17.1,0.0,0.0,17.4,10,Oct,Autumn
2022-10-30,22.3,28.2,16.8,0.0,0.0,15.4,10,Oct,Autumn
2022-10-31,21.9,28.4,17.2,0.0,0.0,12.4,10,Oct,Autumn
2022-11-01,21.5,27.2,15.5,0.0,0.0,16.0,11,Nov,Autumn
2022-11-02,21.1,27.3,16.1,0.0,0.0,13.9,11,Nov,Autumn
2022-11-03,21.4,27.8,16.0,0.0,0.0,17.4,11,Nov,Autumn
2022-11-04,21.5,27.8,15.3,0.0,0.0,17.8,11,Nov,Autumn
2022-11-05,20.6,26.8,14.6,0.0,0.0,10.0,11,Nov,Autumn
2022-11-06,20.1,26.5,15.0,0.0,0.0,10.0,11,Nov,Autumn
2022-11-07,20.9,28.0,14.6,0.0,0.0,19.7,11,Nov,Autumn
2022-11-08,20.9,26.1,16.7,0.0,0.0,13.6,11,Nov,Autumn
2022-11-09,20.4,26.3,15.9,0.0,0.0,18.9,11,Nov,Autumn
2022-11-10,19.6,25.8,14.4,0.0,0.0,10.9,11,Nov,Autumn
2022-11-11,20.3,27.2,14.3,0.0,0.0,16.2,11,Nov,Autumn
2022-11-12,20.9,27.8,14.1,0.0,0.0,15.8,11,Nov,Autumn
2022-11-13,21.6,29.1,14.5,0.0,0.0,17.9,11,Nov,Autumn
2022-11-14,21.7,27.9,16.3,0.0,0.0,15.7,11,Nov,Autumn
2022-11-15,19.1,24.5,14.0,0.0,0.0,13.4,11,Nov,Autumn
2022-11-16,18.3,23.7,12.8,0.0,0.0,10.1,11,Nov,Autumn
2022-11-17,18.5,24.8,12.1,0.0,0.0,9.4,11,Nov,Autumn
2022-11-18,19.9,26.6,14.9,0.0,0.0,10.0,11,Nov,Autumn
2022-11-19,19.7,27.1,12.6,0.0,0.0,14.8,11,Nov,Autumn
2022-11-20,20.8,28.1,15.2,0.0,0.0,18.0,11,Nov,Autumn
2022-11-21,19.6,27.6,12.0,0.0,0.0,11.6,11,Nov,Autumn
2022-11-22,20.7,26.8,16.4,0.0,0.0,17.1,11,Nov,Autumn
2022-11-23,19.4,25.2,13.3,0.0,0.0,13.1,11,Nov,Autumn
2022-11-24,19.1,24.4,13.9,0.0,0.0,14.8,11,Nov,Autumn
2022-11-25,19.6,24.5,15.6,0.2,0.2,20.3,11,Nov,Autumn
2022-11-26,18.3,23.1,12.8,0.0,0.0,10.4,11,Nov,Autumn
2022-11-27,17.3,22.1,13.0,0.0,0.0,9.4,11,Nov,Autumn
2022-11-28,16.8,23.0,11.7,0.0,0.0,13.6,11,Nov,Autumn
2022-11-29,17.4,24.6,11.5,0.0,0.0,11.9,11,Nov,Autumn
2022-11-30,18.4,25.6,11.4,0.0,0.0,11.5,11,Nov,Autumn
2022-12-01,18.5,25.6,10.3,0.0,0.0,10.1,12,Dec,Winter
2022-12-02,17.8,25.1,10.6,0.0,0.0,15.0,12,Dec,Winter
2022-12-03,19.1,25.2,14.9,0.0,0.0,18.6,12,Dec,Winter
2022-12-04,18.3,24.9,11.7,0.0,0.0,17.0,12,Dec,Winter
2022-12-05,18.5,23.7,13.8,0.2,0.2,18.0,12,Dec,Winter
2022-12-06,17.4,23.0,12.7,0.0,0.0,12.2,12,Dec,Winter
2022-12-07,16.6,22.7,12.7,0.0,0.0,8.3,12,Dec,Winter
2022-12-08,16.8,24.2,9.6,0.0,0.0,8.8,12,Dec,Winter
2022-12-09,17.4,25.8,11.1,0.0,0.0,10.4,12,Dec,Winter
2022-12-10,16.7,24.9,10.5,0.0,0.0,10.3,12,Dec,Winter
2022-12-11,16.7,24.7,10.4,0.0,0.0,9.2,12,Dec,Winter
2022-12-12,18.4,25.7,13.6,0.0,0.0,18.3,12,Dec,Winter
2022-12-13,17.8,23.9,12.5,0.0,0.0,10.7,12,Dec,Winter
2022-12-14,18.7,25.5,13.8,0.0,0.0,12.1,12,Dec,Winter
2022-12-15,18.8,25.6,13.2,0.0,0.0,8.0,12,Dec,Winter
2022-12-16,18.3,24.4,12.7,0.0,0.0,15.3,12,Dec,Winter
2022-12-17,19.7,25.3,16.2,0.0,0.0,21.0,12,Dec,Winter
2022-12-18,20.0,26.2,16.0,0.0,0.0,18.9,12,Dec,Winter
2022-12-19,18.7,25.4,14.2,0.0,0.0,15.3,12,Dec,Winter
2022-12-20,17.6,23.6,12.0,0.0,0.0,13.4,12,Dec,Winter
2022-12-21,16.8,21.6,12.4,0.0,0.0,13.9,12,Dec,Winter
2022-12-22,16.0,20.6,12.0,3.6,3.6,12.7,12,Dec,Winter
2022-12-23,15.0,19.8,11.0,3.8,3.8,16.9,12,Dec,Winter
2022-12-24,15.1,20.4,11.3,0.1,0.1,15.6,12,Dec,Winter
2022-12-25,14.7,20.1,10.7,2.2,2.2,15.2,12,Dec,Winter
2022-12-26,15.9,21.2,12.3,0.2,0.2,22.3,12,Dec,Winter
2022-12-27,15.0,21.4,9.8,0.0,0.0,15.3,12,Dec,Winter
2022-12-28,14.3,20.2,9.6,0.0,0.0,8.4,12,Dec,Winter
2022-12-29,14.6,20.8,9.1,0.0,0.0,9.7,12,Dec,Winter
2022-12-30,14.7,21.3,8.4,0.2,0.2,12.4,12,Dec,Winter
2022-12-31,15.0,22.0,9.5,0.0,0.0,17.2,12,Dec,Winter
2023-01-01,15.7,22.4,9.5,0.0,0.0,14.3,1,Jan,Winter
2023-01-02,15.1,22.3,9.1,0.0,0.0,11.1,1,Jan,Winter
2023-01-03,14.8,21.1,9.0,0.3,0.3,13.7,1,Jan,Winter
2023-01-04,15.4,20.6,10.6,0.5,0.5,13.5,1,Jan,Winter
2023-01-05,14.5,20.2,8.1,0.0,0.0,12.0,1,Jan,Winter
2023-01-06,15.3,21.1,11.0,0.0,0.0,11.2,1,Jan,Winter
2023-01-07,15.6,21.1,10.0,0.0,0.0,8.1,1,Jan,Winter
2023-01-08,15.5,20.5,11.4,0.1,0.1,13.6,1,Jan,Winter
2023-01-09,14.0,19.6,10.3,0.5,0.5,12.0,1,Jan,Winter
2023-01-10,14.2,20.9,7.7,0.0,0.0,9.1,1,Jan,Winter
2023-01-11,14.1,20.1,9.4,0.0,0.0,11.9,1,Jan,Winter
2023-01-12,13.9,19.3,10.3,0.2,0.2,17.7,1,Jan,Winter
2023-01-13,14.3,19.5,9.4,0.0,0.0,18.2,1,Jan,Winter
2023-01-14,15.0,19.5,10.4,0.1,0.1,15.2,1,Jan,Winter
2023-01-15,14.4,19.8,9.4,0.0,0.0,14.6,1,Jan,Winter
2023-01-16,14.0,17.7,10.5,1.0,1.0,13.3,1,Jan,Winter
2023-01-17,12.8,19.8,6.0,0.0,0.0,9.8,1,Jan,Winter
2023-01-18,14.3,22.0,7.4,0.0,0.0,13.6,1,Jan,Winter
2023-01-19,15.4,23.0,9.8,0.0,0.0,14.0,1,Jan,Winter
2023-01-20,14.2,22.4,7.4,0.0,0.0,10.7,1,Jan,Winter
2023-01-21,14.4,21.2,8.1,0.0,0.0,10.0,1,Jan,Winter
2023-01-22,14.8,22.1,8.9,0.0,0.0,12.6,1,Jan,Winter
2023-01-23,15.8,23.2,8.4,0.0,0.0,17.5,1,Jan,Winter
2023-01-24,17.4,23.9,13.1,0.0,0.0,18.2,1,Jan,Winter
2023-01-25,16.1,22.5,11.1,0.0,0.0,15.1,1,Jan,Winter
2023-01-26,15.7,23.1,8.7,0.0,0.0,17.0,1,Jan,Winter
2023-01-27,18.4,26.4,10.5,0.0,0.0,28.1,1,Jan,Winter
2023-01-28,20.1,24.9,15.0,0.0,0.0,15.7,1,Jan,Winter
2023-01-29,17.2,23.0,12.7,0.0,0.0,16.5,1,Jan,Winter
2023-01-30,14.7,21.4,8.7,0.0,0.0,16.7,1,Jan,Winter
2023-01-31,14.4,18.6,10.8,0.0,0.0,20.5,1,Jan,Winter
2023-02-01,13.9,17.9,11.4,0.2,0.2,31.0,2,Feb,Winter
2023-02-02,12.4,17.4,7.7,0.0,0.0,15.8,2,Feb,Winter
2023-02-03,13.3,18.4,7.6,0.0,0.0,10.0,2,Feb,Winter
2023-02-04,13.8,19.6,9.5,0.0,0.0,16.0,2,Feb,Winter
2023-02-05,13.9,19.7,8.3,0.0,0.0,20.9,2,Feb,Winter
2023-02-06,13.2,16.1,10.9,0.0,0.0,26.4,2,Feb,Winter
2023-02-07,11.7,16.4,7.6,0.0,0.0,21.5,2,Feb,Winter
2023-02-08,11.2,16.3,5.6,0.0,0.0,15.0,2,Feb,Winter
2023-02-09,11.1,16.9,5.6,0.0,0.0,9.2,2,Feb,Winter
2023-02-10,11.8,18.9,4.6,0.0,0.0,16.3,2,Feb,Winter
2023-02-11,11.8,18.5,7.7,1.2,1.2,21.4,2,Feb,Winter
2023-02-12,11.7,18.1,5.7,0.0,0.0,13.2,2,Feb,Winter
2023-02-13,12.3,18.3,6.3,0.0,0.0,15.0,2,Feb,Winter
2023-02-14,11.4,17.5,5.7,0.3,0.3,13.4,2,Feb,Winter
2023-02-15,11.6,17.2,6.1,0.3,0.3,10.4,2,Feb,Winter
2023-02-16,12.5,18.3,6.9,0.0,0.0,14.4,2,Feb,Winter
2023-02-17,13.1,19.3,6.3,0.0,0.0,19.9,2,Feb,Winter
2023-02-18,13.5,20.2,7.2,0.0,0.0,19.1,2,Feb,Winter
2023-02-19,14.1,21.0,8.0,0.0,0.0,18.5,2,Feb,Winter
2023-02-20,14.3,20.9,8.5,0.0,0.0,17.0,2,Feb,Winter
2023-02-21,15.2,21.0,10.0,0.0,0.0,12.2,2,Feb,Winter
2023-02-22,14.4,20.5,8.6,0.0,0.0,12.1,2,Feb,Winter
2023-02-23,15.2,19.9,9.3,0.3,0.3,10.7,2,Feb,Winter
2023-02-24,15.5,21.6,9.2,0.0,0.0,9.7,2,Feb,Winter
2023-02-25,16.0,23.0,9.9,0.0,0.0,12.6,2,Feb,Winter
2023-02-26,16.6,23.6,9.6,0.0,0.0,13.7,2,Feb,Winter
2023-02-27,18.5,27.3,11.2,0.0,0.0,15.7,2,Feb,Winter
2023-02-28,20.7,31.2,12.2,0.0,0.0,12.1,2,Feb,Winter
2023-03-01,22.0,31.9,13.6,0.0,0.0,9.8,3,Mar,Spring
2023-03-02,24.5,34.5,14.9,0.0,0.0,29.0,3,Mar,Spring
2023-03-03,20.9,28.1,13.6,0.0,0.0,18.5,3,Mar,Spring
2023-03-04,22.0,30.7,13.5,0.0,0.0,14.7,3,Mar,Spring
2023-03-05,24.9,34.5,17.2,0.0,0.0,26.7,3,Mar,Spring
2023-03-06,18.3,23.7,13.4,0.0,0.0,14.2,3,Mar,Spring
2023-03-07,16.6,23.2,9.9,0.0,0.0,15.9,3,Mar,Spring
2023-03-08,17.1,24.0,10.4,0.0,0.0,13.5,3,Mar,Spring
2023-03-09,19.3,27.0,11.0,0.0,0.0,16.6,3,Mar,Spring
2023-03-10,21.4,28.8,12.8,0.0,0.0,12.6,3,Mar,Spring
2023-03-11,20.2,28.1,13.8,0.0,0.0,13.0,3,Mar,Spring
2023-03-12,21.7,30.2,14.2,0.0,0.0,22.1,3,Mar,Spring
2023-03-13,21.1,27.8,16.4,0.0,0.0,19.6,3,Mar,Spring
2023-03-14,17.2,21.9,13.6,0.7,0.7,18.4,3,Mar,Spring
2023-03-15,16.1,22.2,10.8,0.0,0.0,14.4,3,Mar,Spring
2023-03-16,18.3,26.4,10.4,0.0,0.0,18.4,3,Mar,Spring
2023-03-17,19.6,25.4,11.7,0.0,0.0,14.4,3,Mar,Spring
2023-03-18,16.9,21.8,10.8,0.1,0.1,22.2,3,Mar,Spring
2023-03-19,16.3,21.4,11.7,0.0,0.0,23.7,3,Mar,Spring
2023-03-20,16.2,20.7,12.3,0.0,0.0,24.2,3,Mar,Spring
2023-03-21,18.3,24.3,12.3,0.0,0.0,11.2,3,Mar,Spring
2023-03-22,20.0,27.3,11.7,0.0,0.0,11.3,3,Mar,Spring
2023-03-23,22.2,28.4,16.6,0.0,0.0,16.6,3,Mar,Spring
2023-03-24,23.4,33.5,16.8,0.4,0.4,20.0,3,Mar,Spring
2023-03-25,19.4,24.4,15.8,6.6,6.6,19.8,3,Mar,Spring
2023-03-26,17.9,23.3,13.2,0.0,0.0,12.8,3,Mar,Spring
2023-03-27,18.6,25.0,12.2,0.0,0.0,14.6,3,Mar,Spring
2023-03-28,21.1,30.6,11.7,0.0,0.0,13.7,3,Mar,Spring
2023-03-29,17.8,24.5,12.8,0.0,0.0,20.5,3,Mar,Spring
2023-03-30,15.8,21.4,12.6,0.0,0.0,21.4,3,Mar,Spring
2023-03-31,15.5,22.0,8.6,0.0,0.0,15.5,3,Mar,Spring
2023-04-01,17.2,24.3,11.1,0.0,0.0,17.7,4,Apr,Spring
2023-04-02,20.4,28.8,11.0,0.0,0.0,11.4,4,Apr,Spring
2023-04-03,22.4,31.5,12.4,0.0,0.0,11.0,4,Apr,Spring
2023-04-04,24.0,32.3,16.9,0.0,0.0,27.3,4,Apr,Spring
2023-04-05,20.7,27.6,14.7,0.0,0.0,18.9,4,Apr,Spring
2023-04-06,20.7,28.1,12.6,0.0,0.0,10.2,4,Apr,Spring
2023-04-07,25.2,35.5,17.3,0.0,0.0,23.9,4,Apr,Spring
2023-04-08,25.5,36.5,14.8,0.0,0.0,17.8,4,Apr,Spring
2023-04-09,25.2,35.4,16.8,0.0,0.0,22.1,4,Apr,Spring
2023-04-10,23.7,30.4,17.8,0.0,0.0,27.6,4,Apr,Spring
2023-04-11,18.6,24.2,13.6,0.1,0.1,23.1,4,Apr,Spring
2023-04-12,16.1,20.9,10.7,1.9,1.9,24.8,4,Apr,Spring
2023-04-13,18.8,25.3,12.8,0.0,0.0,15.5,4,Apr,Spring
2023-04-14,21.4,29.0,14.0,0.0,0.0,15.2,4,Apr,Spring
2023-04-15,22.5,30.4,15.2,0.0,0.0,19.4,4,Apr,Spring
2023-04-16,22.6,31.7,13.9,0.0,0.0,18.4,4,Apr,Spring
2023-04-17,25.9,35.8,14.4,0.0,0.0,12.6,4,Apr,Spring
2023-04-18,28.5,37.5,19.3,0.0,0.0,12.2,4,Apr,Spring
2023-04-19,26.3,35.4,19.7,0.0,0.0,20.2,4,Apr,Spring
2023-04-20,21.3,27.1,16.8,0.0,0.0,17.1,4,Apr,Spring
2023-04-21,20.6,27.1,14.1,0.0,0.0,20.6,4,Apr,Spring
2023-04-22,22.0,30.3,14.8,0.0,0.0,19.4,4,Apr,Spring
2023-04-23,22.8,30.1,16.4,0.0,0.0,19.2,4,Apr,Spring
2023-04-24,23.6,32.0,15.6,0.0,0.0,17.3,4,Apr,Spring
2023-04-25,24.1,31.6,15.6,0.0,0.0,15.7,4,Apr,Spring
2023-04-26,25.1,32.9,16.5,0.0,0.0,21.7,4,Apr,Spring
2023-04-27,25.6,33.9,17.9,0.0,0.0,21.7,4,Apr,Spring
2023-04-28,21.0,26.8,16.1,0.0,0.0,20.1,4,Apr,Spring
2023-04-29,19.1,25.1,13.6,0.0,0.0,20.8,4,Apr,Spring
2023-04-30,19.3,25.1,11.9,0.0,0.0,14.6,4,Apr,Spring
2023-05-01,20.8,28.4,13.1,0.0,0.0,22.2,5,May,Spring
2023-05-02,22.5,30.5,15.0,0.0,0.0,19.1,5,May,Spring
2023-05-03,23.6,31.8,15.8,0.0,0.0,18.4,5,May,Spring
2023-05-04,25.8,35.4,15.9,0.0,0.0,16.9,5,May,Spring
2023-05-05,25.9,30.5,21.2,0.0,0.0,23.9,5,May,Spring
2023-05-06,23.1,29.6,16.0,0.0,0.0,24.4,5,May,Spring
2023-05-07,21.9,28.1,15.3,0.0,0.0,16.8,5,May,Spring
2023-05-08,21.8,27.7,14.8,0.0,0.0,16.4,5,May,Spring
2023-05-09,22.7,29.4,15.2,0.0,0.0,16.7,5,May,Spring
2023-05-10,24.8,33.7,16.2,0.0,0.0,19.7,5,May,Spring
2023-05-11,27.5,38.3,17.2,0.0,0.0,26.6,5,May,Spring
2023-05-12,25.2,33.0,19.3,0.0,0.0,20.0,5,May,Spring
2023-05-13,23.1,30.5,15.8,0.0,0.0,17.9,5,May,Spring
2023-05-14,23.8,32.2,16.6,0.0,0.0,21.0,5,May,Spring
2023-05-15,24.8,33.7,16.9,0.0,0.0,22.1,5,May,Spring
2023-05-16,27.1,37.2,17.5,0.0,0.0,15.0,5,May,Spring
2023-05-17,27.7,37.0,19.2,0.0,0.0,20.9,5,May,Spring
2023-05-18,23.5,30.0,19.1,0.0,0.0,17.7,5,May,Spring
2023-05-19,22.8,29.2,15.5,0.0,0.0,18.8,5,May,Spring
2023-05-20,23.6,30.7,16.3,0.0,0.0,12.3,5,May,Spring
2023-05-21,29.4,39.3,19.6,0.0,0.0,25.2,5,May,Spring
2023-05-22,28.7,32.7,23.9,0.0,0.0,23.7,5,May,Spring
2023-05-23,28.0,35.6,19.4,0.0,0.0,13.5,5,May,Spring
2023-05-24,27.5,34.7,19.5,0.0,0.0,19.6,5,May,Spring
2023-05-25,27.2,35.7,18.9,0.0,0.0,18.0,5,May,Spring
2023-05-26,27.4,37.5,20.6,0.0,0.0,24.4,5,May,Spring
2023-05-27,30.3,36.8,25.0,0.0,0.0,36.2,5,May,Spring
2023-05-28,27.3,31.7,23.4,0.0,0.0,21.6,5,May,Spring
2023-05-29,25.8,31.7,18.5,0.0,0.0,17.8,5,May,Spring
2023-05-30,28.0,34.6,21.0,0.0,0.0,20.6,5,May,Spring
2023-05-31,30.8,38.4,22.3,0.0,0.0,21.7,5,May,Spring
2023-06-01,32.4,40.7,25.3,0.0,0.0,23.4,6,Jun,Summer
2023-06-02,34.9,42.5,28.3,0.0,0.0,26.8,6,Jun,Summer
2023-06-03,29.0,36.3,22.1,0.0,0.0,19.4,6,Jun,Summer
2023-06-04,27.9,35.7,20.8,0.0,0.0,18.2,6,Jun,Summer
2023-06-05,27.2,34.8,19.5,0.0,0.0,17.0,6,Jun,Summer
2023-06-06,27.4,35.1,19.0,0.0,0.0,19.1,6,Jun,Summer
2023-06-07,29.9,38.4,21.0,0.0,0.0,21.0,6,Jun,Summer
2023-06-08,32.7,40.7,24.5,0.4,0.4,23.7,6,Jun,Summer
2023-06-09,33.4,40.6,27.2,0.0,0.0,22.5,6,Jun,Summer
2023-06-10,28.7,36.1,21.7,0.0,0.0,16.8,6,Jun,Summer
2023-06-11,28.6,34.8,21.4,0.0,0.0,16.7,6,Jun,Summer
2023-06-12,29.8,35.8,21.4,0.0,0.0,17.7,6,Jun,Summer
2023-06-13,30.3,37.0,23.6,0.0,0.0,25.0,6,Jun,Summer
2023-06-14,27.9,35.2,20.8,0.0,0.0,21.7,6,Jun,Summer
2023-06-15,28.4,35.5,20.7,0.0,0.0,17.6,6,Jun,Summer
2023-06-16,31.3,40.5,21.1,0.0,0.0,13.0,6,Jun,Summer
2023-06-17,30.9,37.9,24.6,0.0,0.0,18.3,6,Jun,Summer
2023-06-18,27.8,34.4,20.2,0.0,0.0,19.0,6,Jun,Summer
2023-06-19,26.9,32.7,20.4,0.0,0.0,19.6,6,Jun,Summer
2023-06-20,27.8,34.7,20.4,0.0,0.0,18.6,6,Jun,Summer
2023-06-21,28.7,36.2,21.1,0.0,0.0,19.8,6,Jun,Summer
2023-06-22,28.8,36.3,20.8,0.0,0.0,20.1,6,Jun,Summer
2023-06-23,29.8,37.5,21.4,0.0,0.0,19.9,6,Jun,Summer
2023-06-24,30.5,38.1,22.1,0.0,0.0,18.8,6,Jun,Summer
2023-06-25,30.4,38.0,21.9,0.0,0.0,19.1,6,Jun,Summer
2023-06-26,29.4,37.0,20.7,0.0,0.0,18.7,6,Jun,Summer
2023-06-27,30.3,37.7,21.8,0.0,0.0,19.1,6,Jun,Summer
2023-06-28,30.2,37.0,22.7,0.0,0.0,20.5,6,Jun,Summer
2023-06-29,29.6,37.1,22.1,0.0,0.0,20.5,6,Jun,Summer
2023-06-30,29.0,37.0,21.0,0.0,0.0,23.2,6,Jun,Summer
2023-07-01,29.8,38.1,21.8,0.0,0.0,20.6,7,Jul,Summer
2023-07-02,29.7,37.5,21.0,0.0,0.0,19.6,7,Jul,Summer
2023-07-03,32.0,41.4,20.9,0.0,0.0,16.2,7,Jul,Summer
2023-07-04,33.1,40.8,25.3,0.0,0.0,21.6,7,Jul,Summer
2023-07-05,29.8,37.0,22.3,0.0,0.0,19.7,7,Jul,Summer
2023-07-06,30.1,37.0,22.5,0.0,0.0,17.4,7,Jul,Summer
2023-07-07,30.4,37.3,22.9,0.0,0.0,19.9,7,Jul,Summer
2023-07-08,31.0,39.6,22.9,0.0,0.0,24.7,7,Jul,Summer
2023-07-09,30.2,38.1,23.4,0.0,0.0,22.5,7,Jul,Summer
2023-07-10,30.1,38.0,22.5,0.0,0.0,24.2,7,Jul,Summer
2023-07-11,31.3,38.4,25.2,0.0,0.0,26.1,7,Jul,Summer
2023-07-12,31.2,38.7,23.5,0.0,0.0,20.9,7,Jul,Summer
2023-07-13,31.5,40.3,22.3,0.0,0.0,22.3,7,Jul,Summer
2023-07-14,32.5,41.1,22.5,0.0,0.0,16.7,7,Jul,Summer
2023-07-15,32.7,41.5,23.0,0.0,0.0,16.4,7,Jul,Summer
2023-07-16,34.2,43.3,22.9,0.0,0.0,16.1,7,Jul,Summer
2023-07-17,34.6,43.5,24.1,0.0,0.0,17.0,7,Jul,Summer
2023-07-18,33.5,41.1,24.5,0.0,0.0,23.2,7,Jul,Summer
2023-07-19,32.3,39.5,24.1,0.0,0.0,16.0,7,Jul,Summer
2023-07-20,32.9,40.2,24.1,0.0,0.0,18.7,7,Jul,Summer
2023-07-21,32.3,39.5,23.5,0.0,0.0,18.8,7,Jul,Summer
2023-07-22,33.6,42.1,23.7,0.0,0.0,17.0,7,Jul,Summer
2023-07-23,34.7,43.4,25.3,0.0,0.0,21.6,7,Jul,Summer
2023-07-24,34.7,43.0,24.9,0.0,0.0,22.6,7,Jul,Summer
2023-07-25,33.8,41.4,24.9,0.0,0.0,16.3,7,Jul,Summer
2023-07-26,34.5,42.7,25.0,0.0,0.0,25.3,7,Jul,Summer
2023-07-27,35.3,43.6,27.1,0.0,0.0,19.0,7,Jul,Summer
2023-07-28,34.1,42.5,25.0,0.0,0.0,21.2,7,Jul,Summer
2023-07-29,31.3,38.9,24.1,0.0,0.0,19.7,7,Jul,Summer
2023-07-30,30.5,37.9,22.4,0.0,0.0,18.6,7,Jul,Summer
2023-07-31,30.8,37.9,22.8,0.0,0.0,17.9,7,Jul,Summer
2023-08-01,31.6,39.1,23.1,0.0,0.0,18.9,8,Aug,Summer
2023-08-02,32.6,39.8,24.9,0.0,0.0,15.5,8,Aug,Summer
2023-08-03,31.6,39.5,22.7,0.0,0.0,20.2,8,Aug,Summer
2023-08-04,31.8,39.4,23.2,0.0,0.0,19.8,8,Aug,Summer
2023-08-05,32.4,40.9,22.4,0.0,0.0,19.6,8,Aug,Summer
2023-08-06,35.4,44.1,25.5,0.0,0.0,25.6,8,Aug,Summer
2023-08-07,34.9,42.6,26.9,0.0,0.0,20.0,8,Aug,Summer
2023-08-08,31.4,37.7,25.4,0.0,0.0,18.9,8,Aug,Summer
2023-08-09,30.1,36.5,22.5,0.0,0.0,22.9,8,Aug,Summer
2023-08-10,30.7,37.8,24.2,0.0,0.0,19.0,8,Aug,Summer
2023-08-11,29.2,36.8,23.8,0.0,0.0,20.2,8,Aug,Summer
2023-08-12,29.8,37.6,24.1,0.0,0.0,20.9,8,Aug,Summer
2023-08-13,30.3,37.8,25.1,0.0,0.0,19.6,8,Aug,Summer
2023-08-14,30.1,38.0,23.7,0.0,0.0,18.7,8,Aug,Summer
2023-08-15,30.4,38.0,24.9,0.0,0.0,19.2,8,Aug,Summer
2023-08-16,30.1,37.7,25.0,0.1,0.1,18.0,8,Aug,Summer
2023-08-17,30.1,37.4,23.3,0.0,0.0,17.9,8,Aug,Summer
2023-08-18,30.4,37.4,23.2,0.0,0.0,18.4,8,Aug,Summer
2023-08-19,30.4,37.7,22.6,0.0,0.0,19.8,8,Aug,Summer
2023-08-20,30.0,36.8,22.9,0.0,0.0,19.7,8,Aug,Summer
2023-08-21,30.3,37.0,23.6,0.0,0.0,18.0,8,Aug,Summer
2023-08-22,30.3,37.4,22.6,0.0,0.0,18.5,8,Aug,Summer
2023-08-23,30.7,38.2,22.5,0.0,0.0,17.7,8,Aug,Summer
2023-08-24,30.6,39.3,22.2,0.0,0.0,19.1,8,Aug,Summer
2023-08-25,30.9,39.9,21.8,0.0,0.0,21.6,8,Aug,Summer
2023-08-26,32.1,41.0,23.3,0.0,0.0,21.3,8,Aug,Summer
2023-08-27,32.1,39.9,23.6,0.0,0.0,15.1,8,Aug,Summer
2023-08-28,31.6,37.8,24.8,0.0,0.0,20.2,8,Aug,Summer
2023-08-29,30.9,37.5,24.5,0.0,0.0,17.4,8,Aug,Summer
2023-08-30,31.9,40.6,23.6,0.0,0.0,22.3,8,Aug,Summer
2023-08-31,32.6,40.6,24.6,0.0,0.0,24.2,8,Aug,Summer
2023-09-01,30.4,37.7,25.1,0.0,0.0,21.6,9,Sep,Autumn
2023-09-02,30.2,38.0,22.7,0.0,0.0,20.0,9,Sep,Autumn
2023-09-03,29.5,35.9,23.3,0.0,0.0,18.5,9,Sep,Autumn
2023-09-04,29.0,35.1,22.0,0.0,0.0,13.7,9,Sep,Autumn
2023-09-05,31.3,38.2,23.7,0.0,0.0,11.4,9,Sep,Autumn
2023-09-06,32.3,40.4,23.0,0.0,0.0,17.4,9,Sep,Autumn
2023-09-07,35.2,44.7,24.5,0.0,0.0,21.4,9,Sep,Autumn
2023-09-08,33.5,41.2,26.5,0.0,0.0,17.6,9,Sep,Autumn
2023-09-09,31.8,39.1,23.6,0.0,0.0,15.2,9,Sep,Autumn
2023-09-10,32.6,39.7,24.2,0.0,0.0,20.1,9,Sep,Autumn
2023-09-11,32.7,38.7,25.5,0.0,0.0,25.4,9,Sep,Autumn
2023-09-12,28.8,32.2,25.2,0.0,0.0,24.5,9,Sep,Autumn
2023-09-13,29.3,36.4,23.1,0.1,0.1,19.7,9,Sep,Autumn
2023-09-14,28.5,35.7,20.4,0.0,0.0,19.4,9,Sep,Autumn
2023-09-15,28.6,36.0,22.0,0.0,0.0,19.5,9,Sep,Autumn
2023-09-16,29.0,35.5,22.9,0.0,0.0,18.7,9,Sep,Autumn
2023-09-17,28.9,37.1,20.0,0.0,0.0,20.3,9,Sep,Autumn
2023-09-18,29.6,36.7,24.2,0.0,0.0,15.6,9,Sep,Autumn
2023-09-19,28.1,34.0,22.0,0.0,0.0,17.4,9,Sep,Autumn
2023-09-20,28.5,34.6,23.3,0.0,0.0,18.2,9,Sep,Autumn
2023-09-21,28.6,35.4,21.9,0.0,0.0,21.3,9,Sep,Autumn
2023-09-22,28.7,35.6,21.5,0.0,0.0,18.5,9,Sep,Autumn
2023-09-23,29.0,37.2,20.7,0.0,0.0,19.9,9,Sep,Autumn
2023-09-24,28.8,36.9,19.2,0.0,0.0,17.2,9,Sep,Autumn
2023-09-25,29.5,37.8,20.0,0.0,0.0,20.2,9,Sep,Autumn
2023-09-26,29.8,38.1,20.6,0.0,0.0,17.5,9,Sep,Autumn
2023-09-27,30.5,38.8,20.7,0.0,0.0,14.8,9,Sep,Autumn
2023-09-28,31.4,39.7,22.4,0.0,0.0,22.4,9,Sep,Autumn
2023-09-29,30.0,38.7,22.8,0.0,0.0,21.7,9,Sep,Autumn
2023-09-30,28.9,36.6,22.1,0.0,0.0,15.6,9,Sep,Autumn
2023-10-01,28.1,33.2,23.9,0.0,0.0,15.9,10,Oct,Autumn
2023-10-02,25.9,28.7,21.8,0.1,0.1,13.5,10,Oct,Autumn
2023-10-03,26.0,31.6,19.5,0.0,0.0,13.1,10,Oct,Autumn
2023-10-04,27.0,32.9,22.5,0.0,0.0,17.0,10,Oct,Autumn
2023-10-05,28.1,33.6,23.1,0.0,0.0,21.2,10,Oct,Autumn
2023-10-06,27.1,33.8,21.0,0.0,0.0,20.3,10,Oct,Autumn
2023-10-07,26.4,32.1,20.8,0.0,0.0,23.2,10,Oct,Autumn
2023-10-08,26.8,32.6,20.5,0.3,0.3,15.8,10,Oct,Autumn
2023-10-09,27.3,33.3,22.0,0.0,0.0,19.5,10,Oct,Autumn
2023-10-10,25.8,31.5,19.6,0.0,0.0,18.1,10,Oct,Autumn
2023-10-11,25.5,30.9,20.5,0.0,0.0,13.3,10,Oct,Autumn
2023-10-12,25.2,31.1,19.0,0.0,0.0,14.8,10,Oct,Autumn
2023-10-13,25.3,32.2,18.5,0.0,0.0,17.7,10,Oct,Autumn
2023-10-14,24.6,31.0,17.8,0.0,0.0,15.5,10,Oct,Autumn
2023-10-15,24.5,29.8,19.0,0.0,0.0,17.9,10,Oct,Autumn
2023-10-16,24.1,30.3,16.9,0.0,0.0,15.4,10,Oct,Autumn
2023-10-17,24.8,30.5,19.3,0.0,0.0,16.1,10,Oct,Autumn
2023-10-18,24.5,31.0,18.9,0.0,0.0,15.9,10,Oct,Autumn
2023-10-19,25.0,32.0,18.9,0.0,0.0,15.6,10,Oct,Autumn
2023-10-20,25.4,32.3,19.4,0.0,0.0,20.5,10,Oct,Autumn
2023-10-21,24.8,30.8,18.6,0.0,0.0,18.6,10,Oct,Autumn
2023-10-22,24.9,31.6,17.4,0.0,0.0,18.3,10,Oct,Autumn
2023-10-23,25.5,32.5,17.9,0.0,0.0,17.2,10,Oct,Autumn
2023-10-24,26.2,33.6,20.3,0.0,0.0,19.2,10,Oct,Autumn
2023-10-25,26.2,33.6,20.4,0.0,0.0,18.7,10,Oct,Autumn
2023-10-26,27.5,35.8,20.9,0.0,0.0,13.7,10,Oct,Autumn
2023-10-27,27.0,33.9,20.7,0.0,0.0,15.3,10,Oct,Autumn
2023-10-28,26.8,33.9,20.4,0.0,0.0,16.8,10,Oct,Autumn
2023-10-29,26.9,34.6,20.8,0.0,0.0,18.3,10,Oct,Autumn
2023-10-30,27.0,33.8,22.1,0.0,0.0,16.6,10,Oct,Autumn
2023-10-31,25.9,33.0,20.3,0.5,0.5,20.2,10,Oct,Autumn
2023-11-01,25.9,32.9,20.5,0.0,0.0,17.4,11,Nov,Autumn
2023-11-02,26.2,32.7,21.0,0.0,0.0,15.1,11,Nov,Autumn
2023-11-03,25.6,33.3,19.2,0.0,0.0,11.2,11,Nov,Autumn
2023-11-04,26.0,34.2,18.4,0.0,0.0,16.3,11,Nov,Autumn
2023-11-05,25.1,33.1,18.9,0.0,0.0,13.2,11,Nov,Autumn
2023-11-06,25.3,34.0,18.1,0.0,0.0,16.8,11,Nov,Autumn
2023-11-07,24.6,32.6,16.6,0.0,0.0,17.1,11,Nov,Autumn
2023-11-08,24.0,31.0,19.0,0.0,0.0,15.8,11,Nov,Autumn
2023-11-09,24.2,30.8,19.2,0.0,0.0,18.2,11,Nov,Autumn
2023-11-10,23.7,30.0,18.1,0.0,0.0,18.9,11,Nov,Autumn
2023-11-11,23.9,30.0,18.6,0.2,0.2,18.4,11,Nov,Autumn
2023-11-12,24.9,31.8,19.7,0.6,0.6,13.8,11,Nov,Autumn
2023-11-13,24.1,31.4,18.4,0.1,0.1,12.1,11,Nov,Autumn
2023-11-14,22.7,27.4,17.6,0.2,0.2,24.5,11,Nov,Autumn
2023-11-15,22.0,27.3,16.9,0.0,0.0,14.3,11,Nov,Autumn
2023-11-16,22.1,27.9,17.2,0.0,0.0,11.0,11,Nov,Autumn
2023-11-17,22.7,28.7,17.7,0.0,0.0,14.4,11,Nov,Autumn
2023-11-18,23.1,27.9,19.4,0.0,0.0,13.0,11,Nov,Autumn
2023-11-19,20.6,24.7,16.3,0.0,0.0,32.9,11,Nov,Autumn
2023-11-20,17.7,22.2,14.0,0.1,0.1,19.1,11,Nov,Autumn
2023-11-21,18.6,25.1,12.8,0.0,0.0,10.4,11,Nov,Autumn
2023-11-22,19.7,26.7,15.2,0.0,0.0,11.8,11,Nov,Autumn
2023-11-23,18.8,26.7,12.4,0.0,0.0,9.4,11,Nov,Autumn
2023-11-24,18.5,26.2,12.0,0.0,0.0,9.7,11,Nov,Autumn
2023-11-25,20.2,27.2,13.8,0.0,0.0,24.6,11,Nov,Autumn
2023-11-26,20.0,25.0,14.7,0.0,0.0,25.8,11,Nov,Autumn
2023-11-27,18.5,22.7,14.4,0.0,0.0,19.7,11,Nov,Autumn
2023-11-28,16.4,21.5,12.7,0.0,0.0,14.8,11,Nov,Autumn
2023-11-29,17.6,24.4,10.9,0.0,0.0,17.7,11,Nov,Autumn
2023-11-30,18.5,25.8,12.0,0.0,0.0,18.4,11,Nov,Autumn
2023-12-01,19.0,25.8,13.3,0.0,0.0,19.9,12,Dec,Winter
2023-12-02,19.2,25.8,13.8,0.0,0.0,19.9,12,Dec,Winter
2023-12-03,19.8,27.0,14.6,0.0,0.0,19.6,12,Dec,Winter
2023-12-04,19.5,27.4,14.9,0.0,0.0,10.8,12,Dec,Winter
2023-12-05,17.7,24.6,12.5,0.0,0.0,8.5,12,Dec,Winter
2023-12-06,18.2,24.3,12.8,0.0,0.0,13.1,12,Dec,Winter
2023-12-07,16.9,23.7,9.8,0.0,0.0,11.6,12,Dec,Winter
2023-12-08,16.3,22.2,12.7,0.2,0.2,14.0,12,Dec,Winter
2023-12-09,15.7,21.9,10.5,0.0,0.0,9.5,12,Dec,Winter
2023-12-10,16.8,24.6,9.1,0.0,0.0,12.1,12,Dec,Winter
2023-12-11,17.3,24.9,10.4,0.0,0.0,15.1,12,Dec,Winter
2023-12-12,15.9,22.5,9.9,0.1,0.1,17.1,12,Dec,Winter
2023-12-13,17.6,22.2,13.7,0.1,0.1,17.5,12,Dec,Winter
2023-12-14,18.3,24.9,12.3,0.0,0.0,9.3,12,Dec,Winter
2023-12-15,19.5,26.4,14.8,0.0,0.0,11.2,12,Dec,Winter
2023-12-16,18.1,26.7,11.5,0.0,0.0,9.5,12,Dec,Winter
2023-12-17,17.8,25.4,10.8,0.0,0.0,15.8,12,Dec,Winter
2023-12-18,18.7,24.7,14.1,0.1,0.1,20.0,12,Dec,Winter
2023-12-19,17.8,23.9,13.3,0.0,0.0,20.7,12,Dec,Winter
2023-12-20,15.7,22.1,10.1,0.0,0.0,11.5,12,Dec,Winter
2023-12-21,16.0,20.8,12.4,0.0,0.0,20.4,12,Dec,Winter
2023-12-22,15.7,21.3,10.7,0.0,0.0,24.6,12,Dec,Winter
2023-12-23,17.2,22.1,13.1,0.0,0.0,22.4,12,Dec,Winter
2023-12-24,18.0,22.7,14.7,1.3,1.3,14.2,12,Dec,Winter
2023-12-25,18.2,23.7,13.1,0.0,0.0,10.9,12,Dec,Winter
2023-12-26,17.9,24.4,11.9,0.0,0.0,17.6,12,Dec,Winter
2023-12-27,17.6,24.0,11.8,0.0,0.0,16.3,12,Dec,Winter
2023-12-28,17.3,22.1,14.1,3.3,3.3,18.4,12,Dec,Winter
2023-12-29,18.0,24.2,13.2,0.0,0.0,17.1,12,Dec,Winter
2023-12-30,16.7,23.5,11.6,0.0,0.0,13.1,12,Dec,Winter
2023-12-31,17.0,22.4,12.2,1.0,1.0,12.4,12,Dec,Winter
