date,temperature
2024-01-01,18.12
2024-01-02,18.11
2024-01-03,17.74
2024-01-04,17.96
2024-01-05,18.1
2024-01-06,18.65
2024-01-07,18.65
2024-01-08,16.82
2024-01-09,16.26
2024-01-10,16.42
2024-01-11,16.68
2024-01-12,16.8
2024-01-13,15.92
2024-01-14,16.06
2024-01-15,16.13
2024-01-16,15.5
2024-01-17,16.6
2024-01-18,17.04
2024-01-19,16.67
2024-01-20,18.2
2024-01-21,18.08
2024-01-22,17.23
2024-01-23,17.07
2024-01-24,16.3
2024-01-25,16.68
2024-01-26,16.63
2024-01-27,15.84
2024-01-28,15.12
2024-01-29,14.88
2024-01-30,14.0
2024-01-31,13.21
2024-02-01,13.46
2024-02-02,15.02
2024-02-03,15.01
2024-02-04,14.76
2024-02-05,15.24
2024-02-06,16.11
2024-02-07,15.8
2024-02-08,16.14
2024-02-09,16.46
2024-02-10,16.01
2024-02-11,16.97
2024-02-12,17.75
2024-02-13,17.22
2024-02-14,15.71
2024-02-15,14.76
2024-02-16,15.65
2024-02-17,16.03
2024-02-18,16.18
2024-02-19,16.42
2024-02-20,16.06
2024-02-21,15.66
2024-02-22,16.17
2024-02-23,16.37
2024-02-24,17.15
2024-02-25,16.89
2024-02-26,17.35
2024-02-27,17.43
2024-02-28,17.6
2024-02-29,18.1
2024-03-01,19.23
2024-03-02,18.29
2024-03-03,17.0
2024-03-04,16.6
2024-03-05,17.97
2024-03-06,17.49
2024-03-07,17.11
2024-03-08,16.92
2024-03-09,16.29
2024-03-10,16.23
2024-03-11,16.91
2024-03-12,18.42
2024-03-13,18.25
2024-03-14,17.16
2024-03-15,16.9
2024-03-16,17.09
2024-03-17,17.61
2024-03-18,17.43
2024-03-19,17.43
2024-03-20,18.23
2024-03-21,17.39
2024-03-22,16.34
2024-03-23,16.5
2024-03-24,16.14
2024-03-25,17.02
2024-03-26,18.46
2024-03-27,20.12
2024-03-28,21.04
2024-03-29,19.39
2024-03-30,19.35
2024-03-31,20.74
2024-04-01,20.88
2024-04-02,20.7
2024-04-03,20.73
2024-04-04,20.9
2024-04-05,19.35
2024-04-06,19.79
2024-04-07,19.96
2024-04-08,19.27
2024-04-09,18.28
2024-04-10,19.66
2024-04-11,19.7
2024-04-12,19.89
2024-04-13,19.99
2024-04-14,20.07
2024-04-15,20.59
2024-04-16,21.03
2024-04-17,24.69
2024-04-18,21.62
2024-04-19,19.42
2024-04-20,20.65
2024-04-21,19.37
2024-04-22,20.52
2024-04-23,22.65
2024-04-24,25.86
2024-04-25,22.72
2024-04-26,21.21
2024-04-27,20.81
2024-04-28,20.72
2024-04-29,20.41
2024-04-30,21.04
2024-05-01,21.21
2024-05-02,20.78
2024-05-03,21.7
2024-05-04,21.42
2024-05-05,20.54
2024-05-06,20.84
2024-05-07,20.43
2024-05-08,20.56
2024-05-09,22.6
2024-05-10,23.87
2024-05-11,22.12
2024-05-12,21.13
2024-05-13,20.88
2024-05-14,21.09
2024-05-15,21.04
2024-05-16,22.07
2024-05-17,23.58
2024-05-18,24.53
2024-05-19,24.35
2024-05-20,25.7
2024-05-21,24.48
2024-05-22,25.14
2024-05-23,25.31
2024-05-24,23.78
2024-05-25,23.63
2024-05-26,24.2
2024-05-27,24.27
2024-05-28,22.77
2024-05-29,22.32
2024-05-30,22.53
2024-05-31,24.2
2024-06-01,25.33
2024-06-02,25.38
2024-06-03,25.35
2024-06-04,25.9
2024-06-05,26.68
2024-06-06,27.57
2024-06-07,28.69
2024-06-08,26.94
2024-06-09,26.09
2024-06-10,26.38
2024-06-11,26.66
2024-06-12,27.46
2024-06-13,28.11
2024-06-14,29.07
2024-06-15,29.12
2024-06-16,27.17
2024-06-17,26.79
2024-06-18,25.95
2024-06-19,26.67
2024-06-20,27.51
2024-06-21,28.25
2024-06-22,28.18
2024-06-23,28.27
2024-06-24,28.03
2024-06-25,27.56
2024-06-26,26.77
2024-06-27,27.8
2024-06-28,27.54
2024-06-29,27.42
2024-06-30,27.54
2024-07-01,28.24
2024-07-02,27.97
2024-07-03,28.73
2024-07-04,28.47
2024-07-05,27.45
2024-07-06,27.36
2024-07-07,28.56
2024-07-08,28.79
2024-07-09,28.94
2024-07-10,29.42
2024-07-11,30.01
2024-07-12,29.9
2024-07-13,29.82
2024-07-14,29.26
2024-07-15,29.28
2024-07-16,28.57
2024-07-17,28.23
2024-07-18,28.0
2024-07-19,29.07
2024-07-20,30.08
2024-07-21,29.97
2024-07-22,30.09
2024-07-23,29.68
2024-07-24,29.43
2024-07-25,29.88
2024-07-26,29.33
2024-07-27,28.72
2024-07-28,29.64
2024-07-29,29.57
2024-07-30,29.34
2024-07-31,29.64
2024-08-01,29.06
2024-08-02,29.07
2024-08-03,28.69
2024-08-04,28.89
2024-08-05,28.27
2024-08-06,28.55
2024-08-07,29.0
2024-08-08,29.06
2024-08-09,29.62
2024-08-10,28.69
2024-08-11,28.84
2024-08-12,29.02
2024-08-13,28.9
2024-08-14,28.91
2024-08-15,29.29
2024-08-16,29.07
2024-08-17,29.68
2024-08-18,29.34
2024-08-19,28.9
2024-08-20,28.15
2024-08-21,28.79
2024-08-22,28.93
2024-08-23,28.54
2024-08-24,29.23
2024-08-25,29.41
2024-08-26,29.79
2024-08-27,28.94
2024-08-28,28.78
2024-08-29,28.8
2024-08-30,29.29
2024-08-31,29.11
2024-09-01,28.84
2024-09-02,29.1
2024-09-03,28.6
2024-09-04,28.29
2024-09-05,28.85
2024-09-06,28.44
2024-09-07,29.16
2024-09-08,29.27
2024-09-09,28.34
2024-09-10,28.72
2024-09-11,30.84
2024-09-12,29.74
2024-09-13,27.96
2024-09-14,28.07
2024-09-15,28.14
2024-09-16,27.92
2024-09-17,27.93
2024-09-18,26.76
2024-09-19,27.96
2024-09-20,28.48
2024-09-21,27.58
2024-09-22,27.19
2024-09-23,26.48
2024-09-24,26.39
2024-09-25,26.04
2024-09-26,26.11
2024-09-27,26.74
2024-09-28,26.88
2024-09-29,26.38
2024-09-30,26.68
2024-10-01,26.05
2024-10-02,24.75
2024-10-03,24.32
2024-10-04,24.45
2024-10-05,24.71
2024-10-06,24.36
2024-10-07,25.93
2024-10-08,26.55
2024-10-09,26.01
2024-10-10,24.83
2024-10-11,25.22
2024-10-12,25.11
2024-10-13,25.7
2024-10-14,25.9
2024-10-15,25.47
2024-10-16,25.09
2024-10-17,25.73
2024-10-18,25.6
2024-10-19,24.92
2024-10-20,24.67
2024-10-21,24.89
2024-10-22,24.05
2024-10-23,23.64
2024-10-24,23.73
2024-10-25,23.76
2024-10-26,24.08
2024-10-27,24.7
2024-10-28,24.0
2024-10-29,22.81
2024-10-30,22.25
2024-10-31,22.43
2024-11-01,23.12
2024-11-02,23.19
2024-11-03,23.09
2024-11-04,22.75
2024-11-05,22.16
2024-11-06,23.29
2024-11-07,23.74
2024-11-08,23.24
2024-11-09,23.03
2024-11-10,21.99
2024-11-11,21.42
2024-11-12,21.31
2024-11-13,21.68
2024-11-14,22.0
2024-11-15,22.2
2024-11-16,22.47
2024-11-17,21.03
2024-11-18,20.95
2024-11-19,20.95
2024-11-20,20.82
2024-11-21,21.37
2024-11-22,21.52
2024-11-23,22.06
2024-11-24,19.26
2024-11-25,17.41
2024-11-26,16.92
2024-11-27,18.63
2024-11-28,19.18
2024-11-29,19.25
2024-11-30,19.21
2024-12-01,18.73
2024-12-02,18.7
2024-12-03,19.09
2024-12-04,18.8
2024-12-05,18.96
2024-12-06,20.01
2024-12-07,19.55
2024-12-08,19.16
2024-12-09,18.88
2024-12-10,19.63
2024-12-11,19.54
2024-12-12,19.29
2024-12-13,18.87
2024-12-14,18.4
2024-12-15,17.73
2024-12-16,17.71
2024-12-17,18.05
2024-12-18,18.39
2024-12-19,17.85
2024-12-20,17.98
2024-12-21,18.35
2024-12-22,17.6
2024-12-23,17.69
2024-12-24,16.61
2024-12-25,16.4
2024-12-26,14.74
2024-12-27,14.34
2024-12-28,15.49
2024-12-29,15.85
2024-12-30,15.78
2024-12-31,16.15
2025-01-01,16.71
2025-01-02,16.32
2025-01-03,16.38
2025-01-04,16.95
2025-01-05,17.55
2025-01-06,17.38
2025-01-07,17.54
2025-01-08,17.19
2025-01-09,17.4
2025-01-10,16.89
2025-01-11,17.36
2025-01-12,17.16
2025-01-13,17.27
2025-01-14,17.84
2025-01-15,17.17
2025-01-16,17.89
2025-01-17,18.03
2025-01-18,16.81
2025-01-19,16.7
2025-01-20,16.62
2025-01-21,16.48
2025-01-22,17.06
2025-01-23,16.61
2025-01-24,16.99
2025-01-25,17.07
2025-01-26,16.66
2025-01-27,16.87
2025-01-28,17.37
2025-01-29,17.51
2025-01-30,17.37
2025-01-31,16.7
2025-02-01,16.46
2025-02-02,16.72
2025-02-03,17.02
2025-02-04,16.31
2025-02-05,16.44
2025-02-06,14.74
2025-02-07,14.36
2025-02-08,14.47
2025-02-09,14.88
2025-02-10,15.37
2025-02-11,15.69
2025-02-12,14.78
2025-02-13,14.49
2025-02-14,14.64
2025-02-15,15.86
2025-02-16,16.56
2025-02-17,16.76
2025-02-18,16.97
2025-02-19,16.71
2025-02-20,15.14
2025-02-21,14.38
2025-02-22,13.69
2025-02-23,12.36
2025-02-24,12.78
2025-02-25,12.52
2025-02-26,14.13
2025-02-27,15.01
2025-02-28,15.61
2025-03-01,15.73
2025-03-02,16.38
2025-03-03,16.78
2025-03-04,16.45
2025-03-05,17.18
2025-03-06,17.5
2025-03-07,17.47
2025-03-08,17.52
2025-03-09,17.41
2025-03-10,17.4
2025-03-11,17.21
2025-03-12,18.38
2025-03-13,20.01
2025-03-14,20.62
2025-03-15,20.05
2025-03-16,21.01
2025-03-17,22.08
2025-03-18,19.5
2025-03-19,18.07
2025-03-20,15.91
2025-03-21,15.43
2025-03-22,15.09
2025-03-23,16.65
2025-03-24,17.25
2025-03-25,18.54
2025-03-26,19.13
2025-03-27,21.47
2025-03-28,20.77
2025-03-29,17.84
2025-03-30,19.24
2025-03-31,21.26
2025-04-01,20.87
2025-04-02,19.79
2025-04-03,19.09
2025-04-04,17.75
2025-04-05,18.9
2025-04-06,19.99
2025-04-07,19.59
2025-04-08,21.61
2025-04-09,18.86
2025-04-10,16.54
2025-04-11,16.78
2025-04-12,17.38
2025-04-13,17.33
2025-04-14,17.36
2025-04-15,18.33
2025-04-16,18.36
2025-04-17,19.6
2025-04-18,19.88
2025-04-19,20.11
2025-04-20,20.01
2025-04-21,20.09
2025-04-22,22.66
2025-04-23,21.55
2025-04-24,19.31
2025-04-25,19.55
2025-04-26,19.51
2025-04-27,19.31
2025-04-28,18.84
2025-04-29,19.89
2025-04-30,20.76
2025-05-01,20.48
2025-05-02,20.77
2025-05-03,19.66
2025-05-04,19.34
2025-05-05,20.85
2025-05-06,22.03
2025-05-07,22.26
2025-05-08,22.62
2025-05-09,23.6
2025-05-10,24.03
2025-05-11,26.08
2025-05-12,22.7
2025-05-13,24.29
2025-05-14,22.04
2025-05-15,20.87
2025-05-16,22.3
2025-05-17,24.54
2025-05-18,22.45
2025-05-19,21.46
2025-05-20,21.44
2025-05-21,21.44
2025-05-22,22.75
2025-05-23,24.06
2025-05-24,24.28
2025-05-25,24.94
2025-05-26,25.41
2025-05-27,22.63
2025-05-28,22.77
2025-05-29,22.85
2025-05-30,23.16
2025-05-31,23.32
2025-06-01,23.0
2025-06-02,22.62
2025-06-03,23.29
2025-06-04,24.25
2025-06-05,24.44
2025-06-06,24.81
2025-06-07,24.66
2025-06-08,24.79
2025-06-09,25.06
2025-06-10,25.48
2025-06-11,25.56
2025-06-12,25.39
2025-06-13,25.96
2025-06-14,25.54
2025-06-15,24.92
2025-06-16,24.48
2025-06-17,25.33
2025-06-18,26.07
2025-06-19,25.88
2025-06-20,26.33
2025-06-21,26.55
2025-06-22,25.84
2025-06-23,25.28
2025-06-24,26.22
2025-06-25,26.56
2025-06-26,26.42
2025-06-27,26.73
2025-06-28,27.24
2025-06-29,27.48
2025-06-30,27.59
2025-07-01,28.07
2025-07-02,27.65
2025-07-03,28.05
2025-07-04,27.42
2025-07-05,27.62
2025-07-06,27.29
2025-07-07,27.79
2025-07-08,27.25
2025-07-09,27.03
2025-07-10,27.68
2025-07-11,27.17
2025-07-12,26.87
2025-07-13,26.73
2025-07-14,26.98
2025-07-15,27.78
2025-07-16,28.27
2025-07-17,28.38
2025-07-18,28.04
2025-07-19,27.71
2025-07-20,27.63
2025-07-21,28.17
2025-07-22,29.04
2025-07-23,29.45
2025-07-24,29.81
2025-07-25,29.51
2025-07-26,30.16
2025-07-27,29.91
2025-07-28,29.56
2025-07-29,28.34
2025-07-30,27.55
2025-07-31,27.78
2025-08-01,28.06
2025-08-02,27.76
2025-08-03,27.84
2025-08-04,27.79
2025-08-05,27.67
2025-08-06,27.86
2025-08-07,26.71
2025-08-08,27.15
2025-08-09,28.8
2025-08-10,29.87
2025-08-11,29.48
2025-08-12,29.76
2025-08-13,29.71
2025-08-14,29.92
2025-08-15,29.61
2025-08-16,28.33
2025-08-17,27.98
2025-08-18,28.86
2025-08-19,29.34
2025-08-20,29.04
2025-08-21,28.75
2025-08-22,28.53
2025-08-23,29.22
2025-08-24,28.75
2025-08-25,28.35
2025-08-26,27.85
2025-08-27,27.76
2025-08-28,27.5
2025-08-29,27.8
2025-08-30,26.96
2025-08-31,27.61
2025-09-01,27.94
2025-09-02,27.43
2025-09-03,27.85
2025-09-04,27.78
2025-09-05,27.77
2025-09-06,27.19
2025-09-07,27.63
2025-09-08,27.15
2025-09-09,26.33
2025-09-10,26.35
2025-09-11,27.29
2025-09-12,27.03
2025-09-13,27.31
2025-09-14,27.47
2025-09-15,26.38
2025-09-16,25.97
2025-09-17,26.56
2025-09-18,26.93
2025-09-19,27.07
2025-09-20,27.54
2025-09-21,26.97
2025-09-22,26.38
2025-09-23,26.37
2025-09-24,25.81
2025-09-25,25.6
2025-09-26,26.33
2025-09-27,25.86
2025-09-28,25.39
2025-09-29,25.16
2025-09-30,25.95
2025-10-01,24.83
2025-10-02,26.19
2025-10-03,26.9
2025-10-04,25.96
2025-10-05,24.88
2025-10-06,24.35
2025-10-07,25.27
2025-10-08,25.78
2025-10-09,24.4
2025-10-10,23.85
2025-10-11,24.06
2025-10-12,24.3
2025-10-13,24.7
2025-10-14,24.4
2025-10-15,23.55
2025-10-16,23.77
2025-10-17,22.68
2025-10-18,22.79
2025-10-19,23.86
2025-10-20,24.3
2025-10-21,25.2
2025-10-22,25.81
2025-10-23,25.68
2025-10-24,25.08
2025-10-25,24.93
2025-10-26,24.34
2025-10-27,23.28
2025-10-28,22.92
2025-10-29,23.38
2025-10-30,23.1
2025-10-31,24.34
2025-11-01,24.08
2025-11-02,24.25
2025-11-03,24.72
2025-11-04,25.61
2025-11-05,25.54
2025-11-06,24.29
2025-11-07,24.71
2025-11-08,23.72
2025-11-09,24.04
2025-11-10,23.73
2025-11-11,22.17
2025-11-12,22.25
2025-11-13,21.87
2025-11-14,21.52
2025-11-15,22.36
2025-11-16,21.77
2025-11-17,21.66
2025-11-18,22.42
2025-11-19,23.73
2025-11-20,24.06
2025-11-21,24.11
2025-11-22,23.93
2025-11-23,24.4
2025-11-24,22.29
2025-11-25,21.0
2025-11-26,20.91
2025-11-27,21.98
2025-11-28,21.55
2025-11-29,21.67
2025-11-30,20.36
2025-12-01,20.76
2025-12-02,20.49
2025-12-03,21.15
2025-12-04,21.62
2025-12-05,21.09
2025-12-06,19.57
2025-12-07,17.45
2025-12-08,17.69
2025-12-09,17.32
2025-12-10,18.37
2025-12-11,18.76
2025-12-12,19.12
2025-12-13,18.92
2025-12-14,18.66
2025-12-15,18.9
2025-12-16,18.18
2025-12-17,17.99
2025-12-18,18.44
2025-12-19,18.38
2025-12-20,17.26
2025-12-21,18.14
2025-12-22,16.89
2025-12-23,17.53
2025-12-24,18.34
2025-12-25,18.93
2025-12-26,18.47
2025-12-27,17.89
2025-12-28,17.0
2025-12-29,17.6
2025-12-30,17.06
2025-12-31,16.72
